[0m14:58:09.869100 [debug] [MainThread]: Sending event: {'category': 'dbt', 'action': 'invocation', 'label': 'start', 'context': [<snowplow_tracker.self_describing_json.SelfDescribingJson object at 0x1087742f0>, <snowplow_tracker.self_describing_json.SelfDescribingJson object at 0x109857750>, <snowplow_tracker.self_describing_json.SelfDescribingJson object at 0x1098579d0>]}


============================== 14:58:09.870970 | 5bc901ab-e415-4cea-9243-e13d9b382ceb ==============================
[0m14:58:09.870970 [info ] [MainThread]: Running with dbt=1.11.6
[0m14:58:09.871252 [debug] [MainThread]: running dbt with arguments {'empty': 'None', 'invocation_command': 'dbt init', 'cache_selected_only': 'False', 'warn_error': 'None', 'version_check': 'True', 'write_json': 'True', 'log_format': 'default', 'log_path': 'logs', 'static_parser': 'True', 'printer_width': '80', 'quiet': 'False', 'use_colors': 'True', 'introspect': 'True', 'send_anonymous_usage_stats': 'True', 'log_cache_events': 'False', 'indirect_selection': 'eager', 'debug': 'False', 'fail_fast': 'False', 'no_print': 'None', 'use_experimental_parser': 'False', 'target_path': 'None', 'profiles_dir': '/Users/natanmatos/.dbt', 'partial_parse': 'True', 'warn_error_options': 'WarnErrorOptionsV2(error=[], warn=[], silence=[])'}
[0m14:58:16.734072 [debug] [MainThread]: Starter project path: /Users/natanmatos/.pyenv/versions/3.13.0/envs/deel/lib/python3.13/site-packages/dbt/include/starter_project
[0m14:58:16.745603 [info ] [MainThread]: 
Your new dbt project "deel" was created!

For more information on how to configure the profiles.yml file,
please consult the dbt documentation here:

  https://docs.getdbt.com/docs/configure-your-profile

One more thing:

Need help? Don't hesitate to reach out to us via GitHub issues or on Slack:

  https://community.getdbt.com/

Happy modeling!

[0m14:58:16.746291 [info ] [MainThread]: Setting up your profile.
[0m14:58:20.670256 [debug] [MainThread]: Snowflake adapter: Setting snowflake.connector to ERROR (file logging only)
[0m14:58:20.670554 [debug] [MainThread]: Snowflake adapter: Setting botocore to ERROR (file logging only)
[0m14:58:20.670708 [debug] [MainThread]: Snowflake adapter: Setting boto3 to ERROR (file logging only)
[0m14:58:35.840299 [info ] [MainThread]: Profile deel written to /Users/natanmatos/.dbt/profiles.yml using target's profile_template.yml and your supplied values. Run 'dbt debug' to validate the connection.
[0m14:58:35.846207 [debug] [MainThread]: Resource report: {"command_name": "init", "command_success": true, "command_wall_clock_time": 26.008083, "process_in_blocks": "0", "process_kernel_time": 0.130792, "process_mem_max_rss": "135446528", "process_out_blocks": "0", "process_user_time": 0.753476}
[0m14:58:35.847284 [debug] [MainThread]: Command `dbt init` succeeded at 14:58:35.847152 after 26.01 seconds
[0m14:58:35.847717 [debug] [MainThread]: Sending event: {'category': 'dbt', 'action': 'invocation', 'label': 'end', 'context': [<snowplow_tracker.self_describing_json.SelfDescribingJson object at 0x10a6d4b00>, <snowplow_tracker.self_describing_json.SelfDescribingJson object at 0x10a587bf0>, <snowplow_tracker.self_describing_json.SelfDescribingJson object at 0x10a6b9040>]}
[0m14:58:35.848265 [debug] [MainThread]: Flushing usage events
[0m14:58:37.528015 [debug] [MainThread]: An error was encountered while trying to flush usage events
[0m15:00:32.707184 [debug] [MainThread]: Sending event: {'category': 'dbt', 'action': 'invocation', 'label': 'start', 'context': [<snowplow_tracker.self_describing_json.SelfDescribingJson object at 0x10c26c2f0>, <snowplow_tracker.self_describing_json.SelfDescribingJson object at 0x10d34f750>, <snowplow_tracker.self_describing_json.SelfDescribingJson object at 0x10d34f9d0>]}


============================== 15:00:32.709026 | 2981d37b-5e49-4d8e-82a9-0cbac567bc0a ==============================
[0m15:00:32.709026 [info ] [MainThread]: Running with dbt=1.11.6
[0m15:00:32.709303 [debug] [MainThread]: running dbt with arguments {'target_path': 'None', 'use_colors': 'True', 'log_path': 'logs', 'introspect': 'True', 'partial_parse': 'True', 'invocation_command': 'dbt debug', 'empty': 'None', 'no_print': 'None', 'debug': 'False', 'profiles_dir': '/Users/natanmatos/.dbt', 'static_parser': 'True', 'send_anonymous_usage_stats': 'True', 'cache_selected_only': 'False', 'log_cache_events': 'False', 'version_check': 'True', 'fail_fast': 'False', 'quiet': 'False', 'write_json': 'True', 'use_experimental_parser': 'False', 'indirect_selection': 'eager', 'warn_error': 'None', 'log_format': 'default', 'warn_error_options': 'WarnErrorOptionsV2(error=[], warn=[], silence=[])', 'printer_width': '80'}
[0m15:00:32.713811 [info ] [MainThread]: dbt version: 1.11.6
[0m15:00:32.713958 [info ] [MainThread]: python version: 3.13.0
[0m15:00:32.714144 [info ] [MainThread]: python path: /Users/natanmatos/.pyenv/versions/3.13.0/envs/deel/bin/python
[0m15:00:32.714314 [info ] [MainThread]: os info: macOS-26.4-arm64-arm-64bit-Mach-O
[0m15:00:32.841360 [debug] [MainThread]: Snowflake adapter: Setting snowflake.connector to ERROR (file logging only)
[0m15:00:32.841597 [debug] [MainThread]: Snowflake adapter: Setting botocore to ERROR (file logging only)
[0m15:00:32.841728 [debug] [MainThread]: Snowflake adapter: Setting boto3 to ERROR (file logging only)
[0m15:00:32.867317 [info ] [MainThread]: Using profiles dir at /Users/natanmatos/.dbt
[0m15:00:32.867524 [info ] [MainThread]: Using profiles.yml file at /Users/natanmatos/.dbt/profiles.yml
[0m15:00:32.867662 [info ] [MainThread]: Using dbt_project.yml file at /Users/natanmatos/Documents/deel/deel_chlg/dbt_project.yml
[0m15:00:32.867895 [info ] [MainThread]: adapter type: snowflake
[0m15:00:32.868011 [info ] [MainThread]: adapter version: 1.11.2
[0m15:00:32.868137 [info ] [MainThread]: Configuration:
[0m15:00:32.868251 [info ] [MainThread]:   profiles.yml file [[32mOK found and valid[0m]
[0m15:00:32.868359 [info ] [MainThread]:   dbt_project.yml file [[31mERROR not found[0m]
[0m15:00:32.868468 [info ] [MainThread]: Required dependencies:
[0m15:00:32.868615 [debug] [MainThread]: Executing "git --help"
[0m15:00:32.875500 [debug] [MainThread]: STDOUT: "b"usage: git [-v | --version] [-h | --help] [-C <path>] [-c <name>=<value>]\n           [--exec-path[=<path>]] [--html-path] [--man-path] [--info-path]\n           [-p | --paginate | -P | --no-pager] [--no-replace-objects] [--no-lazy-fetch]\n           [--no-optional-locks] [--no-advice] [--bare] [--git-dir=<path>]\n           [--work-tree=<path>] [--namespace=<name>] [--config-env=<name>=<envvar>]\n           <command> [<args>]\n\nThese are common Git commands used in various situations:\n\nstart a working area (see also: git help tutorial)\n   clone      Clone a repository into a new directory\n   init       Create an empty Git repository or reinitialize an existing one\n\nwork on the current change (see also: git help everyday)\n   add        Add file contents to the index\n   mv         Move or rename a file, a directory, or a symlink\n   restore    Restore working tree files\n   rm         Remove files from the working tree and from the index\n\nexamine the history and state (see also: git help revisions)\n   bisect     Use binary search to find the commit that introduced a bug\n   diff       Show changes between commits, commit and working tree, etc\n   grep       Print lines matching a pattern\n   log        Show commit logs\n   show       Show various types of objects\n   status     Show the working tree status\n\ngrow, mark and tweak your common history\n   backfill   Download missing objects in a partial clone\n   branch     List, create, or delete branches\n   commit     Record changes to the repository\n   merge      Join two or more development histories together\n   rebase     Reapply commits on top of another base tip\n   reset      Set `HEAD` or the index to a known state\n   switch     Switch branches\n   tag        Create, list, delete or verify tags\n\ncollaborate (see also: git help workflows)\n   fetch      Download objects and refs from another repository\n   pull       Fetch from and integrate with another repository or a local branch\n   push       Update remote refs along with associated objects\n\n'git help -a' and 'git help -g' list available subcommands and some\nconcept guides. See 'git help <command>' or 'git help <concept>'\nto read about a specific subcommand or concept.\nSee 'git help git' for an overview of the system.\n""
[0m15:00:32.875931 [debug] [MainThread]: STDERR: "b''"
[0m15:00:32.876101 [info ] [MainThread]:  - git [[32mOK found[0m]

[0m15:00:32.876291 [info ] [MainThread]: Connection:
[0m15:00:32.876458 [info ] [MainThread]:   account: EEYVHCY-TFA55222
[0m15:00:32.876579 [info ] [MainThread]:   user: NATANMATOS
[0m15:00:32.876705 [info ] [MainThread]:   database: DEEL
[0m15:00:32.876862 [info ] [MainThread]:   warehouse: SNOWFLAKE_LEARNING_WH
[0m15:00:32.876978 [info ] [MainThread]:   role: ACCOUNTADMIN
[0m15:00:32.877356 [info ] [MainThread]:   schema: PUBLIC
[0m15:00:32.877646 [info ] [MainThread]:   authenticator: None
[0m15:00:32.877808 [info ] [MainThread]:   oauth_client_id: None
[0m15:00:32.877950 [info ] [MainThread]:   query_tag: None
[0m15:00:32.878075 [info ] [MainThread]:   client_session_keep_alive: False
[0m15:00:32.878195 [info ] [MainThread]:   host: None
[0m15:00:32.878304 [info ] [MainThread]:   port: None
[0m15:00:32.878413 [info ] [MainThread]:   proxy_host: None
[0m15:00:32.878524 [info ] [MainThread]:   proxy_port: None
[0m15:00:32.878634 [info ] [MainThread]:   protocol: None
[0m15:00:32.878742 [info ] [MainThread]:   connect_retries: 1
[0m15:00:32.878854 [info ] [MainThread]:   connect_timeout: None
[0m15:00:32.878962 [info ] [MainThread]:   retry_on_database_errors: False
[0m15:00:32.879083 [info ] [MainThread]:   retry_all: False
[0m15:00:32.879190 [info ] [MainThread]:   insecure_mode: False
[0m15:00:32.879294 [info ] [MainThread]:   reuse_connections: True
[0m15:00:32.879400 [info ] [MainThread]:   s3_stage_vpce_dns_name: None
[0m15:00:32.879509 [info ] [MainThread]:   platform_detection_timeout_seconds: 0.0
[0m15:00:32.879836 [info ] [MainThread]: Registered adapter: snowflake=1.11.2
[0m15:00:32.926346 [debug] [MainThread]: Acquiring new snowflake connection 'debug'
[0m15:00:32.945084 [debug] [MainThread]: Using snowflake connection "debug"
[0m15:00:32.945262 [debug] [MainThread]: On debug: select 1 as id
[0m15:00:32.945388 [debug] [MainThread]: Opening a new connection, currently in state init
[0m15:00:34.236610 [debug] [MainThread]: SQL status: SUCCESS 1 in 1.291 seconds
[0m15:00:34.238926 [info ] [MainThread]:   Connection test: [[32mOK connection ok[0m]

[0m15:00:34.239712 [info ] [MainThread]: [31m1 check failed:[0m
[0m15:00:34.240234 [info ] [MainThread]: Project loading failed for the following reason:
 project path </Users/natanmatos/Documents/deel/deel_chlg/dbt_project.yml> not found

[0m15:00:34.245899 [debug] [MainThread]: Resource report: {"command_name": "debug", "command_success": false, "command_wall_clock_time": 1.569342, "process_in_blocks": "0", "process_kernel_time": 0.15892, "process_mem_max_rss": "158334976", "process_out_blocks": "0", "process_user_time": 0.83877}
[0m15:00:34.246929 [debug] [MainThread]: Command `dbt debug` failed at 15:00:34.246728 after 1.57 seconds
[0m15:00:34.248117 [debug] [MainThread]: Connection 'debug' was left open.
[0m15:00:34.248527 [debug] [MainThread]: On debug: Close
[0m15:00:34.577623 [debug] [MainThread]: Sending event: {'category': 'dbt', 'action': 'invocation', 'label': 'end', 'context': [<snowplow_tracker.self_describing_json.SelfDescribingJson object at 0x10e1e3e10>, <snowplow_tracker.self_describing_json.SelfDescribingJson object at 0x10e242450>, <snowplow_tracker.self_describing_json.SelfDescribingJson object at 0x10e18f460>]}
[0m15:00:34.578809 [debug] [MainThread]: Flushing usage events
[0m15:00:35.285324 [debug] [MainThread]: An error was encountered while trying to flush usage events
[0m15:01:05.357954 [debug] [MainThread]: Sending event: {'category': 'dbt', 'action': 'invocation', 'label': 'start', 'context': [<snowplow_tracker.self_describing_json.SelfDescribingJson object at 0x1086b02f0>, <snowplow_tracker.self_describing_json.SelfDescribingJson object at 0x10978f750>, <snowplow_tracker.self_describing_json.SelfDescribingJson object at 0x10978f9d0>]}


============================== 15:01:05.359872 | 57a25819-cc3c-4574-a645-a1e804a0edcf ==============================
[0m15:01:05.359872 [info ] [MainThread]: Running with dbt=1.11.6
[0m15:01:05.360157 [debug] [MainThread]: running dbt with arguments {'version_check': 'True', 'partial_parse': 'True', 'log_cache_events': 'False', 'static_parser': 'True', 'fail_fast': 'False', 'use_experimental_parser': 'False', 'empty': 'None', 'invocation_command': 'dbt debug', 'quiet': 'False', 'printer_width': '80', 'write_json': 'True', 'send_anonymous_usage_stats': 'True', 'target_path': 'None', 'profiles_dir': '/Users/natanmatos/.dbt', 'no_print': 'None', 'warn_error_options': 'WarnErrorOptionsV2(error=[], warn=[], silence=[])', 'cache_selected_only': 'False', 'use_colors': 'True', 'debug': 'False', 'warn_error': 'None', 'introspect': 'True', 'indirect_selection': 'eager', 'log_format': 'default', 'log_path': '/Users/natanmatos/Documents/deel/deel_chlg/logs'}
[0m15:01:05.364572 [info ] [MainThread]: dbt version: 1.11.6
[0m15:01:05.364724 [info ] [MainThread]: python version: 3.13.0
[0m15:01:05.364893 [info ] [MainThread]: python path: /Users/natanmatos/.pyenv/versions/3.13.0/envs/deel/bin/python
[0m15:01:05.365085 [info ] [MainThread]: os info: macOS-26.4-arm64-arm-64bit-Mach-O
[0m15:01:05.491593 [debug] [MainThread]: Snowflake adapter: Setting snowflake.connector to ERROR (file logging only)
[0m15:01:05.491831 [debug] [MainThread]: Snowflake adapter: Setting botocore to ERROR (file logging only)
[0m15:01:05.491961 [debug] [MainThread]: Snowflake adapter: Setting boto3 to ERROR (file logging only)
[0m15:01:05.515884 [info ] [MainThread]: Using profiles dir at /Users/natanmatos/.dbt
[0m15:01:05.516073 [info ] [MainThread]: Using profiles.yml file at /Users/natanmatos/.dbt/profiles.yml
[0m15:01:05.516208 [info ] [MainThread]: Using dbt_project.yml file at /Users/natanmatos/Documents/deel/deel_chlg/dbt_project.yml
[0m15:01:05.516404 [info ] [MainThread]: adapter type: snowflake
[0m15:01:05.516526 [info ] [MainThread]: adapter version: 1.11.2
[0m15:01:05.558032 [info ] [MainThread]: Configuration:
[0m15:01:05.558274 [info ] [MainThread]:   profiles.yml file [[32mOK found and valid[0m]
[0m15:01:05.558411 [info ] [MainThread]:   dbt_project.yml file [[32mOK found and valid[0m]
[0m15:01:05.558529 [info ] [MainThread]: Required dependencies:
[0m15:01:05.558695 [debug] [MainThread]: Executing "git --help"
[0m15:01:05.565911 [debug] [MainThread]: STDOUT: "b"usage: git [-v | --version] [-h | --help] [-C <path>] [-c <name>=<value>]\n           [--exec-path[=<path>]] [--html-path] [--man-path] [--info-path]\n           [-p | --paginate | -P | --no-pager] [--no-replace-objects] [--no-lazy-fetch]\n           [--no-optional-locks] [--no-advice] [--bare] [--git-dir=<path>]\n           [--work-tree=<path>] [--namespace=<name>] [--config-env=<name>=<envvar>]\n           <command> [<args>]\n\nThese are common Git commands used in various situations:\n\nstart a working area (see also: git help tutorial)\n   clone      Clone a repository into a new directory\n   init       Create an empty Git repository or reinitialize an existing one\n\nwork on the current change (see also: git help everyday)\n   add        Add file contents to the index\n   mv         Move or rename a file, a directory, or a symlink\n   restore    Restore working tree files\n   rm         Remove files from the working tree and from the index\n\nexamine the history and state (see also: git help revisions)\n   bisect     Use binary search to find the commit that introduced a bug\n   diff       Show changes between commits, commit and working tree, etc\n   grep       Print lines matching a pattern\n   log        Show commit logs\n   show       Show various types of objects\n   status     Show the working tree status\n\ngrow, mark and tweak your common history\n   backfill   Download missing objects in a partial clone\n   branch     List, create, or delete branches\n   commit     Record changes to the repository\n   merge      Join two or more development histories together\n   rebase     Reapply commits on top of another base tip\n   reset      Set `HEAD` or the index to a known state\n   switch     Switch branches\n   tag        Create, list, delete or verify tags\n\ncollaborate (see also: git help workflows)\n   fetch      Download objects and refs from another repository\n   pull       Fetch from and integrate with another repository or a local branch\n   push       Update remote refs along with associated objects\n\n'git help -a' and 'git help -g' list available subcommands and some\nconcept guides. See 'git help <command>' or 'git help <concept>'\nto read about a specific subcommand or concept.\nSee 'git help git' for an overview of the system.\n""
[0m15:01:05.566329 [debug] [MainThread]: STDERR: "b''"
[0m15:01:05.566469 [info ] [MainThread]:  - git [[32mOK found[0m]

[0m15:01:05.566623 [info ] [MainThread]: Connection:
[0m15:01:05.566773 [info ] [MainThread]:   account: EEYVHCY-TFA55222
[0m15:01:05.566887 [info ] [MainThread]:   user: NATANMATOS
[0m15:01:05.567000 [info ] [MainThread]:   database: DEEL
[0m15:01:05.567110 [info ] [MainThread]:   warehouse: SNOWFLAKE_LEARNING_WH
[0m15:01:05.567218 [info ] [MainThread]:   role: ACCOUNTADMIN
[0m15:01:05.567324 [info ] [MainThread]:   schema: PUBLIC
[0m15:01:05.567436 [info ] [MainThread]:   authenticator: None
[0m15:01:05.567541 [info ] [MainThread]:   oauth_client_id: None
[0m15:01:05.567649 [info ] [MainThread]:   query_tag: None
[0m15:01:05.567757 [info ] [MainThread]:   client_session_keep_alive: False
[0m15:01:05.567863 [info ] [MainThread]:   host: None
[0m15:01:05.567971 [info ] [MainThread]:   port: None
[0m15:01:05.568075 [info ] [MainThread]:   proxy_host: None
[0m15:01:05.568184 [info ] [MainThread]:   proxy_port: None
[0m15:01:05.568290 [info ] [MainThread]:   protocol: None
[0m15:01:05.568395 [info ] [MainThread]:   connect_retries: 1
[0m15:01:05.568503 [info ] [MainThread]:   connect_timeout: None
[0m15:01:05.568607 [info ] [MainThread]:   retry_on_database_errors: False
[0m15:01:05.568714 [info ] [MainThread]:   retry_all: False
[0m15:01:05.568821 [info ] [MainThread]:   insecure_mode: False
[0m15:01:05.568925 [info ] [MainThread]:   reuse_connections: True
[0m15:01:05.569031 [info ] [MainThread]:   s3_stage_vpce_dns_name: None
[0m15:01:05.569140 [info ] [MainThread]:   platform_detection_timeout_seconds: 0.0
[0m15:01:05.569464 [info ] [MainThread]: Registered adapter: snowflake=1.11.2
[0m15:01:05.616409 [debug] [MainThread]: Acquiring new snowflake connection 'debug'
[0m15:01:05.636779 [debug] [MainThread]: Using snowflake connection "debug"
[0m15:01:05.637031 [debug] [MainThread]: On debug: select 1 as id
[0m15:01:05.637147 [debug] [MainThread]: Opening a new connection, currently in state init
[0m15:01:06.807658 [debug] [MainThread]: SQL status: SUCCESS 1 in 1.170 seconds
[0m15:01:06.809871 [info ] [MainThread]:   Connection test: [[32mOK connection ok[0m]

[0m15:01:06.810816 [info ] [MainThread]: [32mAll checks passed![0m
[0m15:01:06.816544 [debug] [MainThread]: Resource report: {"command_name": "debug", "command_success": true, "command_wall_clock_time": 1.4879555, "process_in_blocks": "0", "process_kernel_time": 0.153602, "process_mem_max_rss": "160038912", "process_out_blocks": "0", "process_user_time": 0.861637}
[0m15:01:06.817894 [debug] [MainThread]: Command `dbt debug` succeeded at 15:01:06.817494 after 1.49 seconds
[0m15:01:06.818562 [debug] [MainThread]: Connection 'debug' was left open.
[0m15:01:06.818968 [debug] [MainThread]: On debug: Close
[0m15:01:07.166148 [debug] [MainThread]: Sending event: {'category': 'dbt', 'action': 'invocation', 'label': 'end', 'context': [<snowplow_tracker.self_describing_json.SelfDescribingJson object at 0x10aa54770>, <snowplow_tracker.self_describing_json.SelfDescribingJson object at 0x10a711eb0>, <snowplow_tracker.self_describing_json.SelfDescribingJson object at 0x10a5ce470>]}
[0m15:01:07.166738 [debug] [MainThread]: Flushing usage events
[0m15:01:07.838490 [debug] [MainThread]: An error was encountered while trying to flush usage events
[0m15:01:11.952211 [debug] [MainThread]: Sending event: {'category': 'dbt', 'action': 'invocation', 'label': 'start', 'context': [<snowplow_tracker.self_describing_json.SelfDescribingJson object at 0x10c8842f0>, <snowplow_tracker.self_describing_json.SelfDescribingJson object at 0x10d96f750>, <snowplow_tracker.self_describing_json.SelfDescribingJson object at 0x10d96f9d0>]}


============================== 15:01:11.954162 | 1b252e58-1763-4ecb-98b8-f073a2efbd6e ==============================
[0m15:01:11.954162 [info ] [MainThread]: Running with dbt=1.11.6
[0m15:01:11.954444 [debug] [MainThread]: running dbt with arguments {'static_parser': 'True', 'quiet': 'False', 'log_format': 'default', 'fail_fast': 'False', 'profiles_dir': '/Users/natanmatos/.dbt', 'no_print': 'None', 'warn_error_options': 'WarnErrorOptionsV2(error=[], warn=[], silence=[])', 'use_experimental_parser': 'False', 'indirect_selection': 'eager', 'write_json': 'True', 'debug': 'False', 'empty': 'False', 'log_path': '/Users/natanmatos/Documents/deel/deel_chlg/logs', 'log_cache_events': 'False', 'send_anonymous_usage_stats': 'True', 'printer_width': '80', 'version_check': 'True', 'invocation_command': 'dbt run', 'introspect': 'True', 'cache_selected_only': 'False', 'target_path': 'None', 'use_colors': 'True', 'partial_parse': 'True', 'warn_error': 'None'}
[0m15:01:12.081843 [debug] [MainThread]: Snowflake adapter: Setting snowflake.connector to ERROR (file logging only)
[0m15:01:12.082076 [debug] [MainThread]: Snowflake adapter: Setting botocore to ERROR (file logging only)
[0m15:01:12.082203 [debug] [MainThread]: Snowflake adapter: Setting boto3 to ERROR (file logging only)
[0m15:01:12.157089 [debug] [MainThread]: Sending event: {'category': 'dbt', 'action': 'project_id', 'label': '1b252e58-1763-4ecb-98b8-f073a2efbd6e', 'context': [<snowplow_tracker.self_describing_json.SelfDescribingJson object at 0x10cc9cfc0>]}
[0m15:01:12.184728 [debug] [MainThread]: Sending event: {'category': 'dbt', 'action': 'adapter_info', 'label': '1b252e58-1763-4ecb-98b8-f073a2efbd6e', 'context': [<snowplow_tracker.self_describing_json.SelfDescribingJson object at 0x10e5da8b0>]}
[0m15:01:12.185218 [info ] [MainThread]: Registered adapter: snowflake=1.11.2
[0m15:01:12.237905 [debug] [MainThread]: checksum: ec27062d18352e9cfca161c166fcc73d2201661a23a3cf3c89196a27f32cfcb8, vars: {}, profile: , target: , version: 1.11.6
[0m15:01:12.238386 [info ] [MainThread]: Unable to do partial parsing because saved manifest not found. Starting full parse.
[0m15:01:12.238571 [debug] [MainThread]: Sending event: {'category': 'dbt', 'action': 'partial_parser', 'label': '1b252e58-1763-4ecb-98b8-f073a2efbd6e', 'context': [<snowplow_tracker.self_describing_json.SelfDescribingJson object at 0x10e5ba950>]}
[0m15:01:12.603125 [warn ] [MainThread]: [[33mWARNING[0m]: Configuration paths exist in your dbt_project.yml file which do not apply to any resources.
There are 1 unused configuration paths:
- models.deel.example
[0m15:01:12.605290 [debug] [MainThread]: Sending event: {'category': 'dbt', 'action': 'load_project', 'label': '1b252e58-1763-4ecb-98b8-f073a2efbd6e', 'context': [<snowplow_tracker.self_describing_json.SelfDescribingJson object at 0x10c19b110>]}
[0m15:01:12.623440 [debug] [MainThread]: Wrote artifact WritableManifest to /Users/natanmatos/Documents/deel/deel_chlg/target/manifest.json
[0m15:01:12.624620 [debug] [MainThread]: Wrote artifact SemanticManifest to /Users/natanmatos/Documents/deel/deel_chlg/target/semantic_manifest.json
[0m15:01:12.632101 [debug] [MainThread]: Sending event: {'category': 'dbt', 'action': 'resource_counts', 'label': '1b252e58-1763-4ecb-98b8-f073a2efbd6e', 'context': [<snowplow_tracker.self_describing_json.SelfDescribingJson object at 0x10ec575b0>]}
[0m15:01:12.632362 [info ] [MainThread]: Found 522 macros
[0m15:01:12.632521 [debug] [MainThread]: Sending event: {'category': 'dbt', 'action': 'runnable_timing', 'label': '1b252e58-1763-4ecb-98b8-f073a2efbd6e', 'context': [<snowplow_tracker.self_describing_json.SelfDescribingJson object at 0x10eb83ad0>]}
[0m15:01:12.633183 [warn ] [MainThread]: Nothing to do. Try checking your model configs and model specification args
[0m15:01:12.633420 [debug] [MainThread]: Command end result
[0m15:01:12.642683 [debug] [MainThread]: Wrote artifact WritableManifest to /Users/natanmatos/Documents/deel/deel_chlg/target/manifest.json
[0m15:01:12.643428 [debug] [MainThread]: Wrote artifact SemanticManifest to /Users/natanmatos/Documents/deel/deel_chlg/target/semantic_manifest.json
[0m15:01:12.644959 [debug] [MainThread]: Wrote artifact RunExecutionResult to /Users/natanmatos/Documents/deel/deel_chlg/target/run_results.json
[0m15:01:12.646514 [debug] [MainThread]: Resource report: {"command_name": "run", "command_success": true, "command_wall_clock_time": 0.7258387, "process_in_blocks": "0", "process_kernel_time": 0.146071, "process_mem_max_rss": "149307392", "process_out_blocks": "0", "process_user_time": 1.190657}
[0m15:01:12.646804 [debug] [MainThread]: Command `dbt run` succeeded at 15:01:12.646762 after 0.73 seconds
[0m15:01:12.646972 [debug] [MainThread]: Sending event: {'category': 'dbt', 'action': 'invocation', 'label': 'end', 'context': [<snowplow_tracker.self_describing_json.SelfDescribingJson object at 0x10d7d9850>, <snowplow_tracker.self_describing_json.SelfDescribingJson object at 0x10ec266d0>, <snowplow_tracker.self_describing_json.SelfDescribingJson object at 0x10ec26780>]}
[0m15:01:12.647112 [debug] [MainThread]: Flushing usage events
[0m15:01:13.317195 [debug] [MainThread]: An error was encountered while trying to flush usage events
[0m15:23:33.174565 [debug] [MainThread]: Sending event: {'category': 'dbt', 'action': 'invocation', 'label': 'start', 'context': [<snowplow_tracker.self_describing_json.SelfDescribingJson object at 0x10ab4c2f0>, <snowplow_tracker.self_describing_json.SelfDescribingJson object at 0x10bc2f750>, <snowplow_tracker.self_describing_json.SelfDescribingJson object at 0x10bc2f9d0>]}


============================== 15:23:33.177120 | d0798340-765e-4b63-86fb-7bdda8377225 ==============================
[0m15:23:33.177120 [info ] [MainThread]: Running with dbt=1.11.6
[0m15:23:33.177395 [debug] [MainThread]: running dbt with arguments {'static_parser': 'True', 'profiles_dir': '/Users/natanmatos/.dbt', 'indirect_selection': 'eager', 'use_experimental_parser': 'False', 'introspect': 'True', 'log_format': 'default', 'warn_error_options': 'WarnErrorOptionsV2(error=[], warn=[], silence=[])', 'version_check': 'True', 'use_colors': 'True', 'write_json': 'True', 'log_cache_events': 'False', 'debug': 'False', 'target_path': 'None', 'no_print': 'None', 'fail_fast': 'False', 'empty': 'None', 'send_anonymous_usage_stats': 'True', 'log_path': '/Users/natanmatos/Documents/deel/deel_chlg/logs', 'partial_parse': 'True', 'cache_selected_only': 'False', 'printer_width': '80', 'quiet': 'False', 'invocation_command': 'dbt source freshness', 'warn_error': 'None'}
[0m15:23:33.381634 [debug] [MainThread]: Snowflake adapter: Setting snowflake.connector to ERROR (file logging only)
[0m15:23:33.381865 [debug] [MainThread]: Snowflake adapter: Setting botocore to ERROR (file logging only)
[0m15:23:33.381995 [debug] [MainThread]: Snowflake adapter: Setting boto3 to ERROR (file logging only)
[0m15:23:33.458968 [debug] [MainThread]: Sending event: {'category': 'dbt', 'action': 'project_id', 'label': 'd0798340-765e-4b63-86fb-7bdda8377225', 'context': [<snowplow_tracker.self_describing_json.SelfDescribingJson object at 0x10af60fc0>]}
[0m15:23:33.485175 [debug] [MainThread]: Sending event: {'category': 'dbt', 'action': 'adapter_info', 'label': 'd0798340-765e-4b63-86fb-7bdda8377225', 'context': [<snowplow_tracker.self_describing_json.SelfDescribingJson object at 0x10c89e8b0>]}
[0m15:23:33.485621 [info ] [MainThread]: Registered adapter: snowflake=1.11.2
[0m15:23:33.538167 [debug] [MainThread]: checksum: ec27062d18352e9cfca161c166fcc73d2201661a23a3cf3c89196a27f32cfcb8, vars: {}, profile: , target: , version: 1.11.6
[0m15:23:33.574137 [debug] [MainThread]: Partial parsing enabled: 0 files deleted, 0 files added, 0 files changed.
[0m15:23:33.574305 [debug] [MainThread]: Nothing changed, skipping partial parsing.
[0m15:23:33.574419 [debug] [MainThread]: Partial parsing enabled, no changes found, skipping parsing
[0m15:23:33.574661 [warn ] [MainThread]: [[33mWARNING[0m]: Configuration paths exist in your dbt_project.yml file which do not apply to any resources.
There are 1 unused configuration paths:
- models.deel.example
[0m15:23:33.577005 [debug] [MainThread]: Sending event: {'category': 'dbt', 'action': 'load_project', 'label': 'd0798340-765e-4b63-86fb-7bdda8377225', 'context': [<snowplow_tracker.self_describing_json.SelfDescribingJson object at 0x10ce0a350>]}
[0m15:23:33.596170 [debug] [MainThread]: Wrote artifact WritableManifest to /Users/natanmatos/Documents/deel/deel_chlg/target/manifest.json
[0m15:23:33.597414 [debug] [MainThread]: Wrote artifact SemanticManifest to /Users/natanmatos/Documents/deel/deel_chlg/target/semantic_manifest.json
[0m15:23:33.607964 [debug] [MainThread]: Sending event: {'category': 'dbt', 'action': 'resource_counts', 'label': 'd0798340-765e-4b63-86fb-7bdda8377225', 'context': [<snowplow_tracker.self_describing_json.SelfDescribingJson object at 0x10b45eb70>]}
[0m15:23:33.608168 [info ] [MainThread]: Found 522 macros
[0m15:23:33.608308 [debug] [MainThread]: Sending event: {'category': 'dbt', 'action': 'runnable_timing', 'label': 'd0798340-765e-4b63-86fb-7bdda8377225', 'context': [<snowplow_tracker.self_describing_json.SelfDescribingJson object at 0x10cf2f930>]}
[0m15:23:33.608903 [warn ] [MainThread]: Nothing to do. Try checking your model configs and model specification args
[0m15:23:33.618910 [debug] [MainThread]: Wrote artifact WritableManifest to /Users/natanmatos/Documents/deel/deel_chlg/target/manifest.json
[0m15:23:33.619718 [debug] [MainThread]: Wrote artifact SemanticManifest to /Users/natanmatos/Documents/deel/deel_chlg/target/semantic_manifest.json
[0m15:23:33.621253 [debug] [MainThread]: Wrote artifact FreshnessResult to /Users/natanmatos/Documents/deel/deel_chlg/target/sources.json
[0m15:23:33.621380 [info ] [MainThread]: Done.
[0m15:23:33.623102 [debug] [MainThread]: Resource report: {"command_name": "freshness", "command_success": true, "command_wall_clock_time": 0.48089555, "process_in_blocks": "0", "process_kernel_time": 0.167182, "process_mem_max_rss": "148471808", "process_out_blocks": "0", "process_user_time": 0.872267}
[0m15:23:33.623381 [debug] [MainThread]: Command `dbt source freshness` succeeded at 15:23:33.623340 after 0.48 seconds
[0m15:23:33.623551 [debug] [MainThread]: Sending event: {'category': 'dbt', 'action': 'invocation', 'label': 'end', 'context': [<snowplow_tracker.self_describing_json.SelfDescribingJson object at 0x10cf3bad0>, <snowplow_tracker.self_describing_json.SelfDescribingJson object at 0x10ba9d850>, <snowplow_tracker.self_describing_json.SelfDescribingJson object at 0x10cf48f50>]}
[0m15:23:33.623695 [debug] [MainThread]: Flushing usage events
[0m15:23:34.698377 [debug] [MainThread]: An error was encountered while trying to flush usage events
[0m16:21:01.813149 [debug] [MainThread]: Sending event: {'category': 'dbt', 'action': 'invocation', 'label': 'start', 'context': [<snowplow_tracker.self_describing_json.SelfDescribingJson object at 0x1085142f0>, <snowplow_tracker.self_describing_json.SelfDescribingJson object at 0x1095ff750>, <snowplow_tracker.self_describing_json.SelfDescribingJson object at 0x1095ff9d0>]}


============================== 16:21:01.816082 | bb082607-ccb6-40e0-a939-0a87d6115ab1 ==============================
[0m16:21:01.816082 [info ] [MainThread]: Running with dbt=1.11.6
[0m16:21:01.816414 [debug] [MainThread]: running dbt with arguments {'fail_fast': 'False', 'send_anonymous_usage_stats': 'True', 'profiles_dir': '/Users/natanmatos/.dbt', 'static_parser': 'True', 'introspect': 'True', 'write_json': 'True', 'version_check': 'True', 'quiet': 'False', 'cache_selected_only': 'False', 'warn_error_options': 'WarnErrorOptionsV2(error=[], warn=[], silence=[])', 'warn_error': 'None', 'partial_parse': 'True', 'log_path': '/Users/natanmatos/Documents/deel/deel_chlg/logs', 'empty': 'False', 'no_print': 'None', 'log_format': 'default', 'printer_width': '80', 'debug': 'False', 'indirect_selection': 'eager', 'target_path': 'None', 'invocation_command': 'dbt run', 'use_colors': 'True', 'use_experimental_parser': 'False', 'log_cache_events': 'False'}
[0m16:21:02.021456 [debug] [MainThread]: Snowflake adapter: Setting snowflake.connector to ERROR (file logging only)
[0m16:21:02.021695 [debug] [MainThread]: Snowflake adapter: Setting botocore to ERROR (file logging only)
[0m16:21:02.021827 [debug] [MainThread]: Snowflake adapter: Setting boto3 to ERROR (file logging only)
[0m16:21:02.099184 [debug] [MainThread]: Sending event: {'category': 'dbt', 'action': 'project_id', 'label': 'bb082607-ccb6-40e0-a939-0a87d6115ab1', 'context': [<snowplow_tracker.self_describing_json.SelfDescribingJson object at 0x10892cfc0>]}
[0m16:21:02.125663 [debug] [MainThread]: Sending event: {'category': 'dbt', 'action': 'adapter_info', 'label': 'bb082607-ccb6-40e0-a939-0a87d6115ab1', 'context': [<snowplow_tracker.self_describing_json.SelfDescribingJson object at 0x10a26a8b0>]}
[0m16:21:02.126111 [info ] [MainThread]: Registered adapter: snowflake=1.11.2
[0m16:21:02.180101 [debug] [MainThread]: checksum: ec27062d18352e9cfca161c166fcc73d2201661a23a3cf3c89196a27f32cfcb8, vars: {}, profile: , target: , version: 1.11.6
[0m16:21:02.216689 [debug] [MainThread]: Partial parsing enabled: 0 files deleted, 0 files added, 0 files changed.
[0m16:21:02.216883 [debug] [MainThread]: Nothing changed, skipping partial parsing.
[0m16:21:02.216995 [debug] [MainThread]: Partial parsing enabled, no changes found, skipping parsing
[0m16:21:02.217248 [warn ] [MainThread]: [[33mWARNING[0m]: Configuration paths exist in your dbt_project.yml file which do not apply to any resources.
There are 1 unused configuration paths:
- models.deel.example
[0m16:21:02.219605 [debug] [MainThread]: Sending event: {'category': 'dbt', 'action': 'load_project', 'label': 'bb082607-ccb6-40e0-a939-0a87d6115ab1', 'context': [<snowplow_tracker.self_describing_json.SelfDescribingJson object at 0x10a7d6450>]}
[0m16:21:02.239751 [debug] [MainThread]: Wrote artifact WritableManifest to /Users/natanmatos/Documents/deel/deel_chlg/target/manifest.json
[0m16:21:02.241000 [debug] [MainThread]: Wrote artifact SemanticManifest to /Users/natanmatos/Documents/deel/deel_chlg/target/semantic_manifest.json
[0m16:21:02.251678 [debug] [MainThread]: Sending event: {'category': 'dbt', 'action': 'resource_counts', 'label': 'bb082607-ccb6-40e0-a939-0a87d6115ab1', 'context': [<snowplow_tracker.self_describing_json.SelfDescribingJson object at 0x108e2ab70>]}
[0m16:21:02.251899 [info ] [MainThread]: Found 522 macros
[0m16:21:02.252280 [debug] [MainThread]: Sending event: {'category': 'dbt', 'action': 'runnable_timing', 'label': 'bb082607-ccb6-40e0-a939-0a87d6115ab1', 'context': [<snowplow_tracker.self_describing_json.SelfDescribingJson object at 0x10a8f1470>]}
[0m16:21:02.252909 [warn ] [MainThread]: Nothing to do. Try checking your model configs and model specification args
[0m16:21:02.253720 [debug] [MainThread]: Command end result
[0m16:21:02.263855 [debug] [MainThread]: Wrote artifact WritableManifest to /Users/natanmatos/Documents/deel/deel_chlg/target/manifest.json
[0m16:21:02.264646 [debug] [MainThread]: Wrote artifact SemanticManifest to /Users/natanmatos/Documents/deel/deel_chlg/target/semantic_manifest.json
[0m16:21:02.266090 [debug] [MainThread]: Wrote artifact RunExecutionResult to /Users/natanmatos/Documents/deel/deel_chlg/target/run_results.json
[0m16:21:02.267796 [debug] [MainThread]: Resource report: {"command_name": "run", "command_success": true, "command_wall_clock_time": 0.50183064, "process_in_blocks": "0", "process_kernel_time": 0.170234, "process_mem_max_rss": "148619264", "process_out_blocks": "0", "process_user_time": 0.875489}
[0m16:21:02.268120 [debug] [MainThread]: Command `dbt run` succeeded at 16:21:02.268070 after 0.50 seconds
[0m16:21:02.268311 [debug] [MainThread]: Sending event: {'category': 'dbt', 'action': 'invocation', 'label': 'end', 'context': [<snowplow_tracker.self_describing_json.SelfDescribingJson object at 0x10a90fd40>, <snowplow_tracker.self_describing_json.SelfDescribingJson object at 0x109469850>, <snowplow_tracker.self_describing_json.SelfDescribingJson object at 0x10a915550>]}
[0m16:21:02.268467 [debug] [MainThread]: Flushing usage events
[0m16:21:03.184816 [debug] [MainThread]: An error was encountered while trying to flush usage events
[0m16:21:39.388352 [debug] [MainThread]: Sending event: {'category': 'dbt', 'action': 'invocation', 'label': 'start', 'context': [<snowplow_tracker.self_describing_json.SelfDescribingJson object at 0x1089942f0>, <snowplow_tracker.self_describing_json.SelfDescribingJson object at 0x109a7f750>, <snowplow_tracker.self_describing_json.SelfDescribingJson object at 0x109a7f9d0>]}


============================== 16:21:39.390337 | 904ca7bb-dbf4-4123-a6b0-5491732d0790 ==============================
[0m16:21:39.390337 [info ] [MainThread]: Running with dbt=1.11.6
[0m16:21:39.390628 [debug] [MainThread]: running dbt with arguments {'send_anonymous_usage_stats': 'True', 'quiet': 'False', 'warn_error_options': 'WarnErrorOptionsV2(error=[], warn=[], silence=[])', 'target_path': 'None', 'write_json': 'True', 'fail_fast': 'False', 'printer_width': '80', 'partial_parse': 'True', 'log_cache_events': 'False', 'cache_selected_only': 'False', 'profiles_dir': '/Users/natanmatos/.dbt', 'log_path': '/Users/natanmatos/Documents/deel/deel_chlg/logs', 'log_format': 'default', 'empty': 'False', 'version_check': 'True', 'debug': 'False', 'use_colors': 'True', 'no_print': 'None', 'static_parser': 'True', 'introspect': 'True', 'indirect_selection': 'eager', 'use_experimental_parser': 'False', 'invocation_command': 'dbt run --select deel/models/staging', 'warn_error': 'None'}
[0m16:21:39.522430 [debug] [MainThread]: Snowflake adapter: Setting snowflake.connector to ERROR (file logging only)
[0m16:21:39.522670 [debug] [MainThread]: Snowflake adapter: Setting botocore to ERROR (file logging only)
[0m16:21:39.522806 [debug] [MainThread]: Snowflake adapter: Setting boto3 to ERROR (file logging only)
[0m16:21:39.593359 [debug] [MainThread]: Sending event: {'category': 'dbt', 'action': 'project_id', 'label': '904ca7bb-dbf4-4123-a6b0-5491732d0790', 'context': [<snowplow_tracker.self_describing_json.SelfDescribingJson object at 0x108dacfc0>]}
[0m16:21:39.619369 [debug] [MainThread]: Sending event: {'category': 'dbt', 'action': 'adapter_info', 'label': '904ca7bb-dbf4-4123-a6b0-5491732d0790', 'context': [<snowplow_tracker.self_describing_json.SelfDescribingJson object at 0x10a6ea8b0>]}
[0m16:21:39.619753 [info ] [MainThread]: Registered adapter: snowflake=1.11.2
[0m16:21:39.670478 [debug] [MainThread]: checksum: ec27062d18352e9cfca161c166fcc73d2201661a23a3cf3c89196a27f32cfcb8, vars: {}, profile: , target: , version: 1.11.6
[0m16:21:39.698263 [debug] [MainThread]: Partial parsing enabled: 0 files deleted, 0 files added, 0 files changed.
[0m16:21:39.698503 [debug] [MainThread]: Nothing changed, skipping partial parsing.
[0m16:21:39.698668 [debug] [MainThread]: Partial parsing enabled, no changes found, skipping parsing
[0m16:21:39.698982 [warn ] [MainThread]: [[33mWARNING[0m]: Configuration paths exist in your dbt_project.yml file which do not apply to any resources.
There are 1 unused configuration paths:
- models.deel.example
[0m16:21:39.701493 [debug] [MainThread]: Sending event: {'category': 'dbt', 'action': 'load_project', 'label': '904ca7bb-dbf4-4123-a6b0-5491732d0790', 'context': [<snowplow_tracker.self_describing_json.SelfDescribingJson object at 0x10ac56450>]}
[0m16:21:39.720526 [debug] [MainThread]: Wrote artifact WritableManifest to /Users/natanmatos/Documents/deel/deel_chlg/target/manifest.json
[0m16:21:39.721468 [debug] [MainThread]: Wrote artifact SemanticManifest to /Users/natanmatos/Documents/deel/deel_chlg/target/semantic_manifest.json
[0m16:21:39.727664 [debug] [MainThread]: Sending event: {'category': 'dbt', 'action': 'resource_counts', 'label': '904ca7bb-dbf4-4123-a6b0-5491732d0790', 'context': [<snowplow_tracker.self_describing_json.SelfDescribingJson object at 0x1092aab70>]}
[0m16:21:39.727872 [info ] [MainThread]: Found 522 macros
[0m16:21:39.728254 [debug] [MainThread]: Sending event: {'category': 'dbt', 'action': 'runnable_timing', 'label': '904ca7bb-dbf4-4123-a6b0-5491732d0790', 'context': [<snowplow_tracker.self_describing_json.SelfDescribingJson object at 0x10ad71470>]}
[0m16:21:39.728562 [warn ] [MainThread]: The selection criterion 'deel/models/staging' does not match any enabled nodes
[0m16:21:39.729044 [warn ] [MainThread]: Nothing to do. Try checking your model configs and model specification args
[0m16:21:39.729806 [debug] [MainThread]: Command end result
[0m16:21:39.739775 [debug] [MainThread]: Wrote artifact WritableManifest to /Users/natanmatos/Documents/deel/deel_chlg/target/manifest.json
[0m16:21:39.740683 [debug] [MainThread]: Wrote artifact SemanticManifest to /Users/natanmatos/Documents/deel/deel_chlg/target/semantic_manifest.json
[0m16:21:39.742069 [debug] [MainThread]: Wrote artifact RunExecutionResult to /Users/natanmatos/Documents/deel/deel_chlg/target/run_results.json
[0m16:21:39.743450 [debug] [MainThread]: Resource report: {"command_name": "run", "command_success": true, "command_wall_clock_time": 0.38655853, "process_in_blocks": "0", "process_kernel_time": 0.141498, "process_mem_max_rss": "148570112", "process_out_blocks": "0", "process_user_time": 0.862228}
[0m16:21:39.743686 [debug] [MainThread]: Command `dbt run` succeeded at 16:21:39.743649 after 0.39 seconds
[0m16:21:39.743850 [debug] [MainThread]: Sending event: {'category': 'dbt', 'action': 'invocation', 'label': 'end', 'context': [<snowplow_tracker.self_describing_json.SelfDescribingJson object at 0x10ad8fd40>, <snowplow_tracker.self_describing_json.SelfDescribingJson object at 0x1098e9850>, <snowplow_tracker.self_describing_json.SelfDescribingJson object at 0x10aa85550>]}
[0m16:21:39.743993 [debug] [MainThread]: Flushing usage events
[0m16:21:40.398901 [debug] [MainThread]: An error was encountered while trying to flush usage events
[0m16:22:43.637069 [debug] [MainThread]: Sending event: {'category': 'dbt', 'action': 'invocation', 'label': 'start', 'context': [<snowplow_tracker.self_describing_json.SelfDescribingJson object at 0x10a7742f0>, <snowplow_tracker.self_describing_json.SelfDescribingJson object at 0x10b85b750>, <snowplow_tracker.self_describing_json.SelfDescribingJson object at 0x10b85b9d0>]}


============================== 16:22:43.639115 | cd5aaf73-d603-42aa-b120-d99d75fd8fb5 ==============================
[0m16:22:43.639115 [info ] [MainThread]: Running with dbt=1.11.6
[0m16:22:43.639402 [debug] [MainThread]: running dbt with arguments {'fail_fast': 'False', 'target_path': 'None', 'use_experimental_parser': 'False', 'warn_error_options': 'WarnErrorOptionsV2(error=[], warn=[], silence=[])', 'log_format': 'default', 'log_path': '/Users/natanmatos/Documents/deel/deel_chlg/logs', 'log_cache_events': 'False', 'indirect_selection': 'eager', 'quiet': 'False', 'partial_parse': 'True', 'send_anonymous_usage_stats': 'True', 'version_check': 'True', 'static_parser': 'True', 'empty': 'False', 'no_print': 'None', 'invocation_command': 'dbt run --select deel/models/staging/stg_globepay_acceptance.sql', 'warn_error': 'None', 'debug': 'False', 'use_colors': 'True', 'introspect': 'True', 'cache_selected_only': 'False', 'printer_width': '80', 'write_json': 'True', 'profiles_dir': '/Users/natanmatos/.dbt'}
[0m16:22:43.769368 [debug] [MainThread]: Snowflake adapter: Setting snowflake.connector to ERROR (file logging only)
[0m16:22:43.769606 [debug] [MainThread]: Snowflake adapter: Setting botocore to ERROR (file logging only)
[0m16:22:43.769744 [debug] [MainThread]: Snowflake adapter: Setting boto3 to ERROR (file logging only)
[0m16:22:43.840407 [debug] [MainThread]: Sending event: {'category': 'dbt', 'action': 'project_id', 'label': 'cd5aaf73-d603-42aa-b120-d99d75fd8fb5', 'context': [<snowplow_tracker.self_describing_json.SelfDescribingJson object at 0x10ab88fc0>]}
[0m16:22:43.867015 [debug] [MainThread]: Sending event: {'category': 'dbt', 'action': 'adapter_info', 'label': 'cd5aaf73-d603-42aa-b120-d99d75fd8fb5', 'context': [<snowplow_tracker.self_describing_json.SelfDescribingJson object at 0x10c4c68b0>]}
[0m16:22:43.867392 [info ] [MainThread]: Registered adapter: snowflake=1.11.2
[0m16:22:43.918933 [debug] [MainThread]: checksum: ec27062d18352e9cfca161c166fcc73d2201661a23a3cf3c89196a27f32cfcb8, vars: {}, profile: , target: , version: 1.11.6
[0m16:22:43.947654 [debug] [MainThread]: Partial parsing enabled: 0 files deleted, 0 files added, 0 files changed.
[0m16:22:43.947898 [debug] [MainThread]: Nothing changed, skipping partial parsing.
[0m16:22:43.948028 [debug] [MainThread]: Partial parsing enabled, no changes found, skipping parsing
[0m16:22:43.948333 [warn ] [MainThread]: [[33mWARNING[0m]: Configuration paths exist in your dbt_project.yml file which do not apply to any resources.
There are 1 unused configuration paths:
- models.deel.example
[0m16:22:43.950874 [debug] [MainThread]: Sending event: {'category': 'dbt', 'action': 'load_project', 'label': 'cd5aaf73-d603-42aa-b120-d99d75fd8fb5', 'context': [<snowplow_tracker.self_describing_json.SelfDescribingJson object at 0x10ca32450>]}
[0m16:22:43.970377 [debug] [MainThread]: Wrote artifact WritableManifest to /Users/natanmatos/Documents/deel/deel_chlg/target/manifest.json
[0m16:22:43.971347 [debug] [MainThread]: Wrote artifact SemanticManifest to /Users/natanmatos/Documents/deel/deel_chlg/target/semantic_manifest.json
[0m16:22:43.977871 [debug] [MainThread]: Sending event: {'category': 'dbt', 'action': 'resource_counts', 'label': 'cd5aaf73-d603-42aa-b120-d99d75fd8fb5', 'context': [<snowplow_tracker.self_describing_json.SelfDescribingJson object at 0x10b086b70>]}
[0m16:22:43.978094 [info ] [MainThread]: Found 522 macros
[0m16:22:43.978509 [debug] [MainThread]: Sending event: {'category': 'dbt', 'action': 'runnable_timing', 'label': 'cd5aaf73-d603-42aa-b120-d99d75fd8fb5', 'context': [<snowplow_tracker.self_describing_json.SelfDescribingJson object at 0x10cb4d470>]}
[0m16:22:43.978838 [warn ] [MainThread]: The selection criterion 'deel/models/staging/stg_globepay_acceptance.sql' does not match any enabled nodes
[0m16:22:43.979328 [warn ] [MainThread]: Nothing to do. Try checking your model configs and model specification args
[0m16:22:43.980123 [debug] [MainThread]: Command end result
[0m16:22:43.990215 [debug] [MainThread]: Wrote artifact WritableManifest to /Users/natanmatos/Documents/deel/deel_chlg/target/manifest.json
[0m16:22:43.991134 [debug] [MainThread]: Wrote artifact SemanticManifest to /Users/natanmatos/Documents/deel/deel_chlg/target/semantic_manifest.json
[0m16:22:43.992628 [debug] [MainThread]: Wrote artifact RunExecutionResult to /Users/natanmatos/Documents/deel/deel_chlg/target/run_results.json
[0m16:22:43.994362 [debug] [MainThread]: Resource report: {"command_name": "run", "command_success": true, "command_wall_clock_time": 0.38887617, "process_in_blocks": "0", "process_kernel_time": 0.135853, "process_mem_max_rss": "148668416", "process_out_blocks": "0", "process_user_time": 0.858302}
[0m16:22:43.994620 [debug] [MainThread]: Command `dbt run` succeeded at 16:22:43.994580 after 0.39 seconds
[0m16:22:43.994784 [debug] [MainThread]: Sending event: {'category': 'dbt', 'action': 'invocation', 'label': 'end', 'context': [<snowplow_tracker.self_describing_json.SelfDescribingJson object at 0x10cb6bd40>, <snowplow_tracker.self_describing_json.SelfDescribingJson object at 0x10b6c5790>, <snowplow_tracker.self_describing_json.SelfDescribingJson object at 0x10c861850>]}
[0m16:22:43.994927 [debug] [MainThread]: Flushing usage events
[0m16:22:44.708965 [debug] [MainThread]: An error was encountered while trying to flush usage events
[0m16:23:03.322554 [debug] [MainThread]: Sending event: {'category': 'dbt', 'action': 'invocation', 'label': 'start', 'context': [<snowplow_tracker.self_describing_json.SelfDescribingJson object at 0x10abe02f0>, <snowplow_tracker.self_describing_json.SelfDescribingJson object at 0x10bccb750>, <snowplow_tracker.self_describing_json.SelfDescribingJson object at 0x10bccb9d0>]}


============================== 16:23:03.324479 | 47363dfb-51de-49c3-9260-53cca69d2fb9 ==============================
[0m16:23:03.324479 [info ] [MainThread]: Running with dbt=1.11.6
[0m16:23:03.324760 [debug] [MainThread]: running dbt with arguments {'quiet': 'False', 'indirect_selection': 'eager', 'invocation_command': 'dbt build --select deel/models/staging/stg_globepay_acceptance.sql', 'partial_parse': 'True', 'no_print': 'None', 'cache_selected_only': 'False', 'debug': 'False', 'profiles_dir': '/Users/natanmatos/.dbt', 'warn_error_options': 'WarnErrorOptionsV2(error=[], warn=[], silence=[])', 'write_json': 'True', 'target_path': 'None', 'warn_error': 'None', 'use_experimental_parser': 'False', 'log_format': 'default', 'static_parser': 'True', 'log_path': '/Users/natanmatos/Documents/deel/deel_chlg/logs', 'version_check': 'True', 'log_cache_events': 'False', 'introspect': 'True', 'empty': 'False', 'printer_width': '80', 'send_anonymous_usage_stats': 'True', 'use_colors': 'True', 'fail_fast': 'False'}
[0m16:23:03.454301 [debug] [MainThread]: Snowflake adapter: Setting snowflake.connector to ERROR (file logging only)
[0m16:23:03.454540 [debug] [MainThread]: Snowflake adapter: Setting botocore to ERROR (file logging only)
[0m16:23:03.454675 [debug] [MainThread]: Snowflake adapter: Setting boto3 to ERROR (file logging only)
[0m16:23:03.525338 [debug] [MainThread]: Sending event: {'category': 'dbt', 'action': 'project_id', 'label': '47363dfb-51de-49c3-9260-53cca69d2fb9', 'context': [<snowplow_tracker.self_describing_json.SelfDescribingJson object at 0x10aff8fc0>]}
[0m16:23:03.552310 [debug] [MainThread]: Sending event: {'category': 'dbt', 'action': 'adapter_info', 'label': '47363dfb-51de-49c3-9260-53cca69d2fb9', 'context': [<snowplow_tracker.self_describing_json.SelfDescribingJson object at 0x10c9368b0>]}
[0m16:23:03.552703 [info ] [MainThread]: Registered adapter: snowflake=1.11.2
[0m16:23:03.603278 [debug] [MainThread]: checksum: ec27062d18352e9cfca161c166fcc73d2201661a23a3cf3c89196a27f32cfcb8, vars: {}, profile: , target: , version: 1.11.6
[0m16:23:03.630076 [debug] [MainThread]: Partial parsing enabled: 0 files deleted, 0 files added, 0 files changed.
[0m16:23:03.630251 [debug] [MainThread]: Nothing changed, skipping partial parsing.
[0m16:23:03.630367 [debug] [MainThread]: Partial parsing enabled, no changes found, skipping parsing
[0m16:23:03.630618 [warn ] [MainThread]: [[33mWARNING[0m]: Configuration paths exist in your dbt_project.yml file which do not apply to any resources.
There are 1 unused configuration paths:
- models.deel.example
[0m16:23:03.632895 [debug] [MainThread]: Sending event: {'category': 'dbt', 'action': 'load_project', 'label': '47363dfb-51de-49c3-9260-53cca69d2fb9', 'context': [<snowplow_tracker.self_describing_json.SelfDescribingJson object at 0x10cea2450>]}
[0m16:23:03.680105 [debug] [MainThread]: Wrote artifact WritableManifest to /Users/natanmatos/Documents/deel/deel_chlg/target/manifest.json
[0m16:23:03.681160 [debug] [MainThread]: Wrote artifact SemanticManifest to /Users/natanmatos/Documents/deel/deel_chlg/target/semantic_manifest.json
[0m16:23:03.694977 [debug] [MainThread]: Sending event: {'category': 'dbt', 'action': 'resource_counts', 'label': '47363dfb-51de-49c3-9260-53cca69d2fb9', 'context': [<snowplow_tracker.self_describing_json.SelfDescribingJson object at 0x10b4f6b70>]}
[0m16:23:03.695200 [info ] [MainThread]: Found 522 macros
[0m16:23:03.695645 [warn ] [MainThread]: The selection criterion 'deel/models/staging/stg_globepay_acceptance.sql' does not match any enabled nodes
[0m16:23:03.696154 [warn ] [MainThread]: Nothing to do. Try checking your model configs and model specification args
[0m16:23:03.696960 [debug] [MainThread]: Command end result
[0m16:23:03.707171 [debug] [MainThread]: Wrote artifact WritableManifest to /Users/natanmatos/Documents/deel/deel_chlg/target/manifest.json
[0m16:23:03.707999 [debug] [MainThread]: Wrote artifact SemanticManifest to /Users/natanmatos/Documents/deel/deel_chlg/target/semantic_manifest.json
[0m16:23:03.709488 [debug] [MainThread]: Wrote artifact RunExecutionResult to /Users/natanmatos/Documents/deel/deel_chlg/target/run_results.json
[0m16:23:03.710897 [debug] [MainThread]: Resource report: {"command_name": "build", "command_success": true, "command_wall_clock_time": 0.4179432, "process_in_blocks": "0", "process_kernel_time": 0.142644, "process_mem_max_rss": "150110208", "process_out_blocks": "0", "process_user_time": 0.88521}
[0m16:23:03.711143 [debug] [MainThread]: Command `dbt build` succeeded at 16:23:03.711104 after 0.42 seconds
[0m16:23:03.711308 [debug] [MainThread]: Sending event: {'category': 'dbt', 'action': 'invocation', 'label': 'end', 'context': [<snowplow_tracker.self_describing_json.SelfDescribingJson object at 0x10bcabe70>, <snowplow_tracker.self_describing_json.SelfDescribingJson object at 0x10ccc91d0>, <snowplow_tracker.self_describing_json.SelfDescribingJson object at 0x10d05fa00>]}
[0m16:23:03.711451 [debug] [MainThread]: Flushing usage events
[0m16:23:04.372300 [debug] [MainThread]: An error was encountered while trying to flush usage events
[0m16:23:42.295227 [debug] [MainThread]: Sending event: {'category': 'dbt', 'action': 'invocation', 'label': 'start', 'context': [<snowplow_tracker.self_describing_json.SelfDescribingJson object at 0x10cbec2f0>, <snowplow_tracker.self_describing_json.SelfDescribingJson object at 0x10dcd7750>, <snowplow_tracker.self_describing_json.SelfDescribingJson object at 0x10dcd79d0>]}


============================== 16:23:42.297129 | 07c5d874-9309-4000-b772-857be9ce0aa8 ==============================
[0m16:23:42.297129 [info ] [MainThread]: Running with dbt=1.11.6
[0m16:23:42.297405 [debug] [MainThread]: running dbt with arguments {'quiet': 'False', 'introspect': 'True', 'debug': 'False', 'invocation_command': 'dbt run', 'log_path': '/Users/natanmatos/Documents/deel/deel_chlg/logs', 'printer_width': '80', 'log_format': 'default', 'warn_error_options': 'WarnErrorOptionsV2(error=[], warn=[], silence=[])', 'empty': 'False', 'profiles_dir': '/Users/natanmatos/.dbt', 'send_anonymous_usage_stats': 'True', 'indirect_selection': 'eager', 'write_json': 'True', 'fail_fast': 'False', 'warn_error': 'None', 'target_path': 'None', 'static_parser': 'True', 'log_cache_events': 'False', 'use_experimental_parser': 'False', 'cache_selected_only': 'False', 'no_print': 'None', 'partial_parse': 'True', 'use_colors': 'True', 'version_check': 'True'}
[0m16:23:42.428597 [debug] [MainThread]: Snowflake adapter: Setting snowflake.connector to ERROR (file logging only)
[0m16:23:42.428853 [debug] [MainThread]: Snowflake adapter: Setting botocore to ERROR (file logging only)
[0m16:23:42.428991 [debug] [MainThread]: Snowflake adapter: Setting boto3 to ERROR (file logging only)
[0m16:23:42.502528 [debug] [MainThread]: Sending event: {'category': 'dbt', 'action': 'project_id', 'label': '07c5d874-9309-4000-b772-857be9ce0aa8', 'context': [<snowplow_tracker.self_describing_json.SelfDescribingJson object at 0x10d004fc0>]}
[0m16:23:42.529762 [debug] [MainThread]: Sending event: {'category': 'dbt', 'action': 'adapter_info', 'label': '07c5d874-9309-4000-b772-857be9ce0aa8', 'context': [<snowplow_tracker.self_describing_json.SelfDescribingJson object at 0x10e9428b0>]}
[0m16:23:42.530161 [info ] [MainThread]: Registered adapter: snowflake=1.11.2
[0m16:23:42.583175 [debug] [MainThread]: checksum: ec27062d18352e9cfca161c166fcc73d2201661a23a3cf3c89196a27f32cfcb8, vars: {}, profile: , target: , version: 1.11.6
[0m16:23:42.612659 [debug] [MainThread]: Partial parsing enabled: 0 files deleted, 0 files added, 0 files changed.
[0m16:23:42.612887 [debug] [MainThread]: Nothing changed, skipping partial parsing.
[0m16:23:42.613025 [debug] [MainThread]: Partial parsing enabled, no changes found, skipping parsing
[0m16:23:42.613509 [warn ] [MainThread]: [[33mWARNING[0m]: Configuration paths exist in your dbt_project.yml file which do not apply to any resources.
There are 1 unused configuration paths:
- models.deel.example
[0m16:23:42.616002 [debug] [MainThread]: Sending event: {'category': 'dbt', 'action': 'load_project', 'label': '07c5d874-9309-4000-b772-857be9ce0aa8', 'context': [<snowplow_tracker.self_describing_json.SelfDescribingJson object at 0x10eeae450>]}
[0m16:23:42.636685 [debug] [MainThread]: Wrote artifact WritableManifest to /Users/natanmatos/Documents/deel/deel_chlg/target/manifest.json
[0m16:23:42.637880 [debug] [MainThread]: Wrote artifact SemanticManifest to /Users/natanmatos/Documents/deel/deel_chlg/target/semantic_manifest.json
[0m16:23:42.645115 [debug] [MainThread]: Sending event: {'category': 'dbt', 'action': 'resource_counts', 'label': '07c5d874-9309-4000-b772-857be9ce0aa8', 'context': [<snowplow_tracker.self_describing_json.SelfDescribingJson object at 0x10d502b70>]}
[0m16:23:42.645353 [info ] [MainThread]: Found 522 macros
[0m16:23:42.645782 [debug] [MainThread]: Sending event: {'category': 'dbt', 'action': 'runnable_timing', 'label': '07c5d874-9309-4000-b772-857be9ce0aa8', 'context': [<snowplow_tracker.self_describing_json.SelfDescribingJson object at 0x10efc9470>]}
[0m16:23:42.646422 [warn ] [MainThread]: Nothing to do. Try checking your model configs and model specification args
[0m16:23:42.647270 [debug] [MainThread]: Command end result
[0m16:23:42.658115 [debug] [MainThread]: Wrote artifact WritableManifest to /Users/natanmatos/Documents/deel/deel_chlg/target/manifest.json
[0m16:23:42.659096 [debug] [MainThread]: Wrote artifact SemanticManifest to /Users/natanmatos/Documents/deel/deel_chlg/target/semantic_manifest.json
[0m16:23:42.661273 [debug] [MainThread]: Wrote artifact RunExecutionResult to /Users/natanmatos/Documents/deel/deel_chlg/target/run_results.json
[0m16:23:42.662808 [debug] [MainThread]: Resource report: {"command_name": "run", "command_success": true, "command_wall_clock_time": 0.39812833, "process_in_blocks": "0", "process_kernel_time": 0.142489, "process_mem_max_rss": "148783104", "process_out_blocks": "0", "process_user_time": 0.884182}
[0m16:23:42.663073 [debug] [MainThread]: Command `dbt run` succeeded at 16:23:42.663034 after 0.40 seconds
[0m16:23:42.663243 [debug] [MainThread]: Sending event: {'category': 'dbt', 'action': 'invocation', 'label': 'end', 'context': [<snowplow_tracker.self_describing_json.SelfDescribingJson object at 0x10efe7d40>, <snowplow_tracker.self_describing_json.SelfDescribingJson object at 0x10db41790>, <snowplow_tracker.self_describing_json.SelfDescribingJson object at 0x10efed550>]}
[0m16:23:42.663393 [debug] [MainThread]: Flushing usage events
[0m16:23:43.302144 [debug] [MainThread]: An error was encountered while trying to flush usage events
[0m16:25:25.055280 [debug] [MainThread]: Sending event: {'category': 'dbt', 'action': 'invocation', 'label': 'start', 'context': [<snowplow_tracker.self_describing_json.SelfDescribingJson object at 0x10cc602f0>, <snowplow_tracker.self_describing_json.SelfDescribingJson object at 0x10dd4b750>, <snowplow_tracker.self_describing_json.SelfDescribingJson object at 0x10dd4b9d0>]}


============================== 16:25:25.057200 | 4b2df559-8940-4b3b-903f-07392d07925a ==============================
[0m16:25:25.057200 [info ] [MainThread]: Running with dbt=1.11.6
[0m16:25:25.057487 [debug] [MainThread]: running dbt with arguments {'partial_parse': 'True', 'target_path': 'None', 'write_json': 'True', 'log_cache_events': 'False', 'invocation_command': 'dbt run', 'fail_fast': 'False', 'static_parser': 'True', 'log_format': 'default', 'no_print': 'None', 'use_colors': 'True', 'printer_width': '80', 'profiles_dir': '/Users/natanmatos/.dbt', 'quiet': 'False', 'warn_error': 'None', 'log_path': '/Users/natanmatos/Documents/deel/deel_chlg/logs', 'indirect_selection': 'eager', 'version_check': 'True', 'cache_selected_only': 'False', 'introspect': 'True', 'debug': 'False', 'empty': 'False', 'use_experimental_parser': 'False', 'send_anonymous_usage_stats': 'True', 'warn_error_options': 'WarnErrorOptionsV2(error=[], warn=[], silence=[])'}
[0m16:25:25.188252 [debug] [MainThread]: Snowflake adapter: Setting snowflake.connector to ERROR (file logging only)
[0m16:25:25.188491 [debug] [MainThread]: Snowflake adapter: Setting botocore to ERROR (file logging only)
[0m16:25:25.188624 [debug] [MainThread]: Snowflake adapter: Setting boto3 to ERROR (file logging only)
[0m16:25:25.260593 [debug] [MainThread]: Sending event: {'category': 'dbt', 'action': 'project_id', 'label': '4b2df559-8940-4b3b-903f-07392d07925a', 'context': [<snowplow_tracker.self_describing_json.SelfDescribingJson object at 0x10d078fc0>]}
[0m16:25:25.287243 [debug] [MainThread]: Sending event: {'category': 'dbt', 'action': 'adapter_info', 'label': '4b2df559-8940-4b3b-903f-07392d07925a', 'context': [<snowplow_tracker.self_describing_json.SelfDescribingJson object at 0x10e9b68b0>]}
[0m16:25:25.287620 [info ] [MainThread]: Registered adapter: snowflake=1.11.2
[0m16:25:25.338941 [debug] [MainThread]: checksum: ec27062d18352e9cfca161c166fcc73d2201661a23a3cf3c89196a27f32cfcb8, vars: {}, profile: , target: , version: 1.11.6
[0m16:25:25.367266 [debug] [MainThread]: Partial parsing enabled: 0 files deleted, 0 files added, 0 files changed.
[0m16:25:25.367522 [debug] [MainThread]: Nothing changed, skipping partial parsing.
[0m16:25:25.367648 [debug] [MainThread]: Partial parsing enabled, no changes found, skipping parsing
[0m16:25:25.367938 [warn ] [MainThread]: [[33mWARNING[0m]: Configuration paths exist in your dbt_project.yml file which do not apply to any resources.
There are 1 unused configuration paths:
- models.deel.example
[0m16:25:25.370545 [debug] [MainThread]: Sending event: {'category': 'dbt', 'action': 'load_project', 'label': '4b2df559-8940-4b3b-903f-07392d07925a', 'context': [<snowplow_tracker.self_describing_json.SelfDescribingJson object at 0x10ef22450>]}
[0m16:25:25.389944 [debug] [MainThread]: Wrote artifact WritableManifest to /Users/natanmatos/Documents/deel/deel_chlg/target/manifest.json
[0m16:25:25.390924 [debug] [MainThread]: Wrote artifact SemanticManifest to /Users/natanmatos/Documents/deel/deel_chlg/target/semantic_manifest.json
[0m16:25:25.397471 [debug] [MainThread]: Sending event: {'category': 'dbt', 'action': 'resource_counts', 'label': '4b2df559-8940-4b3b-903f-07392d07925a', 'context': [<snowplow_tracker.self_describing_json.SelfDescribingJson object at 0x10d576b70>]}
[0m16:25:25.397681 [info ] [MainThread]: Found 522 macros
[0m16:25:25.398081 [debug] [MainThread]: Sending event: {'category': 'dbt', 'action': 'runnable_timing', 'label': '4b2df559-8940-4b3b-903f-07392d07925a', 'context': [<snowplow_tracker.self_describing_json.SelfDescribingJson object at 0x10f03d470>]}
[0m16:25:25.398697 [warn ] [MainThread]: Nothing to do. Try checking your model configs and model specification args
[0m16:25:25.399519 [debug] [MainThread]: Command end result
[0m16:25:25.409249 [debug] [MainThread]: Wrote artifact WritableManifest to /Users/natanmatos/Documents/deel/deel_chlg/target/manifest.json
[0m16:25:25.410109 [debug] [MainThread]: Wrote artifact SemanticManifest to /Users/natanmatos/Documents/deel/deel_chlg/target/semantic_manifest.json
[0m16:25:25.411833 [debug] [MainThread]: Wrote artifact RunExecutionResult to /Users/natanmatos/Documents/deel/deel_chlg/target/run_results.json
[0m16:25:25.413220 [debug] [MainThread]: Resource report: {"command_name": "run", "command_success": true, "command_wall_clock_time": 0.38855457, "process_in_blocks": "0", "process_kernel_time": 0.142135, "process_mem_max_rss": "148881408", "process_out_blocks": "0", "process_user_time": 0.864859}
[0m16:25:25.413455 [debug] [MainThread]: Command `dbt run` succeeded at 16:25:25.413416 after 0.39 seconds
[0m16:25:25.413618 [debug] [MainThread]: Sending event: {'category': 'dbt', 'action': 'invocation', 'label': 'end', 'context': [<snowplow_tracker.self_describing_json.SelfDescribingJson object at 0x10f05bd40>, <snowplow_tracker.self_describing_json.SelfDescribingJson object at 0x10dbb5850>, <snowplow_tracker.self_describing_json.SelfDescribingJson object at 0x10ed4d550>]}
[0m16:25:25.413765 [debug] [MainThread]: Flushing usage events
[0m16:25:26.118831 [debug] [MainThread]: An error was encountered while trying to flush usage events
[0m16:26:04.967063 [debug] [MainThread]: Sending event: {'category': 'dbt', 'action': 'invocation', 'label': 'start', 'context': [<snowplow_tracker.self_describing_json.SelfDescribingJson object at 0x1081f02f0>, <snowplow_tracker.self_describing_json.SelfDescribingJson object at 0x1092db750>, <snowplow_tracker.self_describing_json.SelfDescribingJson object at 0x1092db9d0>]}


============================== 16:26:04.969434 | 63e1860d-0009-4e89-90c1-71caa757ddcd ==============================
[0m16:26:04.969434 [info ] [MainThread]: Running with dbt=1.11.6
[0m16:26:04.969715 [debug] [MainThread]: running dbt with arguments {'write_json': 'True', 'use_experimental_parser': 'False', 'profiles_dir': '/Users/natanmatos/.dbt', 'cache_selected_only': 'False', 'static_parser': 'True', 'send_anonymous_usage_stats': 'True', 'invocation_command': 'dbt run --select staging', 'log_path': '/Users/natanmatos/Documents/deel/deel_chlg/logs', 'log_format': 'default', 'warn_error': 'None', 'printer_width': '80', 'debug': 'False', 'indirect_selection': 'eager', 'quiet': 'False', 'empty': 'False', 'warn_error_options': 'WarnErrorOptionsV2(error=[], warn=[], silence=[])', 'log_cache_events': 'False', 'introspect': 'True', 'target_path': 'None', 'fail_fast': 'False', 'partial_parse': 'True', 'no_print': 'None', 'version_check': 'True', 'use_colors': 'True'}
[0m16:26:05.097558 [debug] [MainThread]: Snowflake adapter: Setting snowflake.connector to ERROR (file logging only)
[0m16:26:05.097799 [debug] [MainThread]: Snowflake adapter: Setting botocore to ERROR (file logging only)
[0m16:26:05.097930 [debug] [MainThread]: Snowflake adapter: Setting boto3 to ERROR (file logging only)
[0m16:26:05.169247 [debug] [MainThread]: Sending event: {'category': 'dbt', 'action': 'project_id', 'label': '63e1860d-0009-4e89-90c1-71caa757ddcd', 'context': [<snowplow_tracker.self_describing_json.SelfDescribingJson object at 0x108608fc0>]}
[0m16:26:05.196165 [debug] [MainThread]: Sending event: {'category': 'dbt', 'action': 'adapter_info', 'label': '63e1860d-0009-4e89-90c1-71caa757ddcd', 'context': [<snowplow_tracker.self_describing_json.SelfDescribingJson object at 0x109f468b0>]}
[0m16:26:05.196547 [info ] [MainThread]: Registered adapter: snowflake=1.11.2
[0m16:26:05.246706 [debug] [MainThread]: checksum: ec27062d18352e9cfca161c166fcc73d2201661a23a3cf3c89196a27f32cfcb8, vars: {}, profile: , target: , version: 1.11.6
[0m16:26:05.274868 [debug] [MainThread]: Partial parsing enabled: 0 files deleted, 0 files added, 0 files changed.
[0m16:26:05.275113 [debug] [MainThread]: Nothing changed, skipping partial parsing.
[0m16:26:05.275244 [debug] [MainThread]: Partial parsing enabled, no changes found, skipping parsing
[0m16:26:05.275550 [warn ] [MainThread]: [[33mWARNING[0m]: Configuration paths exist in your dbt_project.yml file which do not apply to any resources.
There are 1 unused configuration paths:
- models.deel.example
[0m16:26:05.278163 [debug] [MainThread]: Sending event: {'category': 'dbt', 'action': 'load_project', 'label': '63e1860d-0009-4e89-90c1-71caa757ddcd', 'context': [<snowplow_tracker.self_describing_json.SelfDescribingJson object at 0x10a4ae450>]}
[0m16:26:05.298073 [debug] [MainThread]: Wrote artifact WritableManifest to /Users/natanmatos/Documents/deel/deel_chlg/target/manifest.json
[0m16:26:05.299034 [debug] [MainThread]: Wrote artifact SemanticManifest to /Users/natanmatos/Documents/deel/deel_chlg/target/semantic_manifest.json
[0m16:26:05.305352 [debug] [MainThread]: Sending event: {'category': 'dbt', 'action': 'resource_counts', 'label': '63e1860d-0009-4e89-90c1-71caa757ddcd', 'context': [<snowplow_tracker.self_describing_json.SelfDescribingJson object at 0x108b06b70>]}
[0m16:26:05.305590 [info ] [MainThread]: Found 522 macros
[0m16:26:05.305980 [debug] [MainThread]: Sending event: {'category': 'dbt', 'action': 'runnable_timing', 'label': '63e1860d-0009-4e89-90c1-71caa757ddcd', 'context': [<snowplow_tracker.self_describing_json.SelfDescribingJson object at 0x10a5cd470>]}
[0m16:26:05.306243 [warn ] [MainThread]: The selection criterion 'staging' does not match any enabled nodes
[0m16:26:05.306762 [warn ] [MainThread]: Nothing to do. Try checking your model configs and model specification args
[0m16:26:05.307562 [debug] [MainThread]: Command end result
[0m16:26:05.318218 [debug] [MainThread]: Wrote artifact WritableManifest to /Users/natanmatos/Documents/deel/deel_chlg/target/manifest.json
[0m16:26:05.319105 [debug] [MainThread]: Wrote artifact SemanticManifest to /Users/natanmatos/Documents/deel/deel_chlg/target/semantic_manifest.json
[0m16:26:05.320668 [debug] [MainThread]: Wrote artifact RunExecutionResult to /Users/natanmatos/Documents/deel/deel_chlg/target/run_results.json
[0m16:26:05.322098 [debug] [MainThread]: Resource report: {"command_name": "run", "command_success": true, "command_wall_clock_time": 0.385838, "process_in_blocks": "0", "process_kernel_time": 0.137031, "process_mem_max_rss": "148848640", "process_out_blocks": "0", "process_user_time": 0.862644}
[0m16:26:05.322342 [debug] [MainThread]: Command `dbt run` succeeded at 16:26:05.322303 after 0.39 seconds
[0m16:26:05.322508 [debug] [MainThread]: Sending event: {'category': 'dbt', 'action': 'invocation', 'label': 'end', 'context': [<snowplow_tracker.self_describing_json.SelfDescribingJson object at 0x10a5ebd40>, <snowplow_tracker.self_describing_json.SelfDescribingJson object at 0x109145850>, <snowplow_tracker.self_describing_json.SelfDescribingJson object at 0x10a5f1550>]}
[0m16:26:05.322650 [debug] [MainThread]: Flushing usage events
[0m16:26:05.963529 [debug] [MainThread]: An error was encountered while trying to flush usage events
[0m16:30:34.800955 [debug] [MainThread]: Sending event: {'category': 'dbt', 'action': 'invocation', 'label': 'start', 'context': [<snowplow_tracker.self_describing_json.SelfDescribingJson object at 0x108b7c2f0>, <snowplow_tracker.self_describing_json.SelfDescribingJson object at 0x109c67750>, <snowplow_tracker.self_describing_json.SelfDescribingJson object at 0x109c679d0>]}


============================== 16:30:34.802939 | 7a051677-8c38-4f8f-9c16-006aa36d4a54 ==============================
[0m16:30:34.802939 [info ] [MainThread]: Running with dbt=1.11.6
[0m16:30:34.803224 [debug] [MainThread]: running dbt with arguments {'indirect_selection': 'eager', 'debug': 'False', 'empty': 'False', 'fail_fast': 'False', 'introspect': 'True', 'log_path': '/Users/natanmatos/Documents/deel/deel_chlg/logs', 'cache_selected_only': 'False', 'profiles_dir': '/Users/natanmatos/.dbt', 'partial_parse': 'True', 'use_colors': 'True', 'log_cache_events': 'False', 'log_format': 'default', 'invocation_command': 'dbt run --select staging', 'use_experimental_parser': 'False', 'static_parser': 'True', 'warn_error': 'None', 'write_json': 'True', 'no_print': 'None', 'printer_width': '80', 'quiet': 'False', 'version_check': 'True', 'send_anonymous_usage_stats': 'True', 'target_path': 'None', 'warn_error_options': 'WarnErrorOptionsV2(error=[], warn=[], silence=[])'}
[0m16:30:34.804877 [error] [MainThread]: Encountered an error:
Runtime Error
  Could not find profile named 'globepay'
[0m16:30:34.806059 [debug] [MainThread]: Resource report: {"command_name": "run", "command_success": false, "command_wall_clock_time": 0.036694165, "process_in_blocks": "0", "process_kernel_time": 0.08139, "process_mem_max_rss": "110903296", "process_out_blocks": "0", "process_user_time": 0.577724}
[0m16:30:34.806273 [debug] [MainThread]: Command `dbt run` failed at 16:30:34.806232 after 0.04 seconds
[0m16:30:34.806417 [debug] [MainThread]: Sending event: {'category': 'dbt', 'action': 'invocation', 'label': 'end', 'context': [<snowplow_tracker.self_describing_json.SelfDescribingJson object at 0x109c89f30>, <snowplow_tracker.self_describing_json.SelfDescribingJson object at 0x109cd85f0>, <snowplow_tracker.self_describing_json.SelfDescribingJson object at 0x109ae9bf0>]}
[0m16:30:34.806563 [debug] [MainThread]: Flushing usage events
[0m16:30:35.508015 [debug] [MainThread]: An error was encountered while trying to flush usage events
[0m16:30:57.414739 [debug] [MainThread]: Sending event: {'category': 'dbt', 'action': 'invocation', 'label': 'start', 'context': [<snowplow_tracker.self_describing_json.SelfDescribingJson object at 0x108c2c2f0>, <snowplow_tracker.self_describing_json.SelfDescribingJson object at 0x109d13750>, <snowplow_tracker.self_describing_json.SelfDescribingJson object at 0x109d139d0>]}


============================== 16:30:57.416905 | d59b09ad-46c3-4b9f-a5b3-e1518ce2726c ==============================
[0m16:30:57.416905 [info ] [MainThread]: Running with dbt=1.11.6
[0m16:30:57.417185 [debug] [MainThread]: running dbt with arguments {'log_cache_events': 'False', 'write_json': 'True', 'indirect_selection': 'eager', 'use_experimental_parser': 'False', 'partial_parse': 'True', 'introspect': 'True', 'static_parser': 'True', 'no_print': 'None', 'warn_error_options': 'WarnErrorOptionsV2(error=[], warn=[], silence=[])', 'warn_error': 'None', 'debug': 'False', 'printer_width': '80', 'target_path': 'None', 'profiles_dir': '/Users/natanmatos/.dbt', 'cache_selected_only': 'False', 'log_path': '/Users/natanmatos/Documents/deel/deel_chlg/logs', 'invocation_command': 'dbt run --select staging', 'send_anonymous_usage_stats': 'True', 'fail_fast': 'False', 'version_check': 'True', 'empty': 'False', 'quiet': 'False', 'use_colors': 'True', 'log_format': 'default'}
[0m16:30:57.418733 [error] [MainThread]: Encountered an error:
Runtime Error
  Could not find profile named 'globepay'
[0m16:30:57.419876 [debug] [MainThread]: Resource report: {"command_name": "run", "command_success": false, "command_wall_clock_time": 0.036130708, "process_in_blocks": "0", "process_kernel_time": 0.079024, "process_mem_max_rss": "111083520", "process_out_blocks": "0", "process_user_time": 0.575737}
[0m16:30:57.420074 [debug] [MainThread]: Command `dbt run` failed at 16:30:57.420037 after 0.04 seconds
[0m16:30:57.420212 [debug] [MainThread]: Sending event: {'category': 'dbt', 'action': 'invocation', 'label': 'end', 'context': [<snowplow_tracker.self_describing_json.SelfDescribingJson object at 0x109d35f30>, <snowplow_tracker.self_describing_json.SelfDescribingJson object at 0x109d845f0>, <snowplow_tracker.self_describing_json.SelfDescribingJson object at 0x109b95bf0>]}
[0m16:30:57.420345 [debug] [MainThread]: Flushing usage events
[0m16:30:58.046678 [debug] [MainThread]: An error was encountered while trying to flush usage events
[0m16:31:36.124951 [debug] [MainThread]: Sending event: {'category': 'dbt', 'action': 'invocation', 'label': 'start', 'context': [<snowplow_tracker.self_describing_json.SelfDescribingJson object at 0x10ca042f0>, <snowplow_tracker.self_describing_json.SelfDescribingJson object at 0x10daeb750>, <snowplow_tracker.self_describing_json.SelfDescribingJson object at 0x10daeb9d0>]}


============================== 16:31:36.126872 | d9fd401d-76a2-4549-9f81-5663c38817a9 ==============================
[0m16:31:36.126872 [info ] [MainThread]: Running with dbt=1.11.6
[0m16:31:36.127159 [debug] [MainThread]: running dbt with arguments {'quiet': 'False', 'use_experimental_parser': 'False', 'log_cache_events': 'False', 'warn_error_options': 'WarnErrorOptionsV2(error=[], warn=[], silence=[])', 'warn_error': 'None', 'fail_fast': 'False', 'cache_selected_only': 'False', 'debug': 'False', 'indirect_selection': 'eager', 'write_json': 'True', 'target_path': 'None', 'version_check': 'True', 'empty': 'False', 'profiles_dir': '/Users/natanmatos/.dbt', 'static_parser': 'True', 'introspect': 'True', 'printer_width': '80', 'log_path': '/Users/natanmatos/Documents/deel/deel_chlg/logs', 'partial_parse': 'True', 'use_colors': 'True', 'no_print': 'None', 'invocation_command': 'dbt run --select staging', 'send_anonymous_usage_stats': 'True', 'log_format': 'default'}
[0m16:31:36.256880 [debug] [MainThread]: Snowflake adapter: Setting snowflake.connector to ERROR (file logging only)
[0m16:31:36.257128 [debug] [MainThread]: Snowflake adapter: Setting botocore to ERROR (file logging only)
[0m16:31:36.257260 [debug] [MainThread]: Snowflake adapter: Setting boto3 to ERROR (file logging only)
[0m16:31:36.328339 [debug] [MainThread]: Sending event: {'category': 'dbt', 'action': 'project_id', 'label': 'd9fd401d-76a2-4549-9f81-5663c38817a9', 'context': [<snowplow_tracker.self_describing_json.SelfDescribingJson object at 0x10ce18fc0>]}
[0m16:31:36.354724 [debug] [MainThread]: Sending event: {'category': 'dbt', 'action': 'adapter_info', 'label': 'd9fd401d-76a2-4549-9f81-5663c38817a9', 'context': [<snowplow_tracker.self_describing_json.SelfDescribingJson object at 0x10e7568b0>]}
[0m16:31:36.355098 [info ] [MainThread]: Registered adapter: snowflake=1.11.2
[0m16:31:36.405537 [debug] [MainThread]: checksum: ec27062d18352e9cfca161c166fcc73d2201661a23a3cf3c89196a27f32cfcb8, vars: {}, profile: , target: , version: 1.11.6
[0m16:31:36.424581 [info ] [MainThread]: Unable to do partial parsing because a project config has changed
[0m16:31:36.424862 [debug] [MainThread]: Sending event: {'category': 'dbt', 'action': 'partial_parser', 'label': 'd9fd401d-76a2-4549-9f81-5663c38817a9', 'context': [<snowplow_tracker.self_describing_json.SelfDescribingJson object at 0x10ecc1d50>]}
[0m16:31:36.775339 [warn ] [MainThread]: [[33mWARNING[0m]: Configuration paths exist in your dbt_project.yml file which do not apply to any resources.
There are 2 unused configuration paths:
- models.globepay.staging
- models.globepay.marts
[0m16:31:36.777407 [debug] [MainThread]: Sending event: {'category': 'dbt', 'action': 'load_project', 'label': 'd9fd401d-76a2-4549-9f81-5663c38817a9', 'context': [<snowplow_tracker.self_describing_json.SelfDescribingJson object at 0x10d317d40>]}
[0m16:31:36.795729 [debug] [MainThread]: Wrote artifact WritableManifest to /Users/natanmatos/Documents/deel/deel_chlg/target/manifest.json
[0m16:31:36.796717 [debug] [MainThread]: Wrote artifact SemanticManifest to /Users/natanmatos/Documents/deel/deel_chlg/target/semantic_manifest.json
[0m16:31:36.803283 [debug] [MainThread]: Sending event: {'category': 'dbt', 'action': 'resource_counts', 'label': 'd9fd401d-76a2-4549-9f81-5663c38817a9', 'context': [<snowplow_tracker.self_describing_json.SelfDescribingJson object at 0x10eddf230>]}
[0m16:31:36.803503 [info ] [MainThread]: Found 522 macros
[0m16:31:36.803652 [debug] [MainThread]: Sending event: {'category': 'dbt', 'action': 'runnable_timing', 'label': 'd9fd401d-76a2-4549-9f81-5663c38817a9', 'context': [<snowplow_tracker.self_describing_json.SelfDescribingJson object at 0x10ece3860>]}
[0m16:31:36.803890 [warn ] [MainThread]: The selection criterion 'staging' does not match any enabled nodes
[0m16:31:36.804382 [warn ] [MainThread]: Nothing to do. Try checking your model configs and model specification args
[0m16:31:36.804605 [debug] [MainThread]: Command end result
[0m16:31:36.814091 [debug] [MainThread]: Wrote artifact WritableManifest to /Users/natanmatos/Documents/deel/deel_chlg/target/manifest.json
[0m16:31:36.815012 [debug] [MainThread]: Wrote artifact SemanticManifest to /Users/natanmatos/Documents/deel/deel_chlg/target/semantic_manifest.json
[0m16:31:36.816548 [debug] [MainThread]: Wrote artifact RunExecutionResult to /Users/natanmatos/Documents/deel/deel_chlg/target/run_results.json
[0m16:31:36.817968 [debug] [MainThread]: Resource report: {"command_name": "run", "command_success": true, "command_wall_clock_time": 0.7239546, "process_in_blocks": "0", "process_kernel_time": 0.139516, "process_mem_max_rss": "149831680", "process_out_blocks": "0", "process_user_time": 1.196196}
[0m16:31:36.818213 [debug] [MainThread]: Command `dbt run` succeeded at 16:31:36.818173 after 0.72 seconds
[0m16:31:36.818377 [debug] [MainThread]: Sending event: {'category': 'dbt', 'action': 'invocation', 'label': 'end', 'context': [<snowplow_tracker.self_describing_json.SelfDescribingJson object at 0x10d955850>, <snowplow_tracker.self_describing_json.SelfDescribingJson object at 0x10eca8470>, <snowplow_tracker.self_describing_json.SelfDescribingJson object at 0x10eca8310>]}
[0m16:31:36.818522 [debug] [MainThread]: Flushing usage events
[0m16:31:37.491393 [debug] [MainThread]: An error was encountered while trying to flush usage events
[0m16:32:00.396406 [debug] [MainThread]: Sending event: {'category': 'dbt', 'action': 'invocation', 'label': 'start', 'context': [<snowplow_tracker.self_describing_json.SelfDescribingJson object at 0x10c9ec2f0>, <snowplow_tracker.self_describing_json.SelfDescribingJson object at 0x10dad7750>, <snowplow_tracker.self_describing_json.SelfDescribingJson object at 0x10dad79d0>]}


============================== 16:32:00.398422 | 0bae0219-e38f-466a-a8d7-47ff744dcd39 ==============================
[0m16:32:00.398422 [info ] [MainThread]: Running with dbt=1.11.6
[0m16:32:00.398712 [debug] [MainThread]: running dbt with arguments {'use_colors': 'True', 'empty': 'False', 'log_path': '/Users/natanmatos/Documents/deel/deel_chlg/logs', 'invocation_command': 'dbt run --select staging', 'log_cache_events': 'False', 'cache_selected_only': 'False', 'target_path': 'None', 'profiles_dir': '/Users/natanmatos/.dbt', 'send_anonymous_usage_stats': 'True', 'no_print': 'None', 'printer_width': '80', 'warn_error_options': 'WarnErrorOptionsV2(error=[], warn=[], silence=[])', 'introspect': 'True', 'partial_parse': 'True', 'static_parser': 'True', 'version_check': 'True', 'log_format': 'default', 'quiet': 'False', 'warn_error': 'None', 'indirect_selection': 'eager', 'debug': 'False', 'fail_fast': 'False', 'use_experimental_parser': 'False', 'write_json': 'True'}
[0m16:32:00.528500 [debug] [MainThread]: Snowflake adapter: Setting snowflake.connector to ERROR (file logging only)
[0m16:32:00.528749 [debug] [MainThread]: Snowflake adapter: Setting botocore to ERROR (file logging only)
[0m16:32:00.528886 [debug] [MainThread]: Snowflake adapter: Setting boto3 to ERROR (file logging only)
[0m16:32:00.602179 [debug] [MainThread]: Sending event: {'category': 'dbt', 'action': 'project_id', 'label': '0bae0219-e38f-466a-a8d7-47ff744dcd39', 'context': [<snowplow_tracker.self_describing_json.SelfDescribingJson object at 0x10ce04fc0>]}
[0m16:32:00.630985 [debug] [MainThread]: Sending event: {'category': 'dbt', 'action': 'adapter_info', 'label': '0bae0219-e38f-466a-a8d7-47ff744dcd39', 'context': [<snowplow_tracker.self_describing_json.SelfDescribingJson object at 0x10e7428b0>]}
[0m16:32:00.631443 [info ] [MainThread]: Registered adapter: snowflake=1.11.2
[0m16:32:00.680358 [debug] [MainThread]: checksum: ec27062d18352e9cfca161c166fcc73d2201661a23a3cf3c89196a27f32cfcb8, vars: {}, profile: , target: , version: 1.11.6
[0m16:32:00.699158 [info ] [MainThread]: Unable to do partial parsing because a project config has changed
[0m16:32:00.699406 [debug] [MainThread]: Sending event: {'category': 'dbt', 'action': 'partial_parser', 'label': '0bae0219-e38f-466a-a8d7-47ff744dcd39', 'context': [<snowplow_tracker.self_describing_json.SelfDescribingJson object at 0x10ecadd50>]}
[0m16:32:01.047810 [warn ] [MainThread]: [[33mWARNING[0m]: Configuration paths exist in your dbt_project.yml file which do not apply to any resources.
There are 2 unused configuration paths:
- models.globepay.staging
- models.globepay.marts
[0m16:32:01.049894 [debug] [MainThread]: Sending event: {'category': 'dbt', 'action': 'load_project', 'label': '0bae0219-e38f-466a-a8d7-47ff744dcd39', 'context': [<snowplow_tracker.self_describing_json.SelfDescribingJson object at 0x10d303d40>]}
[0m16:32:01.068712 [debug] [MainThread]: Wrote artifact WritableManifest to /Users/natanmatos/Documents/deel/deel_chlg/target/manifest.json
[0m16:32:01.069756 [debug] [MainThread]: Wrote artifact SemanticManifest to /Users/natanmatos/Documents/deel/deel_chlg/target/semantic_manifest.json
[0m16:32:01.076352 [debug] [MainThread]: Sending event: {'category': 'dbt', 'action': 'resource_counts', 'label': '0bae0219-e38f-466a-a8d7-47ff744dcd39', 'context': [<snowplow_tracker.self_describing_json.SelfDescribingJson object at 0x10edcb230>]}
[0m16:32:01.076583 [info ] [MainThread]: Found 522 macros
[0m16:32:01.076735 [debug] [MainThread]: Sending event: {'category': 'dbt', 'action': 'runnable_timing', 'label': '0bae0219-e38f-466a-a8d7-47ff744dcd39', 'context': [<snowplow_tracker.self_describing_json.SelfDescribingJson object at 0x10eccb860>]}
[0m16:32:01.076971 [warn ] [MainThread]: The selection criterion 'staging' does not match any enabled nodes
[0m16:32:01.077466 [warn ] [MainThread]: Nothing to do. Try checking your model configs and model specification args
[0m16:32:01.077687 [debug] [MainThread]: Command end result
[0m16:32:01.086707 [debug] [MainThread]: Wrote artifact WritableManifest to /Users/natanmatos/Documents/deel/deel_chlg/target/manifest.json
[0m16:32:01.087465 [debug] [MainThread]: Wrote artifact SemanticManifest to /Users/natanmatos/Documents/deel/deel_chlg/target/semantic_manifest.json
[0m16:32:01.089328 [debug] [MainThread]: Wrote artifact RunExecutionResult to /Users/natanmatos/Documents/deel/deel_chlg/target/run_results.json
[0m16:32:01.090861 [debug] [MainThread]: Resource report: {"command_name": "run", "command_success": true, "command_wall_clock_time": 0.72818035, "process_in_blocks": "0", "process_kernel_time": 0.136795, "process_mem_max_rss": "149405696", "process_out_blocks": "0", "process_user_time": 1.196613}
[0m16:32:01.091122 [debug] [MainThread]: Command `dbt run` succeeded at 16:32:01.091085 after 0.73 seconds
[0m16:32:01.091284 [debug] [MainThread]: Sending event: {'category': 'dbt', 'action': 'invocation', 'label': 'end', 'context': [<snowplow_tracker.self_describing_json.SelfDescribingJson object at 0x10d941790>, <snowplow_tracker.self_describing_json.SelfDescribingJson object at 0x10ecec470>, <snowplow_tracker.self_describing_json.SelfDescribingJson object at 0x10ecec310>]}
[0m16:32:01.091426 [debug] [MainThread]: Flushing usage events
[0m16:32:01.860359 [debug] [MainThread]: An error was encountered while trying to flush usage events
[0m16:33:14.638614 [debug] [MainThread]: Sending event: {'category': 'dbt', 'action': 'invocation', 'label': 'start', 'context': [<snowplow_tracker.self_describing_json.SelfDescribingJson object at 0x108e002f0>, <snowplow_tracker.self_describing_json.SelfDescribingJson object at 0x109eeb750>, <snowplow_tracker.self_describing_json.SelfDescribingJson object at 0x109eeb9d0>]}


============================== 16:33:14.640558 | 0a41a4f8-a83e-44ba-84c1-69361d5ffc27 ==============================
[0m16:33:14.640558 [info ] [MainThread]: Running with dbt=1.11.6
[0m16:33:14.640836 [debug] [MainThread]: running dbt with arguments {'warn_error_options': 'WarnErrorOptionsV2(error=[], warn=[], silence=[])', 'write_json': 'True', 'quiet': 'False', 'send_anonymous_usage_stats': 'True', 'static_parser': 'True', 'log_path': '/Users/natanmatos/Documents/deel/deel_chlg/logs', 'invocation_command': 'dbt run --select stagin', 'indirect_selection': 'eager', 'empty': 'False', 'use_colors': 'True', 'version_check': 'True', 'fail_fast': 'False', 'use_experimental_parser': 'False', 'introspect': 'True', 'partial_parse': 'True', 'warn_error': 'None', 'target_path': 'None', 'printer_width': '80', 'cache_selected_only': 'False', 'no_print': 'None', 'profiles_dir': '/Users/natanmatos/.dbt', 'debug': 'False', 'log_cache_events': 'False', 'log_format': 'default'}
[0m16:33:14.782226 [debug] [MainThread]: Snowflake adapter: Setting snowflake.connector to ERROR (file logging only)
[0m16:33:14.782505 [debug] [MainThread]: Snowflake adapter: Setting botocore to ERROR (file logging only)
[0m16:33:14.782640 [debug] [MainThread]: Snowflake adapter: Setting boto3 to ERROR (file logging only)
[0m16:33:14.853788 [debug] [MainThread]: Sending event: {'category': 'dbt', 'action': 'project_id', 'label': '0a41a4f8-a83e-44ba-84c1-69361d5ffc27', 'context': [<snowplow_tracker.self_describing_json.SelfDescribingJson object at 0x109218fc0>]}
[0m16:33:14.879726 [debug] [MainThread]: Sending event: {'category': 'dbt', 'action': 'adapter_info', 'label': '0a41a4f8-a83e-44ba-84c1-69361d5ffc27', 'context': [<snowplow_tracker.self_describing_json.SelfDescribingJson object at 0x10ab568b0>]}
[0m16:33:14.880087 [info ] [MainThread]: Registered adapter: snowflake=1.11.2
[0m16:33:14.931480 [debug] [MainThread]: checksum: ec27062d18352e9cfca161c166fcc73d2201661a23a3cf3c89196a27f32cfcb8, vars: {}, profile: , target: , version: 1.11.6
[0m16:33:14.951455 [info ] [MainThread]: Unable to do partial parsing because a project config has changed
[0m16:33:14.951745 [debug] [MainThread]: Sending event: {'category': 'dbt', 'action': 'partial_parser', 'label': '0a41a4f8-a83e-44ba-84c1-69361d5ffc27', 'context': [<snowplow_tracker.self_describing_json.SelfDescribingJson object at 0x10b0bdd50>]}
[0m16:33:15.306886 [warn ] [MainThread]: [[33mWARNING[0m]: Configuration paths exist in your dbt_project.yml file which do not apply to any resources.
There are 2 unused configuration paths:
- models.deel.marts
- models.deel.staging
[0m16:33:15.309135 [debug] [MainThread]: Sending event: {'category': 'dbt', 'action': 'load_project', 'label': '0a41a4f8-a83e-44ba-84c1-69361d5ffc27', 'context': [<snowplow_tracker.self_describing_json.SelfDescribingJson object at 0x109717d40>]}
[0m16:33:15.327891 [debug] [MainThread]: Wrote artifact WritableManifest to /Users/natanmatos/Documents/deel/deel_chlg/target/manifest.json
[0m16:33:15.329028 [debug] [MainThread]: Wrote artifact SemanticManifest to /Users/natanmatos/Documents/deel/deel_chlg/target/semantic_manifest.json
[0m16:33:15.335935 [debug] [MainThread]: Sending event: {'category': 'dbt', 'action': 'resource_counts', 'label': '0a41a4f8-a83e-44ba-84c1-69361d5ffc27', 'context': [<snowplow_tracker.self_describing_json.SelfDescribingJson object at 0x10b1df230>]}
[0m16:33:15.336180 [info ] [MainThread]: Found 522 macros
[0m16:33:15.336330 [debug] [MainThread]: Sending event: {'category': 'dbt', 'action': 'runnable_timing', 'label': '0a41a4f8-a83e-44ba-84c1-69361d5ffc27', 'context': [<snowplow_tracker.self_describing_json.SelfDescribingJson object at 0x10b0df860>]}
[0m16:33:15.336587 [warn ] [MainThread]: The selection criterion 'stagin' does not match any enabled nodes
[0m16:33:15.337091 [warn ] [MainThread]: Nothing to do. Try checking your model configs and model specification args
[0m16:33:15.337319 [debug] [MainThread]: Command end result
[0m16:33:15.347415 [debug] [MainThread]: Wrote artifact WritableManifest to /Users/natanmatos/Documents/deel/deel_chlg/target/manifest.json
[0m16:33:15.348286 [debug] [MainThread]: Wrote artifact SemanticManifest to /Users/natanmatos/Documents/deel/deel_chlg/target/semantic_manifest.json
[0m16:33:15.349752 [debug] [MainThread]: Wrote artifact RunExecutionResult to /Users/natanmatos/Documents/deel/deel_chlg/target/run_results.json
[0m16:33:15.351242 [debug] [MainThread]: Resource report: {"command_name": "run", "command_success": true, "command_wall_clock_time": 0.7429332, "process_in_blocks": "0", "process_kernel_time": 0.144719, "process_mem_max_rss": "149782528", "process_out_blocks": "0", "process_user_time": 1.209326}
[0m16:33:15.351516 [debug] [MainThread]: Command `dbt run` succeeded at 16:33:15.351474 after 0.74 seconds
[0m16:33:15.351689 [debug] [MainThread]: Sending event: {'category': 'dbt', 'action': 'invocation', 'label': 'end', 'context': [<snowplow_tracker.self_describing_json.SelfDescribingJson object at 0x109d55850>, <snowplow_tracker.self_describing_json.SelfDescribingJson object at 0x10b0d8470>, <snowplow_tracker.self_describing_json.SelfDescribingJson object at 0x10b0d8310>]}
[0m16:33:15.351841 [debug] [MainThread]: Flushing usage events
[0m16:33:16.047431 [debug] [MainThread]: An error was encountered while trying to flush usage events
[0m16:33:58.488077 [debug] [MainThread]: Sending event: {'category': 'dbt', 'action': 'invocation', 'label': 'start', 'context': [<snowplow_tracker.self_describing_json.SelfDescribingJson object at 0x10ab942f0>, <snowplow_tracker.self_describing_json.SelfDescribingJson object at 0x10bc73750>, <snowplow_tracker.self_describing_json.SelfDescribingJson object at 0x10bc739d0>]}


============================== 16:33:58.490202 | 40c91bae-e2c2-494f-86aa-e3f77c447c1b ==============================
[0m16:33:58.490202 [info ] [MainThread]: Running with dbt=1.11.6
[0m16:33:58.490493 [debug] [MainThread]: running dbt with arguments {'log_format': 'default', 'debug': 'False', 'warn_error_options': 'WarnErrorOptionsV2(error=[], warn=[], silence=[])', 'profiles_dir': '/Users/natanmatos/.dbt', 'log_cache_events': 'False', 'partial_parse': 'True', 'quiet': 'False', 'write_json': 'True', 'use_colors': 'True', 'fail_fast': 'False', 'log_path': '/Users/natanmatos/Documents/deel/deel_chlg/logs', 'cache_selected_only': 'False', 'use_experimental_parser': 'False', 'version_check': 'True', 'printer_width': '80', 'introspect': 'True', 'target_path': 'None', 'warn_error': 'None', 'send_anonymous_usage_stats': 'True', 'empty': 'None', 'no_print': 'None', 'invocation_command': 'dbt clean', 'static_parser': 'True', 'indirect_selection': 'eager'}
[0m16:33:58.539896 [debug] [MainThread]: Sending event: {'category': 'dbt', 'action': 'project_id', 'label': '40c91bae-e2c2-494f-86aa-e3f77c447c1b', 'context': [<snowplow_tracker.self_describing_json.SelfDescribingJson object at 0x10afa8fc0>]}
[0m16:33:58.546954 [debug] [MainThread]: Resource report: {"command_name": "clean", "command_success": true, "command_wall_clock_time": 0.08891529, "process_in_blocks": "0", "process_kernel_time": 0.083959, "process_mem_max_rss": "114409472", "process_out_blocks": "0", "process_user_time": 0.614042}
[0m16:33:58.547154 [debug] [MainThread]: Command `dbt clean` succeeded at 16:33:58.547115 after 0.09 seconds
[0m16:33:58.547299 [debug] [MainThread]: Sending event: {'category': 'dbt', 'action': 'invocation', 'label': 'end', 'context': [<snowplow_tracker.self_describing_json.SelfDescribingJson object at 0x10bafe580>, <snowplow_tracker.self_describing_json.SelfDescribingJson object at 0x10bafe8b0>, <snowplow_tracker.self_describing_json.SelfDescribingJson object at 0x10bbd7450>]}
[0m16:33:58.547435 [debug] [MainThread]: Flushing usage events
[0m16:33:59.215366 [debug] [MainThread]: An error was encountered while trying to flush usage events
[0m16:34:06.324794 [debug] [MainThread]: Sending event: {'category': 'dbt', 'action': 'invocation', 'label': 'start', 'context': [<snowplow_tracker.self_describing_json.SelfDescribingJson object at 0x1086a42f0>, <snowplow_tracker.self_describing_json.SelfDescribingJson object at 0x109783750>, <snowplow_tracker.self_describing_json.SelfDescribingJson object at 0x1097839d0>]}


============================== 16:34:06.326785 | ae36c23a-1c7b-4c07-b642-972948803da7 ==============================
[0m16:34:06.326785 [info ] [MainThread]: Running with dbt=1.11.6
[0m16:34:06.327069 [debug] [MainThread]: running dbt with arguments {'quiet': 'False', 'use_colors': 'True', 'indirect_selection': 'eager', 'cache_selected_only': 'False', 'warn_error_options': 'WarnErrorOptionsV2(error=[], warn=[], silence=[])', 'log_cache_events': 'False', 'static_parser': 'True', 'use_experimental_parser': 'False', 'send_anonymous_usage_stats': 'True', 'profiles_dir': '/Users/natanmatos/.dbt', 'partial_parse': 'True', 'write_json': 'True', 'warn_error': 'None', 'log_path': '/Users/natanmatos/Documents/deel/deel_chlg/logs', 'invocation_command': 'dbt deps', 'debug': 'False', 'empty': 'None', 'target_path': 'None', 'introspect': 'True', 'fail_fast': 'False', 'log_format': 'default', 'version_check': 'True', 'printer_width': '80', 'no_print': 'None'}
[0m16:34:06.376576 [debug] [MainThread]: Sending event: {'category': 'dbt', 'action': 'project_id', 'label': 'ae36c23a-1c7b-4c07-b642-972948803da7', 'context': [<snowplow_tracker.self_describing_json.SelfDescribingJson object at 0x108ab8fc0>]}
[0m16:34:06.383454 [info ] [MainThread]: Warning: No packages were found in packages.yml
[0m16:34:06.383937 [info ] [MainThread]: Warning: No packages were found in packages.yml
[0m16:34:06.385175 [debug] [MainThread]: Resource report: {"command_name": "deps", "command_success": true, "command_wall_clock_time": 0.09088446, "process_in_blocks": "0", "process_kernel_time": 0.085709, "process_mem_max_rss": "115097600", "process_out_blocks": "0", "process_user_time": 0.623015}
[0m16:34:06.385404 [debug] [MainThread]: Command `dbt deps` succeeded at 16:34:06.385356 after 0.09 seconds
[0m16:34:06.385585 [debug] [MainThread]: Sending event: {'category': 'dbt', 'action': 'invocation', 'label': 'end', 'context': [<snowplow_tracker.self_describing_json.SelfDescribingJson object at 0x10960e030>, <snowplow_tracker.self_describing_json.SelfDescribingJson object at 0x10960ead0>, <snowplow_tracker.self_describing_json.SelfDescribingJson object at 0x1096e6250>]}
[0m16:34:06.385787 [debug] [MainThread]: Flushing usage events
[0m16:34:07.026005 [debug] [MainThread]: An error was encountered while trying to flush usage events
[0m16:34:17.968031 [debug] [MainThread]: Sending event: {'category': 'dbt', 'action': 'invocation', 'label': 'start', 'context': [<snowplow_tracker.self_describing_json.SelfDescribingJson object at 0x10c56c2f0>, <snowplow_tracker.self_describing_json.SelfDescribingJson object at 0x10d657750>, <snowplow_tracker.self_describing_json.SelfDescribingJson object at 0x10d6579d0>]}


============================== 16:34:17.970084 | d79e5177-269e-42e6-8372-8ed166fe08c1 ==============================
[0m16:34:17.970084 [info ] [MainThread]: Running with dbt=1.11.6
[0m16:34:17.970371 [debug] [MainThread]: running dbt with arguments {'invocation_command': 'dbt run --select staging', 'target_path': 'None', 'printer_width': '80', 'write_json': 'True', 'cache_selected_only': 'False', 'introspect': 'True', 'fail_fast': 'False', 'empty': 'False', 'static_parser': 'True', 'log_format': 'default', 'use_experimental_parser': 'False', 'quiet': 'False', 'no_print': 'None', 'profiles_dir': '/Users/natanmatos/.dbt', 'version_check': 'True', 'warn_error_options': 'WarnErrorOptionsV2(error=[], warn=[], silence=[])', 'send_anonymous_usage_stats': 'True', 'warn_error': 'None', 'debug': 'False', 'log_cache_events': 'False', 'partial_parse': 'True', 'log_path': '/Users/natanmatos/Documents/deel/deel_chlg/logs', 'indirect_selection': 'eager', 'use_colors': 'True'}
[0m16:34:18.098315 [debug] [MainThread]: Snowflake adapter: Setting snowflake.connector to ERROR (file logging only)
[0m16:34:18.098553 [debug] [MainThread]: Snowflake adapter: Setting botocore to ERROR (file logging only)
[0m16:34:18.098693 [debug] [MainThread]: Snowflake adapter: Setting boto3 to ERROR (file logging only)
[0m16:34:18.169207 [debug] [MainThread]: Sending event: {'category': 'dbt', 'action': 'project_id', 'label': 'd79e5177-269e-42e6-8372-8ed166fe08c1', 'context': [<snowplow_tracker.self_describing_json.SelfDescribingJson object at 0x10c980fc0>]}
[0m16:34:18.195591 [debug] [MainThread]: Sending event: {'category': 'dbt', 'action': 'adapter_info', 'label': 'd79e5177-269e-42e6-8372-8ed166fe08c1', 'context': [<snowplow_tracker.self_describing_json.SelfDescribingJson object at 0x10e2be8b0>]}
[0m16:34:18.195962 [info ] [MainThread]: Registered adapter: snowflake=1.11.2
[0m16:34:18.246454 [debug] [MainThread]: checksum: ec27062d18352e9cfca161c166fcc73d2201661a23a3cf3c89196a27f32cfcb8, vars: {}, profile: , target: , version: 1.11.6
[0m16:34:18.246880 [info ] [MainThread]: Unable to do partial parsing because saved manifest not found. Starting full parse.
[0m16:34:18.247063 [debug] [MainThread]: Sending event: {'category': 'dbt', 'action': 'partial_parser', 'label': 'd79e5177-269e-42e6-8372-8ed166fe08c1', 'context': [<snowplow_tracker.self_describing_json.SelfDescribingJson object at 0x10e28e950>]}
[0m16:34:18.602040 [warn ] [MainThread]: [[33mWARNING[0m]: Configuration paths exist in your dbt_project.yml file which do not apply to any resources.
There are 1 unused configuration paths:
- models.deel.staging
[0m16:34:18.604164 [debug] [MainThread]: Sending event: {'category': 'dbt', 'action': 'load_project', 'label': 'd79e5177-269e-42e6-8372-8ed166fe08c1', 'context': [<snowplow_tracker.self_describing_json.SelfDescribingJson object at 0x10be7f110>]}
[0m16:34:18.623236 [debug] [MainThread]: Wrote artifact WritableManifest to /Users/natanmatos/Documents/deel/deel_chlg/target/manifest.json
[0m16:34:18.624219 [debug] [MainThread]: Wrote artifact SemanticManifest to /Users/natanmatos/Documents/deel/deel_chlg/target/semantic_manifest.json
[0m16:34:18.630769 [debug] [MainThread]: Sending event: {'category': 'dbt', 'action': 'resource_counts', 'label': 'd79e5177-269e-42e6-8372-8ed166fe08c1', 'context': [<snowplow_tracker.self_describing_json.SelfDescribingJson object at 0x10e9375b0>]}
[0m16:34:18.630998 [info ] [MainThread]: Found 522 macros
[0m16:34:18.631143 [debug] [MainThread]: Sending event: {'category': 'dbt', 'action': 'runnable_timing', 'label': 'd79e5177-269e-42e6-8372-8ed166fe08c1', 'context': [<snowplow_tracker.self_describing_json.SelfDescribingJson object at 0x10e863ad0>]}
[0m16:34:18.631384 [warn ] [MainThread]: The selection criterion 'staging' does not match any enabled nodes
[0m16:34:18.631884 [warn ] [MainThread]: Nothing to do. Try checking your model configs and model specification args
[0m16:34:18.632113 [debug] [MainThread]: Command end result
[0m16:34:18.641956 [debug] [MainThread]: Wrote artifact WritableManifest to /Users/natanmatos/Documents/deel/deel_chlg/target/manifest.json
[0m16:34:18.642816 [debug] [MainThread]: Wrote artifact SemanticManifest to /Users/natanmatos/Documents/deel/deel_chlg/target/semantic_manifest.json
[0m16:34:18.644375 [debug] [MainThread]: Wrote artifact RunExecutionResult to /Users/natanmatos/Documents/deel/deel_chlg/target/run_results.json
[0m16:34:18.645830 [debug] [MainThread]: Resource report: {"command_name": "run", "command_success": true, "command_wall_clock_time": 0.70871496, "process_in_blocks": "0", "process_kernel_time": 0.139217, "process_mem_max_rss": "149356544", "process_out_blocks": "0", "process_user_time": 1.179247}
[0m16:34:18.646093 [debug] [MainThread]: Command `dbt run` succeeded at 16:34:18.646051 after 0.71 seconds
[0m16:34:18.646278 [debug] [MainThread]: Sending event: {'category': 'dbt', 'action': 'invocation', 'label': 'end', 'context': [<snowplow_tracker.self_describing_json.SelfDescribingJson object at 0x10d4bd850>, <snowplow_tracker.self_describing_json.SelfDescribingJson object at 0x10e90e6d0>, <snowplow_tracker.self_describing_json.SelfDescribingJson object at 0x10e90e780>]}
[0m16:34:18.646426 [debug] [MainThread]: Flushing usage events
[0m16:34:19.283701 [debug] [MainThread]: An error was encountered while trying to flush usage events
[0m16:35:52.193106 [debug] [MainThread]: Sending event: {'category': 'dbt', 'action': 'invocation', 'label': 'start', 'context': [<snowplow_tracker.self_describing_json.SelfDescribingJson object at 0x108a902f0>, <snowplow_tracker.self_describing_json.SelfDescribingJson object at 0x109b6f750>, <snowplow_tracker.self_describing_json.SelfDescribingJson object at 0x109b6f9d0>]}


============================== 16:35:52.195096 | 81017de7-96d1-4af7-af3a-871e84397105 ==============================
[0m16:35:52.195096 [info ] [MainThread]: Running with dbt=1.11.6
[0m16:35:52.195369 [debug] [MainThread]: running dbt with arguments {'printer_width': '80', 'invocation_command': 'dbt clean', 'quiet': 'False', 'fail_fast': 'False', 'introspect': 'True', 'send_anonymous_usage_stats': 'True', 'empty': 'None', 'indirect_selection': 'eager', 'partial_parse': 'True', 'write_json': 'True', 'use_colors': 'True', 'cache_selected_only': 'False', 'warn_error_options': 'WarnErrorOptionsV2(error=[], warn=[], silence=[])', 'version_check': 'True', 'target_path': 'None', 'profiles_dir': '/Users/natanmatos/.dbt', 'static_parser': 'True', 'no_print': 'None', 'debug': 'False', 'use_experimental_parser': 'False', 'warn_error': 'None', 'log_format': 'default', 'log_path': '/Users/natanmatos/Documents/deel/deel_chlg/logs', 'log_cache_events': 'False'}
[0m16:35:52.244759 [debug] [MainThread]: Sending event: {'category': 'dbt', 'action': 'project_id', 'label': '81017de7-96d1-4af7-af3a-871e84397105', 'context': [<snowplow_tracker.self_describing_json.SelfDescribingJson object at 0x108ea4fc0>]}
[0m16:35:52.250927 [debug] [MainThread]: Resource report: {"command_name": "clean", "command_success": true, "command_wall_clock_time": 0.08857504, "process_in_blocks": "0", "process_kernel_time": 0.084623, "process_mem_max_rss": "114966528", "process_out_blocks": "0", "process_user_time": 0.619568}
[0m16:35:52.251133 [debug] [MainThread]: Command `dbt clean` succeeded at 16:35:52.251094 after 0.09 seconds
[0m16:35:52.251279 [debug] [MainThread]: Sending event: {'category': 'dbt', 'action': 'invocation', 'label': 'end', 'context': [<snowplow_tracker.self_describing_json.SelfDescribingJson object at 0x1099fa470>, <snowplow_tracker.self_describing_json.SelfDescribingJson object at 0x1099fa360>, <snowplow_tracker.self_describing_json.SelfDescribingJson object at 0x109ad3450>]}
[0m16:35:52.251409 [debug] [MainThread]: Flushing usage events
[0m16:35:52.941518 [debug] [MainThread]: An error was encountered while trying to flush usage events
[0m16:35:57.102281 [debug] [MainThread]: Sending event: {'category': 'dbt', 'action': 'invocation', 'label': 'start', 'context': [<snowplow_tracker.self_describing_json.SelfDescribingJson object at 0x10cfc82f0>, <snowplow_tracker.self_describing_json.SelfDescribingJson object at 0x10e0b3750>, <snowplow_tracker.self_describing_json.SelfDescribingJson object at 0x10e0b39d0>]}


============================== 16:35:57.104221 | 3269c12d-0e49-4ed1-b324-4735901a69f5 ==============================
[0m16:35:57.104221 [info ] [MainThread]: Running with dbt=1.11.6
[0m16:35:57.104508 [debug] [MainThread]: running dbt with arguments {'partial_parse': 'True', 'use_colors': 'True', 'quiet': 'False', 'static_parser': 'True', 'send_anonymous_usage_stats': 'True', 'target_path': 'None', 'warn_error': 'None', 'invocation_command': 'dbt run --select staging', 'no_print': 'None', 'warn_error_options': 'WarnErrorOptionsV2(error=[], warn=[], silence=[])', 'debug': 'False', 'printer_width': '80', 'profiles_dir': '/Users/natanmatos/.dbt', 'write_json': 'True', 'use_experimental_parser': 'False', 'version_check': 'True', 'introspect': 'True', 'cache_selected_only': 'False', 'indirect_selection': 'eager', 'log_format': 'default', 'log_cache_events': 'False', 'empty': 'False', 'log_path': '/Users/natanmatos/Documents/deel/deel_chlg/logs', 'fail_fast': 'False'}
[0m16:35:57.233108 [debug] [MainThread]: Snowflake adapter: Setting snowflake.connector to ERROR (file logging only)
[0m16:35:57.233354 [debug] [MainThread]: Snowflake adapter: Setting botocore to ERROR (file logging only)
[0m16:35:57.233496 [debug] [MainThread]: Snowflake adapter: Setting boto3 to ERROR (file logging only)
[0m16:35:57.307174 [debug] [MainThread]: Sending event: {'category': 'dbt', 'action': 'project_id', 'label': '3269c12d-0e49-4ed1-b324-4735901a69f5', 'context': [<snowplow_tracker.self_describing_json.SelfDescribingJson object at 0x10d3dcfc0>]}
[0m16:35:57.334133 [debug] [MainThread]: Sending event: {'category': 'dbt', 'action': 'adapter_info', 'label': '3269c12d-0e49-4ed1-b324-4735901a69f5', 'context': [<snowplow_tracker.self_describing_json.SelfDescribingJson object at 0x10ed1a8b0>]}
[0m16:35:57.334529 [info ] [MainThread]: Registered adapter: snowflake=1.11.2
[0m16:35:57.385042 [debug] [MainThread]: checksum: ec27062d18352e9cfca161c166fcc73d2201661a23a3cf3c89196a27f32cfcb8, vars: {}, profile: , target: , version: 1.11.6
[0m16:35:57.385446 [info ] [MainThread]: Unable to do partial parsing because saved manifest not found. Starting full parse.
[0m16:35:57.385624 [debug] [MainThread]: Sending event: {'category': 'dbt', 'action': 'partial_parser', 'label': '3269c12d-0e49-4ed1-b324-4735901a69f5', 'context': [<snowplow_tracker.self_describing_json.SelfDescribingJson object at 0x10ecea950>]}
[0m16:35:57.739057 [warn ] [MainThread]: [[33mWARNING[0m]: Configuration paths exist in your dbt_project.yml file which do not apply to any resources.
There are 3 unused configuration paths:
- models.deel.intermediate
- models.deel.marts
- models.deel.staging
[0m16:35:57.741285 [debug] [MainThread]: Sending event: {'category': 'dbt', 'action': 'load_project', 'label': '3269c12d-0e49-4ed1-b324-4735901a69f5', 'context': [<snowplow_tracker.self_describing_json.SelfDescribingJson object at 0x10c8db110>]}
[0m16:35:57.760637 [debug] [MainThread]: Wrote artifact WritableManifest to /Users/natanmatos/Documents/deel/deel_chlg/target/manifest.json
[0m16:35:57.761681 [debug] [MainThread]: Wrote artifact SemanticManifest to /Users/natanmatos/Documents/deel/deel_chlg/target/semantic_manifest.json
[0m16:35:57.767940 [debug] [MainThread]: Sending event: {'category': 'dbt', 'action': 'resource_counts', 'label': '3269c12d-0e49-4ed1-b324-4735901a69f5', 'context': [<snowplow_tracker.self_describing_json.SelfDescribingJson object at 0x10f3975b0>]}
[0m16:35:57.768154 [info ] [MainThread]: Found 522 macros
[0m16:35:57.768297 [debug] [MainThread]: Sending event: {'category': 'dbt', 'action': 'runnable_timing', 'label': '3269c12d-0e49-4ed1-b324-4735901a69f5', 'context': [<snowplow_tracker.self_describing_json.SelfDescribingJson object at 0x10f2bfad0>]}
[0m16:35:57.768577 [warn ] [MainThread]: The selection criterion 'staging' does not match any enabled nodes
[0m16:35:57.769139 [warn ] [MainThread]: Nothing to do. Try checking your model configs and model specification args
[0m16:35:57.769379 [debug] [MainThread]: Command end result
[0m16:35:57.778744 [debug] [MainThread]: Wrote artifact WritableManifest to /Users/natanmatos/Documents/deel/deel_chlg/target/manifest.json
[0m16:35:57.779490 [debug] [MainThread]: Wrote artifact SemanticManifest to /Users/natanmatos/Documents/deel/deel_chlg/target/semantic_manifest.json
[0m16:35:57.781002 [debug] [MainThread]: Wrote artifact RunExecutionResult to /Users/natanmatos/Documents/deel/deel_chlg/target/run_results.json
[0m16:35:57.782434 [debug] [MainThread]: Resource report: {"command_name": "run", "command_success": true, "command_wall_clock_time": 0.71126443, "process_in_blocks": "0", "process_kernel_time": 0.139396, "process_mem_max_rss": "149405696", "process_out_blocks": "0", "process_user_time": 1.185219}
[0m16:35:57.782716 [debug] [MainThread]: Command `dbt run` succeeded at 16:35:57.782672 after 0.71 seconds
[0m16:35:57.782907 [debug] [MainThread]: Sending event: {'category': 'dbt', 'action': 'invocation', 'label': 'end', 'context': [<snowplow_tracker.self_describing_json.SelfDescribingJson object at 0x10df19790>, <snowplow_tracker.self_describing_json.SelfDescribingJson object at 0x10f2ce6d0>, <snowplow_tracker.self_describing_json.SelfDescribingJson object at 0x10f2ce780>]}
[0m16:35:57.783056 [debug] [MainThread]: Flushing usage events
[0m16:35:58.404802 [debug] [MainThread]: An error was encountered while trying to flush usage events
[0m16:39:16.378378 [debug] [MainThread]: Sending event: {'category': 'dbt', 'action': 'invocation', 'label': 'start', 'context': [<snowplow_tracker.self_describing_json.SelfDescribingJson object at 0x10a5a82f0>, <snowplow_tracker.self_describing_json.SelfDescribingJson object at 0x10b693750>, <snowplow_tracker.self_describing_json.SelfDescribingJson object at 0x10b6939d0>]}


============================== 16:39:16.382021 | 2deb2641-79aa-49d8-8858-23a9bd773dae ==============================
[0m16:39:16.382021 [info ] [MainThread]: Running with dbt=1.11.6
[0m16:39:16.382340 [debug] [MainThread]: running dbt with arguments {'warn_error_options': 'WarnErrorOptionsV2(error=[], warn=[], silence=[])', 'partial_parse': 'True', 'introspect': 'True', 'quiet': 'False', 'send_anonymous_usage_stats': 'True', 'debug': 'False', 'log_cache_events': 'False', 'cache_selected_only': 'False', 'use_experimental_parser': 'False', 'empty': 'False', 'warn_error': 'None', 'no_print': 'None', 'fail_fast': 'False', 'log_format': 'default', 'target_path': 'None', 'indirect_selection': 'eager', 'static_parser': 'True', 'invocation_command': 'dbt run --select path:models/deel/staging', 'printer_width': '80', 'log_path': '/Users/natanmatos/Documents/deel/deel_chlg/logs', 'use_colors': 'True', 'write_json': 'True', 'profiles_dir': '/Users/natanmatos/.dbt', 'version_check': 'True'}
[0m16:39:16.584832 [debug] [MainThread]: Snowflake adapter: Setting snowflake.connector to ERROR (file logging only)
[0m16:39:16.585085 [debug] [MainThread]: Snowflake adapter: Setting botocore to ERROR (file logging only)
[0m16:39:16.585222 [debug] [MainThread]: Snowflake adapter: Setting boto3 to ERROR (file logging only)
[0m16:39:16.659338 [debug] [MainThread]: Sending event: {'category': 'dbt', 'action': 'project_id', 'label': '2deb2641-79aa-49d8-8858-23a9bd773dae', 'context': [<snowplow_tracker.self_describing_json.SelfDescribingJson object at 0x10a9bcfc0>]}
[0m16:39:16.686325 [debug] [MainThread]: Sending event: {'category': 'dbt', 'action': 'adapter_info', 'label': '2deb2641-79aa-49d8-8858-23a9bd773dae', 'context': [<snowplow_tracker.self_describing_json.SelfDescribingJson object at 0x10c2fa8b0>]}
[0m16:39:16.686953 [info ] [MainThread]: Registered adapter: snowflake=1.11.2
[0m16:39:16.741410 [debug] [MainThread]: checksum: ec27062d18352e9cfca161c166fcc73d2201661a23a3cf3c89196a27f32cfcb8, vars: {}, profile: , target: , version: 1.11.6
[0m16:39:16.776678 [debug] [MainThread]: Partial parsing enabled: 0 files deleted, 0 files added, 0 files changed.
[0m16:39:16.776869 [debug] [MainThread]: Nothing changed, skipping partial parsing.
[0m16:39:16.776985 [debug] [MainThread]: Partial parsing enabled, no changes found, skipping parsing
[0m16:39:16.777240 [warn ] [MainThread]: [[33mWARNING[0m]: Configuration paths exist in your dbt_project.yml file which do not apply to any resources.
There are 3 unused configuration paths:
- models.deel.marts
- models.deel.staging
- models.deel.intermediate
[0m16:39:16.779558 [debug] [MainThread]: Sending event: {'category': 'dbt', 'action': 'load_project', 'label': '2deb2641-79aa-49d8-8858-23a9bd773dae', 'context': [<snowplow_tracker.self_describing_json.SelfDescribingJson object at 0x10c866450>]}
[0m16:39:16.799715 [debug] [MainThread]: Wrote artifact WritableManifest to /Users/natanmatos/Documents/deel/deel_chlg/target/manifest.json
[0m16:39:16.800903 [debug] [MainThread]: Wrote artifact SemanticManifest to /Users/natanmatos/Documents/deel/deel_chlg/target/semantic_manifest.json
[0m16:39:16.811613 [debug] [MainThread]: Sending event: {'category': 'dbt', 'action': 'resource_counts', 'label': '2deb2641-79aa-49d8-8858-23a9bd773dae', 'context': [<snowplow_tracker.self_describing_json.SelfDescribingJson object at 0x10aebab70>]}
[0m16:39:16.811840 [info ] [MainThread]: Found 522 macros
[0m16:39:16.812244 [debug] [MainThread]: Sending event: {'category': 'dbt', 'action': 'runnable_timing', 'label': '2deb2641-79aa-49d8-8858-23a9bd773dae', 'context': [<snowplow_tracker.self_describing_json.SelfDescribingJson object at 0x10c981470>]}
[0m16:39:16.812536 [warn ] [MainThread]: The selection criterion 'path:models/deel/staging' does not match any enabled nodes
[0m16:39:16.813052 [warn ] [MainThread]: Nothing to do. Try checking your model configs and model specification args
[0m16:39:16.813890 [debug] [MainThread]: Command end result
[0m16:39:16.824620 [debug] [MainThread]: Wrote artifact WritableManifest to /Users/natanmatos/Documents/deel/deel_chlg/target/manifest.json
[0m16:39:16.825401 [debug] [MainThread]: Wrote artifact SemanticManifest to /Users/natanmatos/Documents/deel/deel_chlg/target/semantic_manifest.json
[0m16:39:16.826884 [debug] [MainThread]: Wrote artifact RunExecutionResult to /Users/natanmatos/Documents/deel/deel_chlg/target/run_results.json
[0m16:39:16.828532 [debug] [MainThread]: Resource report: {"command_name": "run", "command_success": true, "command_wall_clock_time": 0.48576993, "process_in_blocks": "0", "process_kernel_time": 0.179206, "process_mem_max_rss": "148439040", "process_out_blocks": "0", "process_user_time": 0.88428}
[0m16:39:16.828775 [debug] [MainThread]: Command `dbt run` succeeded at 16:39:16.828737 after 0.49 seconds
[0m16:39:16.828936 [debug] [MainThread]: Sending event: {'category': 'dbt', 'action': 'invocation', 'label': 'end', 'context': [<snowplow_tracker.self_describing_json.SelfDescribingJson object at 0x10c99fd40>, <snowplow_tracker.self_describing_json.SelfDescribingJson object at 0x10b4f9850>, <snowplow_tracker.self_describing_json.SelfDescribingJson object at 0x10c695550>]}
[0m16:39:16.829076 [debug] [MainThread]: Flushing usage events
[0m16:39:17.526491 [debug] [MainThread]: An error was encountered while trying to flush usage events
[0m16:39:59.806264 [debug] [MainThread]: Sending event: {'category': 'dbt', 'action': 'invocation', 'label': 'start', 'context': [<snowplow_tracker.self_describing_json.SelfDescribingJson object at 0x10cf602f0>, <snowplow_tracker.self_describing_json.SelfDescribingJson object at 0x10e04b750>, <snowplow_tracker.self_describing_json.SelfDescribingJson object at 0x10e04b9d0>]}


============================== 16:39:59.808242 | f837b427-34e0-4d0c-b213-ea8e52b77058 ==============================
[0m16:39:59.808242 [info ] [MainThread]: Running with dbt=1.11.6
[0m16:39:59.808526 [debug] [MainThread]: running dbt with arguments {'write_json': 'True', 'introspect': 'True', 'warn_error': 'None', 'log_path': '/Users/natanmatos/Documents/deel/deel_chlg/logs', 'cache_selected_only': 'False', 'profiles_dir': '/Users/natanmatos/.dbt', 'no_print': 'None', 'warn_error_options': 'WarnErrorOptionsV2(error=[], warn=[], silence=[])', 'send_anonymous_usage_stats': 'True', 'version_check': 'True', 'log_cache_events': 'False', 'partial_parse': 'True', 'use_colors': 'True', 'indirect_selection': 'eager', 'debug': 'False', 'empty': 'None', 'invocation_command': 'dbt ls --resource-type model', 'fail_fast': 'False', 'log_format': 'default', 'quiet': 'False', 'target_path': 'None', 'printer_width': '80', 'static_parser': 'True', 'use_experimental_parser': 'False'}
[0m16:39:59.940507 [debug] [MainThread]: Snowflake adapter: Setting snowflake.connector to ERROR (file logging only)
[0m16:39:59.940747 [debug] [MainThread]: Snowflake adapter: Setting botocore to ERROR (file logging only)
[0m16:39:59.940880 [debug] [MainThread]: Snowflake adapter: Setting boto3 to ERROR (file logging only)
[0m16:40:00.015275 [debug] [MainThread]: Sending event: {'category': 'dbt', 'action': 'project_id', 'label': 'f837b427-34e0-4d0c-b213-ea8e52b77058', 'context': [<snowplow_tracker.self_describing_json.SelfDescribingJson object at 0x10d374fc0>]}
[0m16:40:00.044285 [debug] [MainThread]: Sending event: {'category': 'dbt', 'action': 'adapter_info', 'label': 'f837b427-34e0-4d0c-b213-ea8e52b77058', 'context': [<snowplow_tracker.self_describing_json.SelfDescribingJson object at 0x10ecb29c0>]}
[0m16:40:00.044803 [info ] [MainThread]: Registered adapter: snowflake=1.11.2
[0m16:40:00.100568 [debug] [MainThread]: checksum: ec27062d18352e9cfca161c166fcc73d2201661a23a3cf3c89196a27f32cfcb8, vars: {}, profile: , target: , version: 1.11.6
[0m16:40:00.129045 [debug] [MainThread]: Partial parsing enabled: 0 files deleted, 0 files added, 0 files changed.
[0m16:40:00.129250 [debug] [MainThread]: Nothing changed, skipping partial parsing.
[0m16:40:00.129374 [debug] [MainThread]: Partial parsing enabled, no changes found, skipping parsing
[0m16:40:00.129661 [warn ] [MainThread]: [[33mWARNING[0m]: Configuration paths exist in your dbt_project.yml file which do not apply to any resources.
There are 3 unused configuration paths:
- models.deel.marts
- models.deel.staging
- models.deel.intermediate
[0m16:40:00.132093 [debug] [MainThread]: Sending event: {'category': 'dbt', 'action': 'load_project', 'label': 'f837b427-34e0-4d0c-b213-ea8e52b77058', 'context': [<snowplow_tracker.self_describing_json.SelfDescribingJson object at 0x10f226350>]}
[0m16:40:00.151793 [debug] [MainThread]: Wrote artifact WritableManifest to /Users/natanmatos/Documents/deel/deel_chlg/target/manifest.json
[0m16:40:00.152839 [debug] [MainThread]: Wrote artifact SemanticManifest to /Users/natanmatos/Documents/deel/deel_chlg/target/semantic_manifest.json
[0m16:40:00.159300 [debug] [MainThread]: Sending event: {'category': 'dbt', 'action': 'resource_counts', 'label': 'f837b427-34e0-4d0c-b213-ea8e52b77058', 'context': [<snowplow_tracker.self_describing_json.SelfDescribingJson object at 0x10ed05c70>]}
[0m16:40:00.159531 [info ] [MainThread]: Found 522 macros
[0m16:40:00.159680 [debug] [MainThread]: Sending event: {'category': 'dbt', 'action': 'runnable_timing', 'label': 'f837b427-34e0-4d0c-b213-ea8e52b77058', 'context': [<snowplow_tracker.self_describing_json.SelfDescribingJson object at 0x10f33ab30>]}
[0m16:40:00.159968 [warn ] [MainThread]: No nodes selected!
[0m16:40:00.161435 [debug] [MainThread]: Resource report: {"command_name": "list", "command_success": true, "command_wall_clock_time": 0.388116, "process_in_blocks": "0", "process_kernel_time": 0.154825, "process_mem_max_rss": "148013056", "process_out_blocks": "0", "process_user_time": 0.87804}
[0m16:40:00.161758 [debug] [MainThread]: Command `dbt ls` succeeded at 16:40:00.161719 after 0.39 seconds
[0m16:40:00.161921 [debug] [MainThread]: Sending event: {'category': 'dbt', 'action': 'invocation', 'label': 'end', 'context': [<snowplow_tracker.self_describing_json.SelfDescribingJson object at 0x10ed40530>, <snowplow_tracker.self_describing_json.SelfDescribingJson object at 0x10deb1790>, <snowplow_tracker.self_describing_json.SelfDescribingJson object at 0x10f1a34d0>]}
[0m16:40:00.162061 [debug] [MainThread]: Flushing usage events
[0m16:40:00.839149 [debug] [MainThread]: An error was encountered while trying to flush usage events
[0m16:41:30.619043 [debug] [MainThread]: Sending event: {'category': 'dbt', 'action': 'invocation', 'label': 'start', 'context': [<snowplow_tracker.self_describing_json.SelfDescribingJson object at 0x10c4d82f0>, <snowplow_tracker.self_describing_json.SelfDescribingJson object at 0x10d5bb750>, <snowplow_tracker.self_describing_json.SelfDescribingJson object at 0x10d5bb9d0>]}


============================== 16:41:30.621090 | a3f323fc-5cd4-41eb-b738-7e04f5097733 ==============================
[0m16:41:30.621090 [info ] [MainThread]: Running with dbt=1.11.6
[0m16:41:30.621372 [debug] [MainThread]: running dbt with arguments {'log_cache_events': 'False', 'cache_selected_only': 'False', 'log_format': 'default', 'no_print': 'None', 'partial_parse': 'True', 'warn_error': 'None', 'debug': 'False', 'static_parser': 'True', 'write_json': 'True', 'use_experimental_parser': 'False', 'fail_fast': 'False', 'target_path': 'None', 'printer_width': '80', 'warn_error_options': 'WarnErrorOptionsV2(error=[], warn=[], silence=[])', 'quiet': 'False', 'empty': 'None', 'version_check': 'True', 'log_path': '/Users/natanmatos/Documents/deel/deel_chlg/logs', 'invocation_command': 'dbt clean', 'profiles_dir': '/Users/natanmatos/.dbt', 'use_colors': 'True', 'indirect_selection': 'eager', 'send_anonymous_usage_stats': 'True', 'introspect': 'True'}
[0m16:41:30.671100 [debug] [MainThread]: Sending event: {'category': 'dbt', 'action': 'project_id', 'label': 'a3f323fc-5cd4-41eb-b738-7e04f5097733', 'context': [<snowplow_tracker.self_describing_json.SelfDescribingJson object at 0x10c8f0fc0>]}
[0m16:41:30.678121 [debug] [MainThread]: Resource report: {"command_name": "clean", "command_success": true, "command_wall_clock_time": 0.08947604, "process_in_blocks": "0", "process_kernel_time": 0.085708, "process_mem_max_rss": "114851840", "process_out_blocks": "0", "process_user_time": 0.624081}
[0m16:41:30.678325 [debug] [MainThread]: Command `dbt clean` succeeded at 16:41:30.678286 after 0.09 seconds
[0m16:41:30.678470 [debug] [MainThread]: Sending event: {'category': 'dbt', 'action': 'invocation', 'label': 'end', 'context': [<snowplow_tracker.self_describing_json.SelfDescribingJson object at 0x10d446470>, <snowplow_tracker.self_describing_json.SelfDescribingJson object at 0x10d446360>, <snowplow_tracker.self_describing_json.SelfDescribingJson object at 0x10d51f450>]}
[0m16:41:30.678606 [debug] [MainThread]: Flushing usage events
[0m16:41:31.345058 [debug] [MainThread]: An error was encountered while trying to flush usage events
[0m16:41:34.331361 [debug] [MainThread]: Sending event: {'category': 'dbt', 'action': 'invocation', 'label': 'start', 'context': [<snowplow_tracker.self_describing_json.SelfDescribingJson object at 0x10824c2f0>, <snowplow_tracker.self_describing_json.SelfDescribingJson object at 0x109333750>, <snowplow_tracker.self_describing_json.SelfDescribingJson object at 0x1093339d0>]}


============================== 16:41:34.333634 | 54be9b7f-45d3-41f5-9605-0f48591f0321 ==============================
[0m16:41:34.333634 [info ] [MainThread]: Running with dbt=1.11.6
[0m16:41:34.333908 [debug] [MainThread]: running dbt with arguments {'partial_parse': 'True', 'log_path': '/Users/natanmatos/Documents/deel/deel_chlg/logs', 'invocation_command': 'dbt run', 'printer_width': '80', 'profiles_dir': '/Users/natanmatos/.dbt', 'empty': 'False', 'warn_error': 'None', 'use_colors': 'True', 'quiet': 'False', 'fail_fast': 'False', 'cache_selected_only': 'False', 'no_print': 'None', 'target_path': 'None', 'static_parser': 'True', 'use_experimental_parser': 'False', 'indirect_selection': 'eager', 'debug': 'False', 'warn_error_options': 'WarnErrorOptionsV2(error=[], warn=[], silence=[])', 'version_check': 'True', 'send_anonymous_usage_stats': 'True', 'introspect': 'True', 'log_cache_events': 'False', 'write_json': 'True', 'log_format': 'default'}
[0m16:41:34.462669 [debug] [MainThread]: Snowflake adapter: Setting snowflake.connector to ERROR (file logging only)
[0m16:41:34.462904 [debug] [MainThread]: Snowflake adapter: Setting botocore to ERROR (file logging only)
[0m16:41:34.463037 [debug] [MainThread]: Snowflake adapter: Setting boto3 to ERROR (file logging only)
[0m16:41:34.535896 [debug] [MainThread]: Sending event: {'category': 'dbt', 'action': 'project_id', 'label': '54be9b7f-45d3-41f5-9605-0f48591f0321', 'context': [<snowplow_tracker.self_describing_json.SelfDescribingJson object at 0x108660fc0>]}
[0m16:41:34.563448 [debug] [MainThread]: Sending event: {'category': 'dbt', 'action': 'adapter_info', 'label': '54be9b7f-45d3-41f5-9605-0f48591f0321', 'context': [<snowplow_tracker.self_describing_json.SelfDescribingJson object at 0x109f9e8b0>]}
[0m16:41:34.563833 [info ] [MainThread]: Registered adapter: snowflake=1.11.2
[0m16:41:34.616022 [debug] [MainThread]: checksum: ec27062d18352e9cfca161c166fcc73d2201661a23a3cf3c89196a27f32cfcb8, vars: {}, profile: , target: , version: 1.11.6
[0m16:41:34.616567 [info ] [MainThread]: Unable to do partial parsing because saved manifest not found. Starting full parse.
[0m16:41:34.616793 [debug] [MainThread]: Sending event: {'category': 'dbt', 'action': 'partial_parser', 'label': '54be9b7f-45d3-41f5-9605-0f48591f0321', 'context': [<snowplow_tracker.self_describing_json.SelfDescribingJson object at 0x109f7e950>]}
[0m16:41:34.973527 [warn ] [MainThread]: [[33mWARNING[0m]: Configuration paths exist in your dbt_project.yml file which do not apply to any resources.
There are 4 unused configuration paths:
- models.deel.marts
- models.deel.staging
- models.deel
- models.deel.intermediate
[0m16:41:34.975743 [debug] [MainThread]: Sending event: {'category': 'dbt', 'action': 'load_project', 'label': '54be9b7f-45d3-41f5-9605-0f48591f0321', 'context': [<snowplow_tracker.self_describing_json.SelfDescribingJson object at 0x107b5f110>]}
[0m16:41:34.994583 [debug] [MainThread]: Wrote artifact WritableManifest to /Users/natanmatos/Documents/deel/deel_chlg/target/manifest.json
[0m16:41:34.995574 [debug] [MainThread]: Wrote artifact SemanticManifest to /Users/natanmatos/Documents/deel/deel_chlg/target/semantic_manifest.json
[0m16:41:35.002253 [debug] [MainThread]: Sending event: {'category': 'dbt', 'action': 'resource_counts', 'label': '54be9b7f-45d3-41f5-9605-0f48591f0321', 'context': [<snowplow_tracker.self_describing_json.SelfDescribingJson object at 0x10a61b5b0>]}
[0m16:41:35.002479 [info ] [MainThread]: Found 522 macros
[0m16:41:35.002632 [debug] [MainThread]: Sending event: {'category': 'dbt', 'action': 'runnable_timing', 'label': '54be9b7f-45d3-41f5-9605-0f48591f0321', 'context': [<snowplow_tracker.self_describing_json.SelfDescribingJson object at 0x10a543ad0>]}
[0m16:41:35.003259 [warn ] [MainThread]: Nothing to do. Try checking your model configs and model specification args
[0m16:41:35.003502 [debug] [MainThread]: Command end result
[0m16:41:35.012817 [debug] [MainThread]: Wrote artifact WritableManifest to /Users/natanmatos/Documents/deel/deel_chlg/target/manifest.json
[0m16:41:35.013642 [debug] [MainThread]: Wrote artifact SemanticManifest to /Users/natanmatos/Documents/deel/deel_chlg/target/semantic_manifest.json
[0m16:41:35.015411 [debug] [MainThread]: Wrote artifact RunExecutionResult to /Users/natanmatos/Documents/deel/deel_chlg/target/run_results.json
[0m16:41:35.016841 [debug] [MainThread]: Resource report: {"command_name": "run", "command_success": true, "command_wall_clock_time": 0.71683776, "process_in_blocks": "0", "process_kernel_time": 0.142939, "process_mem_max_rss": "149192704", "process_out_blocks": "0", "process_user_time": 1.202552}
[0m16:41:35.017095 [debug] [MainThread]: Command `dbt run` succeeded at 16:41:35.017055 after 0.72 seconds
[0m16:41:35.017260 [debug] [MainThread]: Sending event: {'category': 'dbt', 'action': 'invocation', 'label': 'end', 'context': [<snowplow_tracker.self_describing_json.SelfDescribingJson object at 0x10919d850>, <snowplow_tracker.self_describing_json.SelfDescribingJson object at 0x10a5ea6d0>, <snowplow_tracker.self_describing_json.SelfDescribingJson object at 0x10a5ea780>]}
[0m16:41:35.017405 [debug] [MainThread]: Flushing usage events
[0m16:41:35.673633 [debug] [MainThread]: An error was encountered while trying to flush usage events
[0m16:42:28.047506 [debug] [MainThread]: Sending event: {'category': 'dbt', 'action': 'invocation', 'label': 'start', 'context': [<snowplow_tracker.self_describing_json.SelfDescribingJson object at 0x10b0402f0>, <snowplow_tracker.self_describing_json.SelfDescribingJson object at 0x10c12b750>, <snowplow_tracker.self_describing_json.SelfDescribingJson object at 0x10c12b9d0>]}


============================== 16:42:28.050038 | a31d8980-f1e2-4fb2-9102-cd5a8c249095 ==============================
[0m16:42:28.050038 [info ] [MainThread]: Running with dbt=1.11.6
[0m16:42:28.050314 [debug] [MainThread]: running dbt with arguments {'partial_parse': 'True', 'no_print': 'None', 'write_json': 'True', 'static_parser': 'True', 'log_cache_events': 'False', 'invocation_command': 'dbt run', 'warn_error': 'None', 'use_colors': 'True', 'empty': 'False', 'use_experimental_parser': 'False', 'introspect': 'True', 'fail_fast': 'False', 'version_check': 'True', 'send_anonymous_usage_stats': 'True', 'quiet': 'False', 'log_format': 'default', 'log_path': '/Users/natanmatos/Documents/deel/deel_chlg/logs', 'target_path': 'None', 'debug': 'False', 'warn_error_options': 'WarnErrorOptionsV2(error=[], warn=[], silence=[])', 'indirect_selection': 'eager', 'profiles_dir': '/Users/natanmatos/.dbt', 'printer_width': '80', 'cache_selected_only': 'False'}
[0m16:42:28.253147 [debug] [MainThread]: Snowflake adapter: Setting snowflake.connector to ERROR (file logging only)
[0m16:42:28.253381 [debug] [MainThread]: Snowflake adapter: Setting botocore to ERROR (file logging only)
[0m16:42:28.253512 [debug] [MainThread]: Snowflake adapter: Setting boto3 to ERROR (file logging only)
[0m16:42:28.328719 [debug] [MainThread]: Sending event: {'category': 'dbt', 'action': 'project_id', 'label': 'a31d8980-f1e2-4fb2-9102-cd5a8c249095', 'context': [<snowplow_tracker.self_describing_json.SelfDescribingJson object at 0x10b458fc0>]}
[0m16:42:28.355507 [debug] [MainThread]: Sending event: {'category': 'dbt', 'action': 'adapter_info', 'label': 'a31d8980-f1e2-4fb2-9102-cd5a8c249095', 'context': [<snowplow_tracker.self_describing_json.SelfDescribingJson object at 0x10cd968b0>]}
[0m16:42:28.356228 [info ] [MainThread]: Registered adapter: snowflake=1.11.2
[0m16:42:28.409939 [debug] [MainThread]: checksum: ec27062d18352e9cfca161c166fcc73d2201661a23a3cf3c89196a27f32cfcb8, vars: {}, profile: , target: , version: 1.11.6
[0m16:42:28.429122 [info ] [MainThread]: Unable to do partial parsing because a project config has changed
[0m16:42:28.429362 [debug] [MainThread]: Sending event: {'category': 'dbt', 'action': 'partial_parser', 'label': 'a31d8980-f1e2-4fb2-9102-cd5a8c249095', 'context': [<snowplow_tracker.self_describing_json.SelfDescribingJson object at 0x10d301d50>]}
[0m16:42:28.788313 [warn ] [MainThread]: [[33mWARNING[0m]: Configuration paths exist in your dbt_project.yml file which do not apply to any resources.
There are 3 unused configuration paths:
- models.deel.marts
- models.deel.intermediate
- models.deel.staging
[0m16:42:28.790530 [debug] [MainThread]: Sending event: {'category': 'dbt', 'action': 'load_project', 'label': 'a31d8980-f1e2-4fb2-9102-cd5a8c249095', 'context': [<snowplow_tracker.self_describing_json.SelfDescribingJson object at 0x10b957d40>]}
[0m16:42:28.809228 [debug] [MainThread]: Wrote artifact WritableManifest to /Users/natanmatos/Documents/deel/deel_chlg/target/manifest.json
[0m16:42:28.810446 [debug] [MainThread]: Wrote artifact SemanticManifest to /Users/natanmatos/Documents/deel/deel_chlg/target/semantic_manifest.json
[0m16:42:28.821164 [debug] [MainThread]: Sending event: {'category': 'dbt', 'action': 'resource_counts', 'label': 'a31d8980-f1e2-4fb2-9102-cd5a8c249095', 'context': [<snowplow_tracker.self_describing_json.SelfDescribingJson object at 0x10d41f230>]}
[0m16:42:28.821397 [info ] [MainThread]: Found 522 macros
[0m16:42:28.821545 [debug] [MainThread]: Sending event: {'category': 'dbt', 'action': 'runnable_timing', 'label': 'a31d8980-f1e2-4fb2-9102-cd5a8c249095', 'context': [<snowplow_tracker.self_describing_json.SelfDescribingJson object at 0x10d343860>]}
[0m16:42:28.822164 [warn ] [MainThread]: Nothing to do. Try checking your model configs and model specification args
[0m16:42:28.822397 [debug] [MainThread]: Command end result
[0m16:42:28.831612 [debug] [MainThread]: Wrote artifact WritableManifest to /Users/natanmatos/Documents/deel/deel_chlg/target/manifest.json
[0m16:42:28.833212 [debug] [MainThread]: Wrote artifact SemanticManifest to /Users/natanmatos/Documents/deel/deel_chlg/target/semantic_manifest.json
[0m16:42:28.834766 [debug] [MainThread]: Wrote artifact RunExecutionResult to /Users/natanmatos/Documents/deel/deel_chlg/target/run_results.json
[0m16:42:28.836633 [debug] [MainThread]: Resource report: {"command_name": "run", "command_success": true, "command_wall_clock_time": 0.82096124, "process_in_blocks": "0", "process_kernel_time": 0.166305, "process_mem_max_rss": "149635072", "process_out_blocks": "0", "process_user_time": 1.215025}
[0m16:42:28.836882 [debug] [MainThread]: Command `dbt run` succeeded at 16:42:28.836842 after 0.82 seconds
[0m16:42:28.837054 [debug] [MainThread]: Sending event: {'category': 'dbt', 'action': 'invocation', 'label': 'end', 'context': [<snowplow_tracker.self_describing_json.SelfDescribingJson object at 0x10bf95790>, <snowplow_tracker.self_describing_json.SelfDescribingJson object at 0x10d2fc470>, <snowplow_tracker.self_describing_json.SelfDescribingJson object at 0x10d2fc310>]}
[0m16:42:28.837211 [debug] [MainThread]: Flushing usage events
[0m16:42:29.640980 [debug] [MainThread]: An error was encountered while trying to flush usage events
[0m16:43:17.074859 [debug] [MainThread]: Sending event: {'category': 'dbt', 'action': 'invocation', 'label': 'start', 'context': [<snowplow_tracker.self_describing_json.SelfDescribingJson object at 0x108e502f0>, <snowplow_tracker.self_describing_json.SelfDescribingJson object at 0x109f37750>, <snowplow_tracker.self_describing_json.SelfDescribingJson object at 0x109f379d0>]}


============================== 16:43:17.077484 | 48be583d-3fce-4d6e-96c3-9b73b316e3d0 ==============================
[0m16:43:17.077484 [info ] [MainThread]: Running with dbt=1.11.6
[0m16:43:17.077761 [debug] [MainThread]: running dbt with arguments {'warn_error': 'None', 'use_experimental_parser': 'False', 'log_cache_events': 'False', 'introspect': 'True', 'target_path': 'None', 'quiet': 'False', 'printer_width': '80', 'invocation_command': 'dbt run', 'fail_fast': 'False', 'cache_selected_only': 'False', 'warn_error_options': 'WarnErrorOptionsV2(error=[], warn=[], silence=[])', 'write_json': 'True', 'indirect_selection': 'eager', 'use_colors': 'True', 'send_anonymous_usage_stats': 'True', 'debug': 'False', 'static_parser': 'True', 'partial_parse': 'True', 'log_path': '/Users/natanmatos/Documents/deel/deel_chlg/logs', 'no_print': 'None', 'version_check': 'True', 'profiles_dir': '/Users/natanmatos/.dbt', 'log_format': 'default', 'empty': 'False'}
[0m16:43:17.265037 [debug] [MainThread]: Snowflake adapter: Setting snowflake.connector to ERROR (file logging only)
[0m16:43:17.265276 [debug] [MainThread]: Snowflake adapter: Setting botocore to ERROR (file logging only)
[0m16:43:17.265409 [debug] [MainThread]: Snowflake adapter: Setting boto3 to ERROR (file logging only)
[0m16:43:17.338911 [debug] [MainThread]: Sending event: {'category': 'dbt', 'action': 'project_id', 'label': '48be583d-3fce-4d6e-96c3-9b73b316e3d0', 'context': [<snowplow_tracker.self_describing_json.SelfDescribingJson object at 0x109264fc0>]}
[0m16:43:17.365753 [debug] [MainThread]: Sending event: {'category': 'dbt', 'action': 'adapter_info', 'label': '48be583d-3fce-4d6e-96c3-9b73b316e3d0', 'context': [<snowplow_tracker.self_describing_json.SelfDescribingJson object at 0x10aba28b0>]}
[0m16:43:17.366387 [info ] [MainThread]: Registered adapter: snowflake=1.11.2
[0m16:43:17.419888 [debug] [MainThread]: checksum: ec27062d18352e9cfca161c166fcc73d2201661a23a3cf3c89196a27f32cfcb8, vars: {}, profile: , target: , version: 1.11.6
[0m16:43:17.454577 [debug] [MainThread]: Partial parsing enabled: 0 files deleted, 0 files added, 0 files changed.
[0m16:43:17.454767 [debug] [MainThread]: Nothing changed, skipping partial parsing.
[0m16:43:17.454881 [debug] [MainThread]: Partial parsing enabled, no changes found, skipping parsing
[0m16:43:17.455146 [warn ] [MainThread]: [[33mWARNING[0m]: Configuration paths exist in your dbt_project.yml file which do not apply to any resources.
There are 3 unused configuration paths:
- models.deel.marts
- models.deel.intermediate
- models.deel.staging
[0m16:43:17.457488 [debug] [MainThread]: Sending event: {'category': 'dbt', 'action': 'load_project', 'label': '48be583d-3fce-4d6e-96c3-9b73b316e3d0', 'context': [<snowplow_tracker.self_describing_json.SelfDescribingJson object at 0x10b10e450>]}
[0m16:43:17.477105 [debug] [MainThread]: Wrote artifact WritableManifest to /Users/natanmatos/Documents/deel/deel_chlg/target/manifest.json
[0m16:43:17.478056 [debug] [MainThread]: Wrote artifact SemanticManifest to /Users/natanmatos/Documents/deel/deel_chlg/target/semantic_manifest.json
[0m16:43:17.488114 [debug] [MainThread]: Sending event: {'category': 'dbt', 'action': 'resource_counts', 'label': '48be583d-3fce-4d6e-96c3-9b73b316e3d0', 'context': [<snowplow_tracker.self_describing_json.SelfDescribingJson object at 0x109762b70>]}
[0m16:43:17.488321 [info ] [MainThread]: Found 522 macros
[0m16:43:17.488704 [debug] [MainThread]: Sending event: {'category': 'dbt', 'action': 'runnable_timing', 'label': '48be583d-3fce-4d6e-96c3-9b73b316e3d0', 'context': [<snowplow_tracker.self_describing_json.SelfDescribingJson object at 0x10b229470>]}
[0m16:43:17.489326 [warn ] [MainThread]: Nothing to do. Try checking your model configs and model specification args
[0m16:43:17.490131 [debug] [MainThread]: Command end result
[0m16:43:17.500140 [debug] [MainThread]: Wrote artifact WritableManifest to /Users/natanmatos/Documents/deel/deel_chlg/target/manifest.json
[0m16:43:17.500959 [debug] [MainThread]: Wrote artifact SemanticManifest to /Users/natanmatos/Documents/deel/deel_chlg/target/semantic_manifest.json
[0m16:43:17.502397 [debug] [MainThread]: Wrote artifact RunExecutionResult to /Users/natanmatos/Documents/deel/deel_chlg/target/run_results.json
[0m16:43:17.503942 [debug] [MainThread]: Resource report: {"command_name": "run", "command_success": true, "command_wall_clock_time": 0.46201542, "process_in_blocks": "0", "process_kernel_time": 0.155501, "process_mem_max_rss": "148996096", "process_out_blocks": "0", "process_user_time": 0.881075}
[0m16:43:17.504180 [debug] [MainThread]: Command `dbt run` succeeded at 16:43:17.504142 after 0.46 seconds
[0m16:43:17.504339 [debug] [MainThread]: Sending event: {'category': 'dbt', 'action': 'invocation', 'label': 'end', 'context': [<snowplow_tracker.self_describing_json.SelfDescribingJson object at 0x10b247d40>, <snowplow_tracker.self_describing_json.SelfDescribingJson object at 0x109da1850>, <snowplow_tracker.self_describing_json.SelfDescribingJson object at 0x10af3d550>]}
[0m16:43:17.504478 [debug] [MainThread]: Flushing usage events
[0m16:43:18.144933 [debug] [MainThread]: An error was encountered while trying to flush usage events
[0m16:43:44.851397 [debug] [MainThread]: Sending event: {'category': 'dbt', 'action': 'invocation', 'label': 'start', 'context': [<snowplow_tracker.self_describing_json.SelfDescribingJson object at 0x1080ac2f0>, <snowplow_tracker.self_describing_json.SelfDescribingJson object at 0x109193750>, <snowplow_tracker.self_describing_json.SelfDescribingJson object at 0x1091939d0>]}


============================== 16:43:44.853677 | b94c1556-8278-4cbd-bf53-8edee1d63f6e ==============================
[0m16:43:44.853677 [info ] [MainThread]: Running with dbt=1.11.6
[0m16:43:44.853962 [debug] [MainThread]: running dbt with arguments {'printer_width': '80', 'fail_fast': 'False', 'invocation_command': 'dbt run', 'indirect_selection': 'eager', 'profiles_dir': '/Users/natanmatos/.dbt', 'cache_selected_only': 'False', 'warn_error_options': 'WarnErrorOptionsV2(error=[], warn=[], silence=[])', 'version_check': 'True', 'empty': 'False', 'static_parser': 'True', 'use_colors': 'True', 'use_experimental_parser': 'False', 'log_format': 'default', 'introspect': 'True', 'target_path': 'None', 'partial_parse': 'True', 'log_cache_events': 'False', 'log_path': '/Users/natanmatos/Documents/deel/deel_chlg/logs', 'send_anonymous_usage_stats': 'True', 'no_print': 'None', 'write_json': 'True', 'quiet': 'False', 'debug': 'False', 'warn_error': 'None'}
[0m16:43:44.987626 [debug] [MainThread]: Snowflake adapter: Setting snowflake.connector to ERROR (file logging only)
[0m16:43:44.987876 [debug] [MainThread]: Snowflake adapter: Setting botocore to ERROR (file logging only)
[0m16:43:44.988009 [debug] [MainThread]: Snowflake adapter: Setting boto3 to ERROR (file logging only)
[0m16:43:45.059875 [debug] [MainThread]: Sending event: {'category': 'dbt', 'action': 'project_id', 'label': 'b94c1556-8278-4cbd-bf53-8edee1d63f6e', 'context': [<snowplow_tracker.self_describing_json.SelfDescribingJson object at 0x1084c0fc0>]}
[0m16:43:45.087082 [debug] [MainThread]: Sending event: {'category': 'dbt', 'action': 'adapter_info', 'label': 'b94c1556-8278-4cbd-bf53-8edee1d63f6e', 'context': [<snowplow_tracker.self_describing_json.SelfDescribingJson object at 0x109dfe8b0>]}
[0m16:43:45.087497 [info ] [MainThread]: Registered adapter: snowflake=1.11.2
[0m16:43:45.138674 [debug] [MainThread]: checksum: ec27062d18352e9cfca161c166fcc73d2201661a23a3cf3c89196a27f32cfcb8, vars: {}, profile: , target: , version: 1.11.6
[0m16:43:45.159445 [info ] [MainThread]: Unable to do partial parsing because a project config has changed
[0m16:43:45.159845 [debug] [MainThread]: Sending event: {'category': 'dbt', 'action': 'partial_parser', 'label': 'b94c1556-8278-4cbd-bf53-8edee1d63f6e', 'context': [<snowplow_tracker.self_describing_json.SelfDescribingJson object at 0x10a365d50>]}
[0m16:43:45.514685 [warn ] [MainThread]: [[33mWARNING[0m]: Configuration paths exist in your dbt_project.yml file which do not apply to any resources.
There are 3 unused configuration paths:
- models.deel.deel.staging
- models.deel.deel.intermediate
- models.deel.deel.marts
[0m16:43:45.516785 [debug] [MainThread]: Sending event: {'category': 'dbt', 'action': 'load_project', 'label': 'b94c1556-8278-4cbd-bf53-8edee1d63f6e', 'context': [<snowplow_tracker.self_describing_json.SelfDescribingJson object at 0x1089bfd40>]}
[0m16:43:45.535412 [debug] [MainThread]: Wrote artifact WritableManifest to /Users/natanmatos/Documents/deel/deel_chlg/target/manifest.json
[0m16:43:45.536397 [debug] [MainThread]: Wrote artifact SemanticManifest to /Users/natanmatos/Documents/deel/deel_chlg/target/semantic_manifest.json
[0m16:43:45.542920 [debug] [MainThread]: Sending event: {'category': 'dbt', 'action': 'resource_counts', 'label': 'b94c1556-8278-4cbd-bf53-8edee1d63f6e', 'context': [<snowplow_tracker.self_describing_json.SelfDescribingJson object at 0x10a487230>]}
[0m16:43:45.543149 [info ] [MainThread]: Found 522 macros
[0m16:43:45.543297 [debug] [MainThread]: Sending event: {'category': 'dbt', 'action': 'runnable_timing', 'label': 'b94c1556-8278-4cbd-bf53-8edee1d63f6e', 'context': [<snowplow_tracker.self_describing_json.SelfDescribingJson object at 0x10a2f7860>]}
[0m16:43:45.543904 [warn ] [MainThread]: Nothing to do. Try checking your model configs and model specification args
[0m16:43:45.544142 [debug] [MainThread]: Command end result
[0m16:43:45.554175 [debug] [MainThread]: Wrote artifact WritableManifest to /Users/natanmatos/Documents/deel/deel_chlg/target/manifest.json
[0m16:43:45.555098 [debug] [MainThread]: Wrote artifact SemanticManifest to /Users/natanmatos/Documents/deel/deel_chlg/target/semantic_manifest.json
[0m16:43:45.556642 [debug] [MainThread]: Wrote artifact RunExecutionResult to /Users/natanmatos/Documents/deel/deel_chlg/target/run_results.json
[0m16:43:45.558039 [debug] [MainThread]: Resource report: {"command_name": "run", "command_success": true, "command_wall_clock_time": 0.73711765, "process_in_blocks": "0", "process_kernel_time": 0.144935, "process_mem_max_rss": "149471232", "process_out_blocks": "0", "process_user_time": 1.204867}
[0m16:43:45.558274 [debug] [MainThread]: Command `dbt run` succeeded at 16:43:45.558237 after 0.74 seconds
[0m16:43:45.558435 [debug] [MainThread]: Sending event: {'category': 'dbt', 'action': 'invocation', 'label': 'end', 'context': [<snowplow_tracker.self_describing_json.SelfDescribingJson object at 0x108ffd790>, <snowplow_tracker.self_describing_json.SelfDescribingJson object at 0x10a39c470>, <snowplow_tracker.self_describing_json.SelfDescribingJson object at 0x10a39c310>]}
[0m16:43:45.558576 [debug] [MainThread]: Flushing usage events
[0m16:43:46.223828 [debug] [MainThread]: An error was encountered while trying to flush usage events
[0m16:43:58.139030 [debug] [MainThread]: Sending event: {'category': 'dbt', 'action': 'invocation', 'label': 'start', 'context': [<snowplow_tracker.self_describing_json.SelfDescribingJson object at 0x108cac2f0>, <snowplow_tracker.self_describing_json.SelfDescribingJson object at 0x109d93750>, <snowplow_tracker.self_describing_json.SelfDescribingJson object at 0x109d939d0>]}


============================== 16:43:58.141145 | b52ecedf-b69c-43a1-aa03-08c17d09ee78 ==============================
[0m16:43:58.141145 [info ] [MainThread]: Running with dbt=1.11.6
[0m16:43:58.141433 [debug] [MainThread]: running dbt with arguments {'invocation_command': 'dbt run', 'introspect': 'True', 'no_print': 'None', 'printer_width': '80', 'use_colors': 'True', 'log_path': '/Users/natanmatos/Documents/deel/deel_chlg/logs', 'cache_selected_only': 'False', 'debug': 'False', 'warn_error': 'None', 'static_parser': 'True', 'quiet': 'False', 'empty': 'False', 'version_check': 'True', 'indirect_selection': 'eager', 'log_cache_events': 'False', 'send_anonymous_usage_stats': 'True', 'write_json': 'True', 'profiles_dir': '/Users/natanmatos/.dbt', 'log_format': 'default', 'fail_fast': 'False', 'partial_parse': 'True', 'target_path': 'None', 'warn_error_options': 'WarnErrorOptionsV2(error=[], warn=[], silence=[])', 'use_experimental_parser': 'False'}
[0m16:43:58.274209 [debug] [MainThread]: Snowflake adapter: Setting snowflake.connector to ERROR (file logging only)
[0m16:43:58.274512 [debug] [MainThread]: Snowflake adapter: Setting botocore to ERROR (file logging only)
[0m16:43:58.274703 [debug] [MainThread]: Snowflake adapter: Setting boto3 to ERROR (file logging only)
[0m16:43:58.301154 [warn ] [MainThread]: [[33mWARNING[0m][DuplicateYAMLKeysDeprecation]: Deprecated functionality
Duplicate key 'model-paths' in "<unicode string>", line 15, column 1 in file
`/Users/natanmatos/Documents/deel/deel_chlg/dbt_project.yml`
[0m16:43:58.301418 [debug] [MainThread]: Sending event: {'category': 'dbt', 'action': 'deprecation', 'label': 'b52ecedf-b69c-43a1-aa03-08c17d09ee78', 'property_': 'warn', 'context': [<snowplow_tracker.self_describing_json.SelfDescribingJson object at 0x10a9f9350>]}
[0m16:43:58.350995 [debug] [MainThread]: Sending event: {'category': 'dbt', 'action': 'project_id', 'label': 'b52ecedf-b69c-43a1-aa03-08c17d09ee78', 'context': [<snowplow_tracker.self_describing_json.SelfDescribingJson object at 0x10a9fe8b0>]}
[0m16:43:58.381575 [debug] [MainThread]: Sending event: {'category': 'dbt', 'action': 'adapter_info', 'label': 'b52ecedf-b69c-43a1-aa03-08c17d09ee78', 'context': [<snowplow_tracker.self_describing_json.SelfDescribingJson object at 0x10a9de550>]}
[0m16:43:58.382119 [info ] [MainThread]: Registered adapter: snowflake=1.11.2
[0m16:43:58.434954 [debug] [MainThread]: checksum: ec27062d18352e9cfca161c166fcc73d2201661a23a3cf3c89196a27f32cfcb8, vars: {}, profile: , target: , version: 1.11.6
[0m16:43:58.453999 [info ] [MainThread]: Unable to do partial parsing because a project config has changed
[0m16:43:58.454258 [debug] [MainThread]: Sending event: {'category': 'dbt', 'action': 'partial_parser', 'label': 'b52ecedf-b69c-43a1-aa03-08c17d09ee78', 'context': [<snowplow_tracker.self_describing_json.SelfDescribingJson object at 0x109c0a8a0>]}
[0m16:43:58.811392 [warn ] [MainThread]: [[33mWARNING[0m]: Configuration paths exist in your dbt_project.yml file which do not apply to any resources.
There are 1 unused configuration paths:
- models.deel.deel.staging
[0m16:43:58.813519 [debug] [MainThread]: Sending event: {'category': 'dbt', 'action': 'load_project', 'label': 'b52ecedf-b69c-43a1-aa03-08c17d09ee78', 'context': [<snowplow_tracker.self_describing_json.SelfDescribingJson object at 0x10ad96dd0>]}
[0m16:43:58.832239 [debug] [MainThread]: Wrote artifact WritableManifest to /Users/natanmatos/Documents/deel/deel_chlg/target/manifest.json
[0m16:43:58.833403 [debug] [MainThread]: Wrote artifact SemanticManifest to /Users/natanmatos/Documents/deel/deel_chlg/target/semantic_manifest.json
[0m16:43:58.840014 [debug] [MainThread]: Sending event: {'category': 'dbt', 'action': 'resource_counts', 'label': 'b52ecedf-b69c-43a1-aa03-08c17d09ee78', 'context': [<snowplow_tracker.self_describing_json.SelfDescribingJson object at 0x10b0af790>]}
[0m16:43:58.840235 [info ] [MainThread]: Found 522 macros
[0m16:43:58.840377 [debug] [MainThread]: Sending event: {'category': 'dbt', 'action': 'runnable_timing', 'label': 'b52ecedf-b69c-43a1-aa03-08c17d09ee78', 'context': [<snowplow_tracker.self_describing_json.SelfDescribingJson object at 0x10af14710>]}
[0m16:43:58.840982 [warn ] [MainThread]: Nothing to do. Try checking your model configs and model specification args
[0m16:43:58.841210 [debug] [MainThread]: Command end result
[0m16:43:58.850662 [debug] [MainThread]: Wrote artifact WritableManifest to /Users/natanmatos/Documents/deel/deel_chlg/target/manifest.json
[0m16:43:58.851438 [debug] [MainThread]: Wrote artifact SemanticManifest to /Users/natanmatos/Documents/deel/deel_chlg/target/semantic_manifest.json
[0m16:43:58.852906 [debug] [MainThread]: Wrote artifact RunExecutionResult to /Users/natanmatos/Documents/deel/deel_chlg/target/run_results.json
[0m16:43:58.853142 [warn ] [MainThread]: [[33mWARNING[0m][DeprecationsSummary]: Deprecated functionality
Summary of encountered deprecations:
- DuplicateYAMLKeysDeprecation: 1 occurrence
To see all deprecation instances instead of just the first occurrence of each,
run command again with the `--show-all-deprecations` flag. You may also need to
run with `--no-partial-parse` as some deprecations are only encountered during
parsing.
[0m16:43:58.854681 [debug] [MainThread]: Resource report: {"command_name": "run", "command_success": true, "command_wall_clock_time": 0.7505163, "process_in_blocks": "0", "process_kernel_time": 0.156174, "process_mem_max_rss": "149864448", "process_out_blocks": "0", "process_user_time": 1.231829}
[0m16:43:58.854915 [debug] [MainThread]: Command `dbt run` succeeded at 16:43:58.854879 after 0.75 seconds
[0m16:43:58.855075 [debug] [MainThread]: Sending event: {'category': 'dbt', 'action': 'invocation', 'label': 'end', 'context': [<snowplow_tracker.self_describing_json.SelfDescribingJson object at 0x10af7c470>, <snowplow_tracker.self_describing_json.SelfDescribingJson object at 0x10aef22b0>, <snowplow_tracker.self_describing_json.SelfDescribingJson object at 0x10aef23f0>]}
[0m16:43:58.855213 [debug] [MainThread]: Flushing usage events
[0m16:43:59.522956 [debug] [MainThread]: An error was encountered while trying to flush usage events
[0m16:44:36.914004 [debug] [MainThread]: Sending event: {'category': 'dbt', 'action': 'invocation', 'label': 'start', 'context': [<snowplow_tracker.self_describing_json.SelfDescribingJson object at 0x108d6c2f0>, <snowplow_tracker.self_describing_json.SelfDescribingJson object at 0x109e57750>, <snowplow_tracker.self_describing_json.SelfDescribingJson object at 0x109e579d0>]}


============================== 16:44:36.916086 | 559c80b0-ea9c-4358-a522-a55fb6e2fc61 ==============================
[0m16:44:36.916086 [info ] [MainThread]: Running with dbt=1.11.6
[0m16:44:36.916365 [debug] [MainThread]: running dbt with arguments {'target_path': 'None', 'version_check': 'True', 'warn_error': 'None', 'quiet': 'False', 'use_colors': 'True', 'invocation_command': 'dbt run', 'cache_selected_only': 'False', 'send_anonymous_usage_stats': 'True', 'log_format': 'default', 'fail_fast': 'False', 'log_path': '/Users/natanmatos/Documents/deel/deel_chlg/logs', 'debug': 'False', 'printer_width': '80', 'write_json': 'True', 'log_cache_events': 'False', 'indirect_selection': 'eager', 'empty': 'False', 'partial_parse': 'True', 'warn_error_options': 'WarnErrorOptionsV2(error=[], warn=[], silence=[])', 'introspect': 'True', 'use_experimental_parser': 'False', 'static_parser': 'True', 'no_print': 'None', 'profiles_dir': '/Users/natanmatos/.dbt'}
[0m16:44:37.061311 [debug] [MainThread]: Snowflake adapter: Setting snowflake.connector to ERROR (file logging only)
[0m16:44:37.061562 [debug] [MainThread]: Snowflake adapter: Setting botocore to ERROR (file logging only)
[0m16:44:37.061702 [debug] [MainThread]: Snowflake adapter: Setting boto3 to ERROR (file logging only)
[0m16:44:37.140724 [debug] [MainThread]: Sending event: {'category': 'dbt', 'action': 'project_id', 'label': '559c80b0-ea9c-4358-a522-a55fb6e2fc61', 'context': [<snowplow_tracker.self_describing_json.SelfDescribingJson object at 0x109180fc0>]}
[0m16:44:37.169767 [debug] [MainThread]: Sending event: {'category': 'dbt', 'action': 'adapter_info', 'label': '559c80b0-ea9c-4358-a522-a55fb6e2fc61', 'context': [<snowplow_tracker.self_describing_json.SelfDescribingJson object at 0x10aac28b0>]}
[0m16:44:37.170274 [info ] [MainThread]: Registered adapter: snowflake=1.11.2
[0m16:44:37.230204 [debug] [MainThread]: checksum: ec27062d18352e9cfca161c166fcc73d2201661a23a3cf3c89196a27f32cfcb8, vars: {}, profile: , target: , version: 1.11.6
[0m16:44:37.252316 [info ] [MainThread]: Unable to do partial parsing because a project config has changed
[0m16:44:37.252608 [debug] [MainThread]: Sending event: {'category': 'dbt', 'action': 'partial_parser', 'label': '559c80b0-ea9c-4358-a522-a55fb6e2fc61', 'context': [<snowplow_tracker.self_describing_json.SelfDescribingJson object at 0x10b02dd50>]}
[0m16:44:37.615984 [warn ] [MainThread]: [[33mWARNING[0m]: Configuration paths exist in your dbt_project.yml file which do not apply to any resources.
There are 1 unused configuration paths:
- models.deel.deel.staging
[0m16:44:37.618303 [debug] [MainThread]: Sending event: {'category': 'dbt', 'action': 'load_project', 'label': '559c80b0-ea9c-4358-a522-a55fb6e2fc61', 'context': [<snowplow_tracker.self_describing_json.SelfDescribingJson object at 0x109683d40>]}
[0m16:44:37.636578 [debug] [MainThread]: Wrote artifact WritableManifest to /Users/natanmatos/Documents/deel/deel_chlg/target/manifest.json
[0m16:44:37.637666 [debug] [MainThread]: Wrote artifact SemanticManifest to /Users/natanmatos/Documents/deel/deel_chlg/target/semantic_manifest.json
[0m16:44:37.644441 [debug] [MainThread]: Sending event: {'category': 'dbt', 'action': 'resource_counts', 'label': '559c80b0-ea9c-4358-a522-a55fb6e2fc61', 'context': [<snowplow_tracker.self_describing_json.SelfDescribingJson object at 0x10b14b230>]}
[0m16:44:37.644683 [info ] [MainThread]: Found 522 macros
[0m16:44:37.644825 [debug] [MainThread]: Sending event: {'category': 'dbt', 'action': 'runnable_timing', 'label': '559c80b0-ea9c-4358-a522-a55fb6e2fc61', 'context': [<snowplow_tracker.self_describing_json.SelfDescribingJson object at 0x10b04b860>]}
[0m16:44:37.645430 [warn ] [MainThread]: Nothing to do. Try checking your model configs and model specification args
[0m16:44:37.645662 [debug] [MainThread]: Command end result
[0m16:44:37.655224 [debug] [MainThread]: Wrote artifact WritableManifest to /Users/natanmatos/Documents/deel/deel_chlg/target/manifest.json
[0m16:44:37.656107 [debug] [MainThread]: Wrote artifact SemanticManifest to /Users/natanmatos/Documents/deel/deel_chlg/target/semantic_manifest.json
[0m16:44:37.657563 [debug] [MainThread]: Wrote artifact RunExecutionResult to /Users/natanmatos/Documents/deel/deel_chlg/target/run_results.json
[0m16:44:37.659160 [debug] [MainThread]: Resource report: {"command_name": "run", "command_success": true, "command_wall_clock_time": 0.7762277, "process_in_blocks": "0", "process_kernel_time": 0.15528, "process_mem_max_rss": "149913600", "process_out_blocks": "0", "process_user_time": 1.251058}
[0m16:44:37.659406 [debug] [MainThread]: Command `dbt run` succeeded at 16:44:37.659366 after 0.78 seconds
[0m16:44:37.659577 [debug] [MainThread]: Sending event: {'category': 'dbt', 'action': 'invocation', 'label': 'end', 'context': [<snowplow_tracker.self_describing_json.SelfDescribingJson object at 0x109cc1850>, <snowplow_tracker.self_describing_json.SelfDescribingJson object at 0x10b050470>, <snowplow_tracker.self_describing_json.SelfDescribingJson object at 0x10b050310>]}
[0m16:44:37.659743 [debug] [MainThread]: Flushing usage events
[0m16:44:38.294588 [debug] [MainThread]: An error was encountered while trying to flush usage events
[0m16:45:16.479826 [debug] [MainThread]: Sending event: {'category': 'dbt', 'action': 'invocation', 'label': 'start', 'context': [<snowplow_tracker.self_describing_json.SelfDescribingJson object at 0x108ef02f0>, <snowplow_tracker.self_describing_json.SelfDescribingJson object at 0x109fd7750>, <snowplow_tracker.self_describing_json.SelfDescribingJson object at 0x109fd79d0>]}


============================== 16:45:16.482397 | cba6328c-299c-4feb-ab00-35de11d78b73 ==============================
[0m16:45:16.482397 [info ] [MainThread]: Running with dbt=1.11.6
[0m16:45:16.482709 [debug] [MainThread]: running dbt with arguments {'use_colors': 'True', 'indirect_selection': 'eager', 'use_experimental_parser': 'False', 'partial_parse': 'True', 'empty': 'False', 'printer_width': '80', 'no_print': 'None', 'debug': 'False', 'warn_error': 'None', 'cache_selected_only': 'False', 'target_path': 'None', 'fail_fast': 'False', 'quiet': 'False', 'log_cache_events': 'False', 'invocation_command': 'dbt run', 'warn_error_options': 'WarnErrorOptionsV2(error=[], warn=[], silence=[])', 'write_json': 'True', 'profiles_dir': '/Users/natanmatos/.dbt', 'log_format': 'default', 'send_anonymous_usage_stats': 'True', 'static_parser': 'True', 'log_path': '/Users/natanmatos/Documents/deel/deel_chlg/logs', 'introspect': 'True', 'version_check': 'True'}
[0m16:45:16.641160 [debug] [MainThread]: Snowflake adapter: Setting snowflake.connector to ERROR (file logging only)
[0m16:45:16.641456 [debug] [MainThread]: Snowflake adapter: Setting botocore to ERROR (file logging only)
[0m16:45:16.641600 [debug] [MainThread]: Snowflake adapter: Setting boto3 to ERROR (file logging only)
[0m16:45:16.717370 [debug] [MainThread]: Sending event: {'category': 'dbt', 'action': 'project_id', 'label': 'cba6328c-299c-4feb-ab00-35de11d78b73', 'context': [<snowplow_tracker.self_describing_json.SelfDescribingJson object at 0x109304fc0>]}
[0m16:45:16.744696 [debug] [MainThread]: Sending event: {'category': 'dbt', 'action': 'adapter_info', 'label': 'cba6328c-299c-4feb-ab00-35de11d78b73', 'context': [<snowplow_tracker.self_describing_json.SelfDescribingJson object at 0x10ac428b0>]}
[0m16:45:16.745176 [info ] [MainThread]: Registered adapter: snowflake=1.11.2
[0m16:45:16.796331 [debug] [MainThread]: checksum: ec27062d18352e9cfca161c166fcc73d2201661a23a3cf3c89196a27f32cfcb8, vars: {}, profile: , target: , version: 1.11.6
[0m16:45:16.815516 [info ] [MainThread]: Unable to do partial parsing because a project config has changed
[0m16:45:16.815760 [debug] [MainThread]: Sending event: {'category': 'dbt', 'action': 'partial_parser', 'label': 'cba6328c-299c-4feb-ab00-35de11d78b73', 'context': [<snowplow_tracker.self_describing_json.SelfDescribingJson object at 0x10b1a9d50>]}
[0m16:45:17.171164 [warn ] [MainThread]: [[33mWARNING[0m]: Configuration paths exist in your dbt_project.yml file which do not apply to any resources.
There are 1 unused configuration paths:
- models.deel.staging
[0m16:45:17.173435 [debug] [MainThread]: Sending event: {'category': 'dbt', 'action': 'load_project', 'label': 'cba6328c-299c-4feb-ab00-35de11d78b73', 'context': [<snowplow_tracker.self_describing_json.SelfDescribingJson object at 0x109803d40>]}
[0m16:45:17.192552 [debug] [MainThread]: Wrote artifact WritableManifest to /Users/natanmatos/Documents/deel/deel_chlg/target/manifest.json
[0m16:45:17.193606 [debug] [MainThread]: Wrote artifact SemanticManifest to /Users/natanmatos/Documents/deel/deel_chlg/target/semantic_manifest.json
[0m16:45:17.200520 [debug] [MainThread]: Sending event: {'category': 'dbt', 'action': 'resource_counts', 'label': 'cba6328c-299c-4feb-ab00-35de11d78b73', 'context': [<snowplow_tracker.self_describing_json.SelfDescribingJson object at 0x10b2cb230>]}
[0m16:45:17.200761 [info ] [MainThread]: Found 522 macros
[0m16:45:17.200907 [debug] [MainThread]: Sending event: {'category': 'dbt', 'action': 'runnable_timing', 'label': 'cba6328c-299c-4feb-ab00-35de11d78b73', 'context': [<snowplow_tracker.self_describing_json.SelfDescribingJson object at 0x10b13b860>]}
[0m16:45:17.201527 [warn ] [MainThread]: Nothing to do. Try checking your model configs and model specification args
[0m16:45:17.201829 [debug] [MainThread]: Command end result
[0m16:45:17.211152 [debug] [MainThread]: Wrote artifact WritableManifest to /Users/natanmatos/Documents/deel/deel_chlg/target/manifest.json
[0m16:45:17.212068 [debug] [MainThread]: Wrote artifact SemanticManifest to /Users/natanmatos/Documents/deel/deel_chlg/target/semantic_manifest.json
[0m16:45:17.213599 [debug] [MainThread]: Wrote artifact RunExecutionResult to /Users/natanmatos/Documents/deel/deel_chlg/target/run_results.json
[0m16:45:17.215049 [debug] [MainThread]: Resource report: {"command_name": "run", "command_success": true, "command_wall_clock_time": 0.7728019, "process_in_blocks": "0", "process_kernel_time": 0.165976, "process_mem_max_rss": "149422080", "process_out_blocks": "0", "process_user_time": 1.249548}
[0m16:45:17.215295 [debug] [MainThread]: Command `dbt run` succeeded at 16:45:17.215255 after 0.77 seconds
[0m16:45:17.215464 [debug] [MainThread]: Sending event: {'category': 'dbt', 'action': 'invocation', 'label': 'end', 'context': [<snowplow_tracker.self_describing_json.SelfDescribingJson object at 0x109e41850>, <snowplow_tracker.self_describing_json.SelfDescribingJson object at 0x10b188470>, <snowplow_tracker.self_describing_json.SelfDescribingJson object at 0x10b188310>]}
[0m16:45:17.215637 [debug] [MainThread]: Flushing usage events
[0m16:45:17.874639 [debug] [MainThread]: An error was encountered while trying to flush usage events
[0m16:45:47.423091 [debug] [MainThread]: Sending event: {'category': 'dbt', 'action': 'invocation', 'label': 'start', 'context': [<snowplow_tracker.self_describing_json.SelfDescribingJson object at 0x10a6602f0>, <snowplow_tracker.self_describing_json.SelfDescribingJson object at 0x10b74b750>, <snowplow_tracker.self_describing_json.SelfDescribingJson object at 0x10b74b9d0>]}


============================== 16:45:47.425333 | 8cced437-10d1-4465-9c63-258772f6b17f ==============================
[0m16:45:47.425333 [info ] [MainThread]: Running with dbt=1.11.6
[0m16:45:47.425620 [debug] [MainThread]: running dbt with arguments {'partial_parse': 'True', 'indirect_selection': 'eager', 'warn_error': 'None', 'invocation_command': 'dbt list', 'log_format': 'default', 'use_colors': 'True', 'empty': 'None', 'write_json': 'True', 'version_check': 'True', 'cache_selected_only': 'False', 'warn_error_options': 'WarnErrorOptionsV2(error=[], warn=[], silence=[])', 'log_path': '/Users/natanmatos/Documents/deel/deel_chlg/logs', 'target_path': 'None', 'use_experimental_parser': 'False', 'fail_fast': 'False', 'no_print': 'None', 'printer_width': '80', 'quiet': 'False', 'profiles_dir': '/Users/natanmatos/.dbt', 'debug': 'False', 'static_parser': 'True', 'send_anonymous_usage_stats': 'True', 'introspect': 'True', 'log_cache_events': 'False'}
[0m16:45:47.557058 [debug] [MainThread]: Snowflake adapter: Setting snowflake.connector to ERROR (file logging only)
[0m16:45:47.557298 [debug] [MainThread]: Snowflake adapter: Setting botocore to ERROR (file logging only)
[0m16:45:47.557430 [debug] [MainThread]: Snowflake adapter: Setting boto3 to ERROR (file logging only)
[0m16:45:47.630060 [debug] [MainThread]: Sending event: {'category': 'dbt', 'action': 'project_id', 'label': '8cced437-10d1-4465-9c63-258772f6b17f', 'context': [<snowplow_tracker.self_describing_json.SelfDescribingJson object at 0x10aa74fc0>]}
[0m16:45:47.657153 [debug] [MainThread]: Sending event: {'category': 'dbt', 'action': 'adapter_info', 'label': '8cced437-10d1-4465-9c63-258772f6b17f', 'context': [<snowplow_tracker.self_describing_json.SelfDescribingJson object at 0x10c3b29c0>]}
[0m16:45:47.657534 [info ] [MainThread]: Registered adapter: snowflake=1.11.2
[0m16:45:47.708667 [debug] [MainThread]: checksum: ec27062d18352e9cfca161c166fcc73d2201661a23a3cf3c89196a27f32cfcb8, vars: {}, profile: , target: , version: 1.11.6
[0m16:45:47.736937 [debug] [MainThread]: Partial parsing enabled: 0 files deleted, 0 files added, 0 files changed.
[0m16:45:47.737157 [debug] [MainThread]: Nothing changed, skipping partial parsing.
[0m16:45:47.737276 [debug] [MainThread]: Partial parsing enabled, no changes found, skipping parsing
[0m16:45:47.737551 [warn ] [MainThread]: [[33mWARNING[0m]: Configuration paths exist in your dbt_project.yml file which do not apply to any resources.
There are 1 unused configuration paths:
- models.deel.staging
[0m16:45:47.739850 [debug] [MainThread]: Sending event: {'category': 'dbt', 'action': 'load_project', 'label': '8cced437-10d1-4465-9c63-258772f6b17f', 'context': [<snowplow_tracker.self_describing_json.SelfDescribingJson object at 0x10c922350>]}
[0m16:45:47.758972 [debug] [MainThread]: Wrote artifact WritableManifest to /Users/natanmatos/Documents/deel/deel_chlg/target/manifest.json
[0m16:45:47.759934 [debug] [MainThread]: Wrote artifact SemanticManifest to /Users/natanmatos/Documents/deel/deel_chlg/target/semantic_manifest.json
[0m16:45:47.765974 [debug] [MainThread]: Sending event: {'category': 'dbt', 'action': 'runnable_timing', 'label': '8cced437-10d1-4465-9c63-258772f6b17f', 'context': [<snowplow_tracker.self_describing_json.SelfDescribingJson object at 0x10c405c70>]}
[0m16:45:47.766294 [warn ] [MainThread]: No nodes selected!
[0m16:45:47.767711 [debug] [MainThread]: Resource report: {"command_name": "list", "command_success": true, "command_wall_clock_time": 0.3773118, "process_in_blocks": "0", "process_kernel_time": 0.142659, "process_mem_max_rss": "148471808", "process_out_blocks": "0", "process_user_time": 0.86248}
[0m16:45:47.768018 [debug] [MainThread]: Command `dbt list` succeeded at 16:45:47.767980 after 0.38 seconds
[0m16:45:47.768172 [debug] [MainThread]: Sending event: {'category': 'dbt', 'action': 'invocation', 'label': 'end', 'context': [<snowplow_tracker.self_describing_json.SelfDescribingJson object at 0x10b727e70>, <snowplow_tracker.self_describing_json.SelfDescribingJson object at 0x10c741470>, <snowplow_tracker.self_describing_json.SelfDescribingJson object at 0x10c43c530>]}
[0m16:45:47.768304 [debug] [MainThread]: Flushing usage events
[0m16:45:48.495782 [debug] [MainThread]: An error was encountered while trying to flush usage events
[0m16:46:33.705155 [debug] [MainThread]: Sending event: {'category': 'dbt', 'action': 'invocation', 'label': 'start', 'context': [<snowplow_tracker.self_describing_json.SelfDescribingJson object at 0x10a2582f0>, <snowplow_tracker.self_describing_json.SelfDescribingJson object at 0x10b33f750>, <snowplow_tracker.self_describing_json.SelfDescribingJson object at 0x10b33f9d0>]}


============================== 16:46:33.707575 | c560993e-3807-454e-b04b-ece282e72254 ==============================
[0m16:46:33.707575 [info ] [MainThread]: Running with dbt=1.11.6
[0m16:46:33.707847 [debug] [MainThread]: running dbt with arguments {'profiles_dir': '/Users/natanmatos/.dbt', 'log_path': '/Users/natanmatos/Documents/deel/deel_chlg/logs', 'warn_error': 'None', 'log_format': 'default', 'fail_fast': 'False', 'debug': 'False', 'introspect': 'True', 'log_cache_events': 'False', 'quiet': 'False', 'invocation_command': 'dbt run', 'indirect_selection': 'eager', 'use_experimental_parser': 'False', 'target_path': 'None', 'no_print': 'None', 'warn_error_options': 'WarnErrorOptionsV2(error=[], warn=[], silence=[])', 'use_colors': 'True', 'cache_selected_only': 'False', 'printer_width': '80', 'send_anonymous_usage_stats': 'True', 'empty': 'False', 'version_check': 'True', 'partial_parse': 'True', 'static_parser': 'True', 'write_json': 'True'}
[0m16:46:33.840981 [debug] [MainThread]: Snowflake adapter: Setting snowflake.connector to ERROR (file logging only)
[0m16:46:33.841280 [debug] [MainThread]: Snowflake adapter: Setting botocore to ERROR (file logging only)
[0m16:46:33.841438 [debug] [MainThread]: Snowflake adapter: Setting boto3 to ERROR (file logging only)
[0m16:46:33.915845 [debug] [MainThread]: Sending event: {'category': 'dbt', 'action': 'project_id', 'label': 'c560993e-3807-454e-b04b-ece282e72254', 'context': [<snowplow_tracker.self_describing_json.SelfDescribingJson object at 0x10a66cfc0>]}
[0m16:46:33.943950 [debug] [MainThread]: Sending event: {'category': 'dbt', 'action': 'adapter_info', 'label': 'c560993e-3807-454e-b04b-ece282e72254', 'context': [<snowplow_tracker.self_describing_json.SelfDescribingJson object at 0x10bfaa8b0>]}
[0m16:46:33.944444 [info ] [MainThread]: Registered adapter: snowflake=1.11.2
[0m16:46:33.999791 [debug] [MainThread]: checksum: ec27062d18352e9cfca161c166fcc73d2201661a23a3cf3c89196a27f32cfcb8, vars: {}, profile: , target: , version: 1.11.6
[0m16:46:34.029457 [debug] [MainThread]: Partial parsing enabled: 0 files deleted, 0 files added, 0 files changed.
[0m16:46:34.029702 [debug] [MainThread]: Nothing changed, skipping partial parsing.
[0m16:46:34.029822 [debug] [MainThread]: Partial parsing enabled, no changes found, skipping parsing
[0m16:46:34.030098 [warn ] [MainThread]: [[33mWARNING[0m]: Configuration paths exist in your dbt_project.yml file which do not apply to any resources.
There are 1 unused configuration paths:
- models.deel.staging
[0m16:46:34.032477 [debug] [MainThread]: Sending event: {'category': 'dbt', 'action': 'load_project', 'label': 'c560993e-3807-454e-b04b-ece282e72254', 'context': [<snowplow_tracker.self_describing_json.SelfDescribingJson object at 0x10c512450>]}
[0m16:46:34.052233 [debug] [MainThread]: Wrote artifact WritableManifest to /Users/natanmatos/Documents/deel/deel_chlg/target/manifest.json
[0m16:46:34.053242 [debug] [MainThread]: Wrote artifact SemanticManifest to /Users/natanmatos/Documents/deel/deel_chlg/target/semantic_manifest.json
[0m16:46:34.060752 [debug] [MainThread]: Sending event: {'category': 'dbt', 'action': 'resource_counts', 'label': 'c560993e-3807-454e-b04b-ece282e72254', 'context': [<snowplow_tracker.self_describing_json.SelfDescribingJson object at 0x10ab6ab70>]}
[0m16:46:34.060982 [info ] [MainThread]: Found 522 macros
[0m16:46:34.061396 [debug] [MainThread]: Sending event: {'category': 'dbt', 'action': 'runnable_timing', 'label': 'c560993e-3807-454e-b04b-ece282e72254', 'context': [<snowplow_tracker.self_describing_json.SelfDescribingJson object at 0x10c631470>]}
[0m16:46:34.062005 [warn ] [MainThread]: Nothing to do. Try checking your model configs and model specification args
[0m16:46:34.062792 [debug] [MainThread]: Command end result
[0m16:46:34.073078 [debug] [MainThread]: Wrote artifact WritableManifest to /Users/natanmatos/Documents/deel/deel_chlg/target/manifest.json
[0m16:46:34.073946 [debug] [MainThread]: Wrote artifact SemanticManifest to /Users/natanmatos/Documents/deel/deel_chlg/target/semantic_manifest.json
[0m16:46:34.075502 [debug] [MainThread]: Wrote artifact RunExecutionResult to /Users/natanmatos/Documents/deel/deel_chlg/target/run_results.json
[0m16:46:34.077115 [debug] [MainThread]: Resource report: {"command_name": "run", "command_success": true, "command_wall_clock_time": 0.40420613, "process_in_blocks": "0", "process_kernel_time": 0.147575, "process_mem_max_rss": "148586496", "process_out_blocks": "0", "process_user_time": 0.877469}
[0m16:46:34.077417 [debug] [MainThread]: Command `dbt run` succeeded at 16:46:34.077358 after 0.40 seconds
[0m16:46:34.077648 [debug] [MainThread]: Sending event: {'category': 'dbt', 'action': 'invocation', 'label': 'end', 'context': [<snowplow_tracker.self_describing_json.SelfDescribingJson object at 0x10c657d40>, <snowplow_tracker.self_describing_json.SelfDescribingJson object at 0x10b1a9790>, <snowplow_tracker.self_describing_json.SelfDescribingJson object at 0x10c65d550>]}
[0m16:46:34.077827 [debug] [MainThread]: Flushing usage events
[0m16:46:35.132438 [debug] [MainThread]: An error was encountered while trying to flush usage events
[0m16:46:46.507340 [debug] [MainThread]: Sending event: {'category': 'dbt', 'action': 'invocation', 'label': 'start', 'context': [<snowplow_tracker.self_describing_json.SelfDescribingJson object at 0x10a5142f0>, <snowplow_tracker.self_describing_json.SelfDescribingJson object at 0x10b5ff750>, <snowplow_tracker.self_describing_json.SelfDescribingJson object at 0x10b5ff9d0>]}


============================== 16:46:46.509465 | 86f9b95b-3624-402a-8b08-7fe6849fd09e ==============================
[0m16:46:46.509465 [info ] [MainThread]: Running with dbt=1.11.6
[0m16:46:46.509743 [debug] [MainThread]: running dbt with arguments {'partial_parse': 'True', 'target_path': 'None', 'invocation_command': 'dbt list', 'write_json': 'True', 'printer_width': '80', 'use_colors': 'True', 'indirect_selection': 'eager', 'cache_selected_only': 'False', 'fail_fast': 'False', 'quiet': 'False', 'use_experimental_parser': 'False', 'warn_error': 'None', 'version_check': 'True', 'debug': 'False', 'introspect': 'True', 'no_print': 'None', 'log_format': 'default', 'profiles_dir': '/Users/natanmatos/.dbt', 'warn_error_options': 'WarnErrorOptionsV2(error=[], warn=[], silence=[])', 'log_path': '/Users/natanmatos/Documents/deel/deel_chlg/logs', 'log_cache_events': 'False', 'send_anonymous_usage_stats': 'True', 'static_parser': 'True', 'empty': 'None'}
[0m16:46:46.639631 [debug] [MainThread]: Snowflake adapter: Setting snowflake.connector to ERROR (file logging only)
[0m16:46:46.639880 [debug] [MainThread]: Snowflake adapter: Setting botocore to ERROR (file logging only)
[0m16:46:46.640018 [debug] [MainThread]: Snowflake adapter: Setting boto3 to ERROR (file logging only)
[0m16:46:46.712241 [debug] [MainThread]: Sending event: {'category': 'dbt', 'action': 'project_id', 'label': '86f9b95b-3624-402a-8b08-7fe6849fd09e', 'context': [<snowplow_tracker.self_describing_json.SelfDescribingJson object at 0x10a928fc0>]}
[0m16:46:46.738866 [debug] [MainThread]: Sending event: {'category': 'dbt', 'action': 'adapter_info', 'label': '86f9b95b-3624-402a-8b08-7fe6849fd09e', 'context': [<snowplow_tracker.self_describing_json.SelfDescribingJson object at 0x10c2669c0>]}
[0m16:46:46.739263 [info ] [MainThread]: Registered adapter: snowflake=1.11.2
[0m16:46:46.790271 [debug] [MainThread]: checksum: ec27062d18352e9cfca161c166fcc73d2201661a23a3cf3c89196a27f32cfcb8, vars: {}, profile: , target: , version: 1.11.6
[0m16:46:46.818606 [debug] [MainThread]: Partial parsing enabled: 0 files deleted, 0 files added, 0 files changed.
[0m16:46:46.818836 [debug] [MainThread]: Nothing changed, skipping partial parsing.
[0m16:46:46.818965 [debug] [MainThread]: Partial parsing enabled, no changes found, skipping parsing
[0m16:46:46.819273 [warn ] [MainThread]: [[33mWARNING[0m]: Configuration paths exist in your dbt_project.yml file which do not apply to any resources.
There are 1 unused configuration paths:
- models.deel.staging
[0m16:46:46.821784 [debug] [MainThread]: Sending event: {'category': 'dbt', 'action': 'load_project', 'label': '86f9b95b-3624-402a-8b08-7fe6849fd09e', 'context': [<snowplow_tracker.self_describing_json.SelfDescribingJson object at 0x10c7d6350>]}
[0m16:46:46.840754 [debug] [MainThread]: Wrote artifact WritableManifest to /Users/natanmatos/Documents/deel/deel_chlg/target/manifest.json
[0m16:46:46.841736 [debug] [MainThread]: Wrote artifact SemanticManifest to /Users/natanmatos/Documents/deel/deel_chlg/target/semantic_manifest.json
[0m16:46:46.847604 [debug] [MainThread]: Sending event: {'category': 'dbt', 'action': 'runnable_timing', 'label': '86f9b95b-3624-402a-8b08-7fe6849fd09e', 'context': [<snowplow_tracker.self_describing_json.SelfDescribingJson object at 0x10c2b9c70>]}
[0m16:46:46.847922 [warn ] [MainThread]: No nodes selected!
[0m16:46:46.849349 [debug] [MainThread]: Resource report: {"command_name": "list", "command_success": true, "command_wall_clock_time": 0.3732111, "process_in_blocks": "0", "process_kernel_time": 0.142289, "process_mem_max_rss": "148275200", "process_out_blocks": "0", "process_user_time": 0.856496}
[0m16:46:46.849681 [debug] [MainThread]: Command `dbt list` succeeded at 16:46:46.849642 after 0.37 seconds
[0m16:46:46.849847 [debug] [MainThread]: Sending event: {'category': 'dbt', 'action': 'invocation', 'label': 'end', 'context': [<snowplow_tracker.self_describing_json.SelfDescribingJson object at 0x10b5dbe70>, <snowplow_tracker.self_describing_json.SelfDescribingJson object at 0x10c5f5470>, <snowplow_tracker.self_describing_json.SelfDescribingJson object at 0x10c2f4530>]}
[0m16:46:46.849984 [debug] [MainThread]: Flushing usage events
[0m16:46:47.547860 [debug] [MainThread]: An error was encountered while trying to flush usage events
[0m16:48:14.484223 [debug] [MainThread]: Sending event: {'category': 'dbt', 'action': 'invocation', 'label': 'start', 'context': [<snowplow_tracker.self_describing_json.SelfDescribingJson object at 0x1081282f0>, <snowplow_tracker.self_describing_json.SelfDescribingJson object at 0x10920f750>, <snowplow_tracker.self_describing_json.SelfDescribingJson object at 0x10920f9d0>]}


============================== 16:48:14.486765 | 11f3cfad-f193-4d51-8e66-4975b5836636 ==============================
[0m16:48:14.486765 [info ] [MainThread]: Running with dbt=1.11.6
[0m16:48:14.487040 [debug] [MainThread]: running dbt with arguments {'static_parser': 'True', 'warn_error_options': 'WarnErrorOptionsV2(error=[], warn=[], silence=[])', 'introspect': 'True', 'warn_error': 'None', 'send_anonymous_usage_stats': 'True', 'fail_fast': 'False', 'quiet': 'False', 'indirect_selection': 'eager', 'partial_parse': 'True', 'write_json': 'True', 'version_check': 'True', 'log_format': 'default', 'use_colors': 'True', 'log_cache_events': 'False', 'profiles_dir': '/Users/natanmatos/.dbt', 'cache_selected_only': 'False', 'printer_width': '80', 'target_path': 'None', 'invocation_command': 'dbt run', 'no_print': 'None', 'debug': 'False', 'log_path': '/Users/natanmatos/Documents/deel/deel_chlg/logs', 'empty': 'False', 'use_experimental_parser': 'False'}
[0m16:48:14.687174 [debug] [MainThread]: Snowflake adapter: Setting snowflake.connector to ERROR (file logging only)
[0m16:48:14.687407 [debug] [MainThread]: Snowflake adapter: Setting botocore to ERROR (file logging only)
[0m16:48:14.687541 [debug] [MainThread]: Snowflake adapter: Setting boto3 to ERROR (file logging only)
[0m16:48:14.759243 [debug] [MainThread]: Sending event: {'category': 'dbt', 'action': 'project_id', 'label': '11f3cfad-f193-4d51-8e66-4975b5836636', 'context': [<snowplow_tracker.self_describing_json.SelfDescribingJson object at 0x10853cfc0>]}
[0m16:48:14.785623 [debug] [MainThread]: Sending event: {'category': 'dbt', 'action': 'adapter_info', 'label': '11f3cfad-f193-4d51-8e66-4975b5836636', 'context': [<snowplow_tracker.self_describing_json.SelfDescribingJson object at 0x109e7a8b0>]}
[0m16:48:14.786293 [info ] [MainThread]: Registered adapter: snowflake=1.11.2
[0m16:48:14.839553 [debug] [MainThread]: checksum: ec27062d18352e9cfca161c166fcc73d2201661a23a3cf3c89196a27f32cfcb8, vars: {}, profile: , target: , version: 1.11.6
[0m16:48:14.873729 [debug] [MainThread]: Partial parsing enabled: 0 files deleted, 0 files added, 0 files changed.
[0m16:48:14.873921 [debug] [MainThread]: Nothing changed, skipping partial parsing.
[0m16:48:14.874036 [debug] [MainThread]: Partial parsing enabled, no changes found, skipping parsing
[0m16:48:14.874295 [warn ] [MainThread]: [[33mWARNING[0m]: Configuration paths exist in your dbt_project.yml file which do not apply to any resources.
There are 1 unused configuration paths:
- models.deel.staging
[0m16:48:14.876606 [debug] [MainThread]: Sending event: {'category': 'dbt', 'action': 'load_project', 'label': '11f3cfad-f193-4d51-8e66-4975b5836636', 'context': [<snowplow_tracker.self_describing_json.SelfDescribingJson object at 0x10a3e6450>]}
[0m16:48:14.895425 [debug] [MainThread]: Wrote artifact WritableManifest to /Users/natanmatos/Documents/deel/deel_chlg/target/manifest.json
[0m16:48:14.896580 [debug] [MainThread]: Wrote artifact SemanticManifest to /Users/natanmatos/Documents/deel/deel_chlg/target/semantic_manifest.json
[0m16:48:14.906806 [debug] [MainThread]: Sending event: {'category': 'dbt', 'action': 'resource_counts', 'label': '11f3cfad-f193-4d51-8e66-4975b5836636', 'context': [<snowplow_tracker.self_describing_json.SelfDescribingJson object at 0x108a3ab70>]}
[0m16:48:14.907011 [info ] [MainThread]: Found 522 macros
[0m16:48:14.907386 [debug] [MainThread]: Sending event: {'category': 'dbt', 'action': 'runnable_timing', 'label': '11f3cfad-f193-4d51-8e66-4975b5836636', 'context': [<snowplow_tracker.self_describing_json.SelfDescribingJson object at 0x10a501470>]}
[0m16:48:14.907997 [warn ] [MainThread]: Nothing to do. Try checking your model configs and model specification args
[0m16:48:14.908786 [debug] [MainThread]: Command end result
[0m16:48:14.918717 [debug] [MainThread]: Wrote artifact WritableManifest to /Users/natanmatos/Documents/deel/deel_chlg/target/manifest.json
[0m16:48:14.919521 [debug] [MainThread]: Wrote artifact SemanticManifest to /Users/natanmatos/Documents/deel/deel_chlg/target/semantic_manifest.json
[0m16:48:14.920925 [debug] [MainThread]: Wrote artifact RunExecutionResult to /Users/natanmatos/Documents/deel/deel_chlg/target/run_results.json
[0m16:48:14.922526 [debug] [MainThread]: Resource report: {"command_name": "run", "command_success": true, "command_wall_clock_time": 0.46999207, "process_in_blocks": "0", "process_kernel_time": 0.167029, "process_mem_max_rss": "148930560", "process_out_blocks": "0", "process_user_time": 0.869161}
[0m16:48:14.922796 [debug] [MainThread]: Command `dbt run` succeeded at 16:48:14.922754 after 0.47 seconds
[0m16:48:14.922965 [debug] [MainThread]: Sending event: {'category': 'dbt', 'action': 'invocation', 'label': 'end', 'context': [<snowplow_tracker.self_describing_json.SelfDescribingJson object at 0x10a527d40>, <snowplow_tracker.self_describing_json.SelfDescribingJson object at 0x109079790>, <snowplow_tracker.self_describing_json.SelfDescribingJson object at 0x10a52d550>]}
[0m16:48:14.923115 [debug] [MainThread]: Flushing usage events
[0m16:48:15.664364 [debug] [MainThread]: An error was encountered while trying to flush usage events
[0m16:50:09.120704 [debug] [MainThread]: Sending event: {'category': 'dbt', 'action': 'invocation', 'label': 'start', 'context': [<snowplow_tracker.self_describing_json.SelfDescribingJson object at 0x1081102f0>, <snowplow_tracker.self_describing_json.SelfDescribingJson object at 0x1091ef750>, <snowplow_tracker.self_describing_json.SelfDescribingJson object at 0x1091ef9d0>]}


============================== 16:50:09.124220 | 77b8d6a7-a3da-4754-889f-044d9f59bc0d ==============================
[0m16:50:09.124220 [info ] [MainThread]: Running with dbt=1.11.6
[0m16:50:09.124547 [debug] [MainThread]: running dbt with arguments {'no_print': 'None', 'partial_parse': 'True', 'quiet': 'False', 'cache_selected_only': 'False', 'target_path': 'None', 'log_path': '/Users/natanmatos/Documents/deel/deel_chlg/logs', 'log_cache_events': 'False', 'use_experimental_parser': 'False', 'debug': 'False', 'static_parser': 'True', 'send_anonymous_usage_stats': 'True', 'profiles_dir': '/Users/natanmatos/.dbt', 'write_json': 'True', 'invocation_command': 'dbt debug', 'use_colors': 'True', 'log_format': 'default', 'warn_error': 'None', 'empty': 'None', 'fail_fast': 'False', 'indirect_selection': 'eager', 'version_check': 'True', 'warn_error_options': 'WarnErrorOptionsV2(error=[], warn=[], silence=[])', 'printer_width': '80', 'introspect': 'True'}
[0m16:50:09.134422 [info ] [MainThread]: dbt version: 1.11.6
[0m16:50:09.134880 [info ] [MainThread]: python version: 3.13.0
[0m16:50:09.135142 [info ] [MainThread]: python path: /Users/natanmatos/.pyenv/versions/3.13.0/envs/deel/bin/python
[0m16:50:09.135300 [info ] [MainThread]: os info: macOS-26.4-arm64-arm-64bit-Mach-O
[0m16:50:09.374676 [debug] [MainThread]: Snowflake adapter: Setting snowflake.connector to ERROR (file logging only)
[0m16:50:09.374924 [debug] [MainThread]: Snowflake adapter: Setting botocore to ERROR (file logging only)
[0m16:50:09.375056 [debug] [MainThread]: Snowflake adapter: Setting boto3 to ERROR (file logging only)
[0m16:50:09.403259 [info ] [MainThread]: Using profiles dir at /Users/natanmatos/.dbt
[0m16:50:09.403502 [info ] [MainThread]: Using profiles.yml file at /Users/natanmatos/.dbt/profiles.yml
[0m16:50:09.403645 [info ] [MainThread]: Using dbt_project.yml file at /Users/natanmatos/Documents/deel/deel_chlg/dbt_project.yml
[0m16:50:09.403958 [info ] [MainThread]: adapter type: snowflake
[0m16:50:09.404086 [info ] [MainThread]: adapter version: 1.11.2
[0m16:50:09.448041 [info ] [MainThread]: Configuration:
[0m16:50:09.448283 [info ] [MainThread]:   profiles.yml file [[32mOK found and valid[0m]
[0m16:50:09.448422 [info ] [MainThread]:   dbt_project.yml file [[32mOK found and valid[0m]
[0m16:50:09.448537 [info ] [MainThread]: Required dependencies:
[0m16:50:09.448745 [debug] [MainThread]: Executing "git --help"
[0m16:50:09.458192 [debug] [MainThread]: STDOUT: "b"usage: git [-v | --version] [-h | --help] [-C <path>] [-c <name>=<value>]\n           [--exec-path[=<path>]] [--html-path] [--man-path] [--info-path]\n           [-p | --paginate | -P | --no-pager] [--no-replace-objects] [--no-lazy-fetch]\n           [--no-optional-locks] [--no-advice] [--bare] [--git-dir=<path>]\n           [--work-tree=<path>] [--namespace=<name>] [--config-env=<name>=<envvar>]\n           <command> [<args>]\n\nThese are common Git commands used in various situations:\n\nstart a working area (see also: git help tutorial)\n   clone      Clone a repository into a new directory\n   init       Create an empty Git repository or reinitialize an existing one\n\nwork on the current change (see also: git help everyday)\n   add        Add file contents to the index\n   mv         Move or rename a file, a directory, or a symlink\n   restore    Restore working tree files\n   rm         Remove files from the working tree and from the index\n\nexamine the history and state (see also: git help revisions)\n   bisect     Use binary search to find the commit that introduced a bug\n   diff       Show changes between commits, commit and working tree, etc\n   grep       Print lines matching a pattern\n   log        Show commit logs\n   show       Show various types of objects\n   status     Show the working tree status\n\ngrow, mark and tweak your common history\n   backfill   Download missing objects in a partial clone\n   branch     List, create, or delete branches\n   commit     Record changes to the repository\n   merge      Join two or more development histories together\n   rebase     Reapply commits on top of another base tip\n   reset      Set `HEAD` or the index to a known state\n   switch     Switch branches\n   tag        Create, list, delete or verify tags\n\ncollaborate (see also: git help workflows)\n   fetch      Download objects and refs from another repository\n   pull       Fetch from and integrate with another repository or a local branch\n   push       Update remote refs along with associated objects\n\n'git help -a' and 'git help -g' list available subcommands and some\nconcept guides. See 'git help <command>' or 'git help <concept>'\nto read about a specific subcommand or concept.\nSee 'git help git' for an overview of the system.\n""
[0m16:50:09.458640 [debug] [MainThread]: STDERR: "b''"
[0m16:50:09.458783 [info ] [MainThread]:  - git [[32mOK found[0m]

[0m16:50:09.458923 [info ] [MainThread]: Connection:
[0m16:50:09.459066 [info ] [MainThread]:   account: EEYVHCY-TFA55222
[0m16:50:09.459181 [info ] [MainThread]:   user: NATANMATOS
[0m16:50:09.459292 [info ] [MainThread]:   database: DEEL
[0m16:50:09.459398 [info ] [MainThread]:   warehouse: SNOWFLAKE_LEARNING_WH
[0m16:50:09.459508 [info ] [MainThread]:   role: ACCOUNTADMIN
[0m16:50:09.459614 [info ] [MainThread]:   schema: PUBLIC
[0m16:50:09.459719 [info ] [MainThread]:   authenticator: None
[0m16:50:09.459825 [info ] [MainThread]:   oauth_client_id: None
[0m16:50:09.459928 [info ] [MainThread]:   query_tag: None
[0m16:50:09.460036 [info ] [MainThread]:   client_session_keep_alive: False
[0m16:50:09.460145 [info ] [MainThread]:   host: None
[0m16:50:09.460249 [info ] [MainThread]:   port: None
[0m16:50:09.460351 [info ] [MainThread]:   proxy_host: None
[0m16:50:09.460457 [info ] [MainThread]:   proxy_port: None
[0m16:50:09.460561 [info ] [MainThread]:   protocol: None
[0m16:50:09.460662 [info ] [MainThread]:   connect_retries: 1
[0m16:50:09.460764 [info ] [MainThread]:   connect_timeout: None
[0m16:50:09.460867 [info ] [MainThread]:   retry_on_database_errors: False
[0m16:50:09.460970 [info ] [MainThread]:   retry_all: False
[0m16:50:09.461072 [info ] [MainThread]:   insecure_mode: False
[0m16:50:09.461177 [info ] [MainThread]:   reuse_connections: True
[0m16:50:09.461280 [info ] [MainThread]:   s3_stage_vpce_dns_name: None
[0m16:50:09.461386 [info ] [MainThread]:   platform_detection_timeout_seconds: 0.0
[0m16:50:09.461803 [info ] [MainThread]: Registered adapter: snowflake=1.11.2
[0m16:50:09.514657 [debug] [MainThread]: Acquiring new snowflake connection 'debug'
[0m16:50:09.539466 [debug] [MainThread]: Using snowflake connection "debug"
[0m16:50:09.539669 [debug] [MainThread]: On debug: select 1 as id
[0m16:50:09.539788 [debug] [MainThread]: Opening a new connection, currently in state init
[0m16:50:10.847083 [debug] [MainThread]: SQL status: SUCCESS 1 in 1.307 seconds
[0m16:50:10.849118 [info ] [MainThread]:   Connection test: [[32mOK connection ok[0m]

[0m16:50:10.849979 [info ] [MainThread]: [32mAll checks passed![0m
[0m16:50:10.856900 [debug] [MainThread]: Resource report: {"command_name": "debug", "command_success": true, "command_wall_clock_time": 1.7770907, "process_in_blocks": "0", "process_kernel_time": 0.217789, "process_mem_max_rss": "159531008", "process_out_blocks": "0", "process_user_time": 0.957617}
[0m16:50:10.858194 [debug] [MainThread]: Command `dbt debug` succeeded at 16:50:10.857964 after 1.78 seconds
[0m16:50:10.858827 [debug] [MainThread]: Connection 'debug' was left open.
[0m16:50:10.859277 [debug] [MainThread]: On debug: Close
[0m16:50:11.147895 [debug] [MainThread]: Sending event: {'category': 'dbt', 'action': 'invocation', 'label': 'end', 'context': [<snowplow_tracker.self_describing_json.SelfDescribingJson object at 0x10a4b4770>, <snowplow_tracker.self_describing_json.SelfDescribingJson object at 0x10a171eb0>, <snowplow_tracker.self_describing_json.SelfDescribingJson object at 0x10a02e470>]}
[0m16:50:11.148812 [debug] [MainThread]: Flushing usage events
[0m16:50:11.900500 [debug] [MainThread]: An error was encountered while trying to flush usage events
[0m16:50:29.604001 [debug] [MainThread]: Sending event: {'category': 'dbt', 'action': 'invocation', 'label': 'start', 'context': [<snowplow_tracker.self_describing_json.SelfDescribingJson object at 0x108b802f0>, <snowplow_tracker.self_describing_json.SelfDescribingJson object at 0x109c6f750>, <snowplow_tracker.self_describing_json.SelfDescribingJson object at 0x109c6f9d0>]}


============================== 16:50:29.606612 | 047e1b06-e50d-4ed8-98cb-d4a274a683d1 ==============================
[0m16:50:29.606612 [info ] [MainThread]: Running with dbt=1.11.6
[0m16:50:29.606893 [debug] [MainThread]: running dbt with arguments {'printer_width': '80', 'partial_parse': 'True', 'send_anonymous_usage_stats': 'True', 'use_colors': 'True', 'target_path': 'None', 'profiles_dir': '/Users/natanmatos/.dbt', 'fail_fast': 'False', 'warn_error': 'None', 'cache_selected_only': 'False', 'debug': 'False', 'indirect_selection': 'eager', 'empty': 'None', 'log_cache_events': 'False', 'warn_error_options': 'WarnErrorOptionsV2(error=[], warn=[], silence=[])', 'log_format': 'default', 'version_check': 'True', 'no_print': 'None', 'use_experimental_parser': 'False', 'log_path': '/Users/natanmatos/Documents/deel/deel_chlg/logs', 'static_parser': 'True', 'quiet': 'False', 'introspect': 'True', 'invocation_command': 'dbt list --select staging', 'write_json': 'True'}
[0m16:50:29.735532 [debug] [MainThread]: Snowflake adapter: Setting snowflake.connector to ERROR (file logging only)
[0m16:50:29.735781 [debug] [MainThread]: Snowflake adapter: Setting botocore to ERROR (file logging only)
[0m16:50:29.735922 [debug] [MainThread]: Snowflake adapter: Setting boto3 to ERROR (file logging only)
[0m16:50:29.807152 [debug] [MainThread]: Sending event: {'category': 'dbt', 'action': 'project_id', 'label': '047e1b06-e50d-4ed8-98cb-d4a274a683d1', 'context': [<snowplow_tracker.self_describing_json.SelfDescribingJson object at 0x108f98fc0>]}
[0m16:50:29.833598 [debug] [MainThread]: Sending event: {'category': 'dbt', 'action': 'adapter_info', 'label': '047e1b06-e50d-4ed8-98cb-d4a274a683d1', 'context': [<snowplow_tracker.self_describing_json.SelfDescribingJson object at 0x10a8d69c0>]}
[0m16:50:29.833960 [info ] [MainThread]: Registered adapter: snowflake=1.11.2
[0m16:50:29.885939 [debug] [MainThread]: checksum: ec27062d18352e9cfca161c166fcc73d2201661a23a3cf3c89196a27f32cfcb8, vars: {}, profile: , target: , version: 1.11.6
[0m16:50:29.920824 [debug] [MainThread]: Partial parsing enabled: 0 files deleted, 0 files added, 0 files changed.
[0m16:50:29.921011 [debug] [MainThread]: Nothing changed, skipping partial parsing.
[0m16:50:29.921124 [debug] [MainThread]: Partial parsing enabled, no changes found, skipping parsing
[0m16:50:29.921374 [warn ] [MainThread]: [[33mWARNING[0m]: Configuration paths exist in your dbt_project.yml file which do not apply to any resources.
There are 1 unused configuration paths:
- models.deel.staging
[0m16:50:29.923678 [debug] [MainThread]: Sending event: {'category': 'dbt', 'action': 'load_project', 'label': '047e1b06-e50d-4ed8-98cb-d4a274a683d1', 'context': [<snowplow_tracker.self_describing_json.SelfDescribingJson object at 0x10ae42350>]}
[0m16:50:29.942670 [debug] [MainThread]: Wrote artifact WritableManifest to /Users/natanmatos/Documents/deel/deel_chlg/target/manifest.json
[0m16:50:29.943811 [debug] [MainThread]: Wrote artifact SemanticManifest to /Users/natanmatos/Documents/deel/deel_chlg/target/semantic_manifest.json
[0m16:50:29.950368 [debug] [MainThread]: Sending event: {'category': 'dbt', 'action': 'runnable_timing', 'label': '047e1b06-e50d-4ed8-98cb-d4a274a683d1', 'context': [<snowplow_tracker.self_describing_json.SelfDescribingJson object at 0x10a925c70>]}
[0m16:50:29.950693 [warn ] [MainThread]: The selection criterion 'staging' does not match any enabled nodes
[0m16:50:29.950855 [warn ] [MainThread]: No nodes selected!
[0m16:50:29.952267 [debug] [MainThread]: Resource report: {"command_name": "list", "command_success": true, "command_wall_clock_time": 0.37864012, "process_in_blocks": "0", "process_kernel_time": 0.139007, "process_mem_max_rss": "148127744", "process_out_blocks": "0", "process_user_time": 0.843398}
[0m16:50:29.952593 [debug] [MainThread]: Command `dbt list` succeeded at 16:50:29.952556 after 0.38 seconds
[0m16:50:29.952760 [debug] [MainThread]: Sending event: {'category': 'dbt', 'action': 'invocation', 'label': 'end', 'context': [<snowplow_tracker.self_describing_json.SelfDescribingJson object at 0x109c4be70>, <snowplow_tracker.self_describing_json.SelfDescribingJson object at 0x10ac650f0>, <snowplow_tracker.self_describing_json.SelfDescribingJson object at 0x10a960530>]}
[0m16:50:29.952907 [debug] [MainThread]: Flushing usage events
[0m16:50:30.567240 [debug] [MainThread]: An error was encountered while trying to flush usage events
[0m16:51:29.347128 [debug] [MainThread]: Sending event: {'category': 'dbt', 'action': 'invocation', 'label': 'start', 'context': [<snowplow_tracker.self_describing_json.SelfDescribingJson object at 0x108ed02f0>, <snowplow_tracker.self_describing_json.SelfDescribingJson object at 0x109fbb750>, <snowplow_tracker.self_describing_json.SelfDescribingJson object at 0x109fbb9d0>]}


============================== 16:51:29.349449 | dba1acea-f347-4c44-88fd-260e2530d6f9 ==============================
[0m16:51:29.349449 [info ] [MainThread]: Running with dbt=1.11.6
[0m16:51:29.349720 [debug] [MainThread]: running dbt with arguments {'version_check': 'True', 'use_experimental_parser': 'False', 'partial_parse': 'True', 'debug': 'False', 'log_cache_events': 'False', 'log_format': 'default', 'invocation_command': 'dbt list --select staging', 'profiles_dir': '/Users/natanmatos/.dbt', 'warn_error_options': 'WarnErrorOptionsV2(error=[], warn=[], silence=[])', 'use_colors': 'True', 'indirect_selection': 'eager', 'static_parser': 'True', 'write_json': 'True', 'send_anonymous_usage_stats': 'True', 'no_print': 'None', 'fail_fast': 'False', 'log_path': 'logs', 'introspect': 'True', 'quiet': 'False', 'cache_selected_only': 'False', 'warn_error': 'None', 'printer_width': '80', 'target_path': 'None', 'empty': 'None'}
[0m16:51:29.349960 [error] [MainThread]: Encountered an error:
Runtime Error
  No dbt_project.yml found at expected path /Users/natanmatos/Documents/deel/deel_chlg/dbt_project.yml
  Verify that each entry within packages.yml (and their transitive dependencies) contains a file named dbt_project.yml
  
[0m16:51:29.351145 [debug] [MainThread]: Resource report: {"command_name": "list", "command_success": false, "command_wall_clock_time": 0.034846123, "process_in_blocks": "0", "process_kernel_time": 0.08098, "process_mem_max_rss": "110772224", "process_out_blocks": "0", "process_user_time": 0.571875}
[0m16:51:29.351347 [debug] [MainThread]: Command `dbt list` failed at 16:51:29.351310 after 0.04 seconds
[0m16:51:29.351486 [debug] [MainThread]: Sending event: {'category': 'dbt', 'action': 'invocation', 'label': 'end', 'context': [<snowplow_tracker.self_describing_json.SelfDescribingJson object at 0x109fdde00>, <snowplow_tracker.self_describing_json.SelfDescribingJson object at 0x10a02c3b0>, <snowplow_tracker.self_describing_json.SelfDescribingJson object at 0x109e3dae0>]}
[0m16:51:29.351622 [debug] [MainThread]: Flushing usage events
[0m16:51:30.062958 [debug] [MainThread]: An error was encountered while trying to flush usage events
[0m16:53:23.106159 [debug] [MainThread]: Sending event: {'category': 'dbt', 'action': 'invocation', 'label': 'start', 'context': [<snowplow_tracker.self_describing_json.SelfDescribingJson object at 0x10c0c02f0>, <snowplow_tracker.self_describing_json.SelfDescribingJson object at 0x10d1a7750>, <snowplow_tracker.self_describing_json.SelfDescribingJson object at 0x10d1a79d0>]}


============================== 16:53:23.108467 | 5dc04ed7-fef1-4fb1-be74-019ed8f4ed78 ==============================
[0m16:53:23.108467 [info ] [MainThread]: Running with dbt=1.11.6
[0m16:53:23.108842 [debug] [MainThread]: running dbt with arguments {'log_cache_events': 'False', 'introspect': 'True', 'debug': 'False', 'partial_parse': 'True', 'use_colors': 'True', 'printer_width': '80', 'warn_error_options': 'WarnErrorOptionsV2(error=[], warn=[], silence=[])', 'indirect_selection': 'eager', 'fail_fast': 'False', 'target_path': 'None', 'quiet': 'False', 'profiles_dir': '/Users/natanmatos/.dbt', 'use_experimental_parser': 'False', 'warn_error': 'None', 'cache_selected_only': 'False', 'static_parser': 'True', 'log_path': '/Users/natanmatos/Documents/deel/deel_chlg/logs', 'version_check': 'True', 'invocation_command': 'dbt run', 'empty': 'False', 'log_format': 'default', 'write_json': 'True', 'send_anonymous_usage_stats': 'True', 'no_print': 'None'}
[0m16:53:23.317841 [debug] [MainThread]: Snowflake adapter: Setting snowflake.connector to ERROR (file logging only)
[0m16:53:23.318124 [debug] [MainThread]: Snowflake adapter: Setting botocore to ERROR (file logging only)
[0m16:53:23.318264 [debug] [MainThread]: Snowflake adapter: Setting boto3 to ERROR (file logging only)
[0m16:53:23.394114 [debug] [MainThread]: Sending event: {'category': 'dbt', 'action': 'project_id', 'label': '5dc04ed7-fef1-4fb1-be74-019ed8f4ed78', 'context': [<snowplow_tracker.self_describing_json.SelfDescribingJson object at 0x10c4d4fc0>]}
[0m16:53:23.420491 [debug] [MainThread]: Sending event: {'category': 'dbt', 'action': 'adapter_info', 'label': '5dc04ed7-fef1-4fb1-be74-019ed8f4ed78', 'context': [<snowplow_tracker.self_describing_json.SelfDescribingJson object at 0x10de128b0>]}
[0m16:53:23.421195 [info ] [MainThread]: Registered adapter: snowflake=1.11.2
[0m16:53:23.476997 [debug] [MainThread]: checksum: ec27062d18352e9cfca161c166fcc73d2201661a23a3cf3c89196a27f32cfcb8, vars: {}, profile: , target: , version: 1.11.6
[0m16:53:23.512550 [debug] [MainThread]: Partial parsing enabled: 0 files deleted, 0 files added, 0 files changed.
[0m16:53:23.512749 [debug] [MainThread]: Nothing changed, skipping partial parsing.
[0m16:53:23.512866 [debug] [MainThread]: Partial parsing enabled, no changes found, skipping parsing
[0m16:53:23.513134 [warn ] [MainThread]: [[33mWARNING[0m]: Configuration paths exist in your dbt_project.yml file which do not apply to any resources.
There are 1 unused configuration paths:
- models.deel.staging
[0m16:53:23.515589 [debug] [MainThread]: Sending event: {'category': 'dbt', 'action': 'load_project', 'label': '5dc04ed7-fef1-4fb1-be74-019ed8f4ed78', 'context': [<snowplow_tracker.self_describing_json.SelfDescribingJson object at 0x10e37e450>]}
[0m16:53:23.534844 [debug] [MainThread]: Wrote artifact WritableManifest to /Users/natanmatos/Documents/deel/deel_chlg/target/manifest.json
[0m16:53:23.536029 [debug] [MainThread]: Wrote artifact SemanticManifest to /Users/natanmatos/Documents/deel/deel_chlg/target/semantic_manifest.json
[0m16:53:23.546609 [debug] [MainThread]: Sending event: {'category': 'dbt', 'action': 'resource_counts', 'label': '5dc04ed7-fef1-4fb1-be74-019ed8f4ed78', 'context': [<snowplow_tracker.self_describing_json.SelfDescribingJson object at 0x10c9d2b70>]}
[0m16:53:23.546836 [info ] [MainThread]: Found 522 macros
[0m16:53:23.547258 [debug] [MainThread]: Sending event: {'category': 'dbt', 'action': 'runnable_timing', 'label': '5dc04ed7-fef1-4fb1-be74-019ed8f4ed78', 'context': [<snowplow_tracker.self_describing_json.SelfDescribingJson object at 0x10e499470>]}
[0m16:53:23.547969 [warn ] [MainThread]: Nothing to do. Try checking your model configs and model specification args
[0m16:53:23.548824 [debug] [MainThread]: Command end result
[0m16:53:23.559455 [debug] [MainThread]: Wrote artifact WritableManifest to /Users/natanmatos/Documents/deel/deel_chlg/target/manifest.json
[0m16:53:23.560457 [debug] [MainThread]: Wrote artifact SemanticManifest to /Users/natanmatos/Documents/deel/deel_chlg/target/semantic_manifest.json
[0m16:53:23.562088 [debug] [MainThread]: Wrote artifact RunExecutionResult to /Users/natanmatos/Documents/deel/deel_chlg/target/run_results.json
[0m16:53:23.563785 [debug] [MainThread]: Resource report: {"command_name": "run", "command_success": true, "command_wall_clock_time": 0.4938391, "process_in_blocks": "0", "process_kernel_time": 0.165026, "process_mem_max_rss": "148865024", "process_out_blocks": "0", "process_user_time": 0.894055}
[0m16:53:23.564086 [debug] [MainThread]: Command `dbt run` succeeded at 16:53:23.564040 after 0.49 seconds
[0m16:53:23.564281 [debug] [MainThread]: Sending event: {'category': 'dbt', 'action': 'invocation', 'label': 'end', 'context': [<snowplow_tracker.self_describing_json.SelfDescribingJson object at 0x10e4bfd40>, <snowplow_tracker.self_describing_json.SelfDescribingJson object at 0x10d011790>, <snowplow_tracker.self_describing_json.SelfDescribingJson object at 0x10e1ad550>]}
[0m16:53:23.564440 [debug] [MainThread]: Flushing usage events
[0m16:53:24.371314 [debug] [MainThread]: An error was encountered while trying to flush usage events
[0m16:53:49.549318 [debug] [MainThread]: Sending event: {'category': 'dbt', 'action': 'invocation', 'label': 'start', 'context': [<snowplow_tracker.self_describing_json.SelfDescribingJson object at 0x10c7702f0>, <snowplow_tracker.self_describing_json.SelfDescribingJson object at 0x10d85b750>, <snowplow_tracker.self_describing_json.SelfDescribingJson object at 0x10d85b9d0>]}


============================== 16:53:49.551430 | f5e21fba-c368-41f4-b00a-334da511b858 ==============================
[0m16:53:49.551430 [info ] [MainThread]: Running with dbt=1.11.6
[0m16:53:49.551712 [debug] [MainThread]: running dbt with arguments {'version_check': 'True', 'debug': 'False', 'log_format': 'default', 'introspect': 'True', 'write_json': 'True', 'quiet': 'False', 'target_path': 'None', 'profiles_dir': '/Users/natanmatos/.dbt', 'send_anonymous_usage_stats': 'True', 'static_parser': 'True', 'log_cache_events': 'False', 'partial_parse': 'True', 'no_print': 'None', 'empty': 'False', 'use_experimental_parser': 'False', 'printer_width': '80', 'warn_error': 'None', 'cache_selected_only': 'False', 'warn_error_options': 'WarnErrorOptionsV2(error=[], warn=[], silence=[])', 'fail_fast': 'False', 'use_colors': 'True', 'indirect_selection': 'eager', 'log_path': '/Users/natanmatos/Documents/deel/deel_chlg/logs', 'invocation_command': 'dbt run'}
[0m16:53:49.680908 [debug] [MainThread]: Snowflake adapter: Setting snowflake.connector to ERROR (file logging only)
[0m16:53:49.681143 [debug] [MainThread]: Snowflake adapter: Setting botocore to ERROR (file logging only)
[0m16:53:49.681273 [debug] [MainThread]: Snowflake adapter: Setting boto3 to ERROR (file logging only)
[0m16:53:49.751095 [debug] [MainThread]: Sending event: {'category': 'dbt', 'action': 'project_id', 'label': 'f5e21fba-c368-41f4-b00a-334da511b858', 'context': [<snowplow_tracker.self_describing_json.SelfDescribingJson object at 0x10cb88fc0>]}
[0m16:53:49.777298 [debug] [MainThread]: Sending event: {'category': 'dbt', 'action': 'adapter_info', 'label': 'f5e21fba-c368-41f4-b00a-334da511b858', 'context': [<snowplow_tracker.self_describing_json.SelfDescribingJson object at 0x10e4c68b0>]}
[0m16:53:49.777667 [info ] [MainThread]: Registered adapter: snowflake=1.11.2
[0m16:53:49.832368 [debug] [MainThread]: checksum: ec27062d18352e9cfca161c166fcc73d2201661a23a3cf3c89196a27f32cfcb8, vars: {}, profile: , target: , version: 1.11.6
[0m16:53:49.852048 [info ] [MainThread]: Unable to do partial parsing because a project config has changed
[0m16:53:49.852320 [debug] [MainThread]: Sending event: {'category': 'dbt', 'action': 'partial_parser', 'label': 'f5e21fba-c368-41f4-b00a-334da511b858', 'context': [<snowplow_tracker.self_describing_json.SelfDescribingJson object at 0x10ea31d50>]}
[0m16:53:49.855112 [warn ] [MainThread]: [[33mWARNING[0m][CustomKeyInObjectDeprecation]: Deprecated functionality
Custom key `shcema` found at `sources[0]` in file
`deel/models/staging/sources.yml`. This may mean the key is a typo, or is simply
not a key supported by the object.
[0m16:53:49.855300 [debug] [MainThread]: Sending event: {'category': 'dbt', 'action': 'deprecation', 'label': 'f5e21fba-c368-41f4-b00a-334da511b858', 'property_': 'warn', 'context': [<snowplow_tracker.self_describing_json.SelfDescribingJson object at 0x10e51bc50>]}
[0m16:53:50.303782 [error] [MainThread]: Encountered an error:
Parsing Error
  Invalid sources config given in deel/models/staging/sources.yml @ sources: {'name': 'goblepay', 'database': 'DEEL', 'shcema': 'RAW', 'tables': [{'name': 'goblepay_acceptance'}, {'name': 'goblepay_chargeback'}]} - at path []: Additional properties are not allowed ('shcema' was unexpected)
[0m16:53:50.304143 [warn ] [MainThread]: [[33mWARNING[0m][DeprecationsSummary]: Deprecated functionality
Summary of encountered deprecations:
- CustomKeyInObjectDeprecation: 1 occurrence
To see all deprecation instances instead of just the first occurrence of each,
run command again with the `--show-all-deprecations` flag. You may also need to
run with `--no-partial-parse` as some deprecations are only encountered during
parsing.
[0m16:53:50.305791 [debug] [MainThread]: Resource report: {"command_name": "run", "command_success": false, "command_wall_clock_time": 0.78844357, "process_in_blocks": "0", "process_kernel_time": 0.146392, "process_mem_max_rss": "150585344", "process_out_blocks": "0", "process_user_time": 1.261118}
[0m16:53:50.305991 [debug] [MainThread]: Command `dbt run` failed at 16:53:50.305952 after 0.79 seconds
[0m16:53:50.306155 [debug] [MainThread]: Sending event: {'category': 'dbt', 'action': 'invocation', 'label': 'end', 'context': [<snowplow_tracker.self_describing_json.SelfDescribingJson object at 0x10d83be70>, <snowplow_tracker.self_describing_json.SelfDescribingJson object at 0x10f79bbd0>, <snowplow_tracker.self_describing_json.SelfDescribingJson object at 0x10ea47d40>]}
[0m16:53:50.306296 [debug] [MainThread]: Flushing usage events
[0m16:53:50.954848 [debug] [MainThread]: An error was encountered while trying to flush usage events
[0m16:54:42.532915 [debug] [MainThread]: Sending event: {'category': 'dbt', 'action': 'invocation', 'label': 'start', 'context': [<snowplow_tracker.self_describing_json.SelfDescribingJson object at 0x108adc2f0>, <snowplow_tracker.self_describing_json.SelfDescribingJson object at 0x109bc3750>, <snowplow_tracker.self_describing_json.SelfDescribingJson object at 0x109bc39d0>]}


============================== 16:54:42.535027 | efb53446-bda3-4b60-8cc7-81bf3482770b ==============================
[0m16:54:42.535027 [info ] [MainThread]: Running with dbt=1.11.6
[0m16:54:42.535300 [debug] [MainThread]: running dbt with arguments {'target_path': 'None', 'warn_error': 'None', 'debug': 'False', 'introspect': 'True', 'warn_error_options': 'WarnErrorOptionsV2(error=[], warn=[], silence=[])', 'use_colors': 'True', 'fail_fast': 'False', 'log_cache_events': 'False', 'log_path': '/Users/natanmatos/Documents/deel/deel_chlg/logs', 'empty': 'False', 'log_format': 'default', 'version_check': 'True', 'printer_width': '80', 'use_experimental_parser': 'False', 'write_json': 'True', 'cache_selected_only': 'False', 'send_anonymous_usage_stats': 'True', 'static_parser': 'True', 'partial_parse': 'True', 'quiet': 'False', 'indirect_selection': 'eager', 'no_print': 'None', 'invocation_command': 'dbt run', 'profiles_dir': '/Users/natanmatos/.dbt'}
[0m16:54:42.664987 [debug] [MainThread]: Snowflake adapter: Setting snowflake.connector to ERROR (file logging only)
[0m16:54:42.665246 [debug] [MainThread]: Snowflake adapter: Setting botocore to ERROR (file logging only)
[0m16:54:42.665393 [debug] [MainThread]: Snowflake adapter: Setting boto3 to ERROR (file logging only)
[0m16:54:42.738705 [debug] [MainThread]: Sending event: {'category': 'dbt', 'action': 'project_id', 'label': 'efb53446-bda3-4b60-8cc7-81bf3482770b', 'context': [<snowplow_tracker.self_describing_json.SelfDescribingJson object at 0x108ef0fc0>]}
[0m16:54:42.766413 [debug] [MainThread]: Sending event: {'category': 'dbt', 'action': 'adapter_info', 'label': 'efb53446-bda3-4b60-8cc7-81bf3482770b', 'context': [<snowplow_tracker.self_describing_json.SelfDescribingJson object at 0x10a82e8b0>]}
[0m16:54:42.766897 [info ] [MainThread]: Registered adapter: snowflake=1.11.2
[0m16:54:42.821539 [debug] [MainThread]: checksum: ec27062d18352e9cfca161c166fcc73d2201661a23a3cf3c89196a27f32cfcb8, vars: {}, profile: , target: , version: 1.11.6
[0m16:54:42.842571 [info ] [MainThread]: Unable to do partial parsing because a project config has changed
[0m16:54:42.842866 [debug] [MainThread]: Sending event: {'category': 'dbt', 'action': 'partial_parser', 'label': 'efb53446-bda3-4b60-8cc7-81bf3482770b', 'context': [<snowplow_tracker.self_describing_json.SelfDescribingJson object at 0x10ad99d50>]}
[0m16:54:43.337567 [debug] [MainThread]: Sending event: {'category': 'dbt', 'action': 'load_project', 'label': 'efb53446-bda3-4b60-8cc7-81bf3482770b', 'context': [<snowplow_tracker.self_describing_json.SelfDescribingJson object at 0x10aedec60>]}
[0m16:54:43.367008 [debug] [MainThread]: Wrote artifact WritableManifest to /Users/natanmatos/Documents/deel/deel_chlg/target/manifest.json
[0m16:54:43.368037 [debug] [MainThread]: Wrote artifact SemanticManifest to /Users/natanmatos/Documents/deel/deel_chlg/target/semantic_manifest.json
[0m16:54:43.380262 [debug] [MainThread]: Sending event: {'category': 'dbt', 'action': 'resource_counts', 'label': 'efb53446-bda3-4b60-8cc7-81bf3482770b', 'context': [<snowplow_tracker.self_describing_json.SelfDescribingJson object at 0x10af2faf0>]}
[0m16:54:43.380504 [info ] [MainThread]: Found 2 models, 2 sources, 522 macros
[0m16:54:43.380652 [debug] [MainThread]: Sending event: {'category': 'dbt', 'action': 'runnable_timing', 'label': 'efb53446-bda3-4b60-8cc7-81bf3482770b', 'context': [<snowplow_tracker.self_describing_json.SelfDescribingJson object at 0x10b0c9d90>]}
[0m16:54:43.381467 [info ] [MainThread]: 
[0m16:54:43.381620 [info ] [MainThread]: Concurrency: 4 threads (target='dev')
[0m16:54:43.381739 [info ] [MainThread]: 
[0m16:54:43.381960 [debug] [MainThread]: Acquiring new snowflake connection 'master'
[0m16:54:43.384121 [debug] [ThreadPool]: Acquiring new snowflake connection 'list_DEEL'
[0m16:54:43.413331 [debug] [ThreadPool]: Using snowflake connection "list_DEEL"
[0m16:54:43.413535 [debug] [ThreadPool]: On list_DEEL: show terse schemas in database DEEL
    limit 10000
/* {"app": "dbt", "dbt_version": "1.11.6", "profile_name": "deel", "target_name": "dev", "connection_name": "list_DEEL"} */
[0m16:54:43.413659 [debug] [ThreadPool]: Opening a new connection, currently in state init
[0m16:54:44.483701 [debug] [ThreadPool]: SQL status: SUCCESS 4 in 1.070 seconds
[0m16:54:44.487391 [debug] [ThreadPool]: Re-using an available connection from the pool (formerly list_DEEL, now create_DEEL_PUBLIC_staging)
[0m16:54:44.488314 [debug] [ThreadPool]: Creating schema "database: "DEEL"
schema: "PUBLIC_staging"
"
[0m16:54:44.495526 [debug] [ThreadPool]: Using snowflake connection "create_DEEL_PUBLIC_staging"
[0m16:54:44.496075 [debug] [ThreadPool]: On create_DEEL_PUBLIC_staging: create schema if not exists DEEL.PUBLIC_staging
/* {"app": "dbt", "dbt_version": "1.11.6", "profile_name": "deel", "target_name": "dev", "connection_name": "create_DEEL_PUBLIC_staging"} */
[0m16:54:44.697803 [debug] [ThreadPool]: SQL status: SUCCESS 1 in 0.201 seconds
[0m16:54:44.700024 [debug] [ThreadPool]: Re-using an available connection from the pool (formerly create_DEEL_PUBLIC_staging, now list_DEEL_PUBLIC_staging)
[0m16:54:44.710568 [debug] [ThreadPool]: Using snowflake connection "list_DEEL_PUBLIC_staging"
[0m16:54:44.710853 [debug] [ThreadPool]: On list_DEEL_PUBLIC_staging: show objects in DEEL.PUBLIC_staging
    limit 10000
    

/* {"app": "dbt", "dbt_version": "1.11.6", "profile_name": "deel", "target_name": "dev", "connection_name": "list_DEEL_PUBLIC_staging"} */;
[0m16:54:44.882646 [debug] [ThreadPool]: SQL status: SUCCESS 0 in 0.171 seconds
[0m16:54:44.885841 [debug] [MainThread]: Sending event: {'category': 'dbt', 'action': 'runnable_timing', 'label': 'efb53446-bda3-4b60-8cc7-81bf3482770b', 'context': [<snowplow_tracker.self_describing_json.SelfDescribingJson object at 0x10bd2d9d0>]}
[0m16:54:44.891234 [debug] [Thread-2 (]: Began running node model.deel.stg_globepay_acceptance
[0m16:54:44.891808 [debug] [Thread-3 (]: Began running node model.deel.stg_globepay_chargeback
[0m16:54:44.892593 [info ] [Thread-2 (]: 1 of 2 START sql view model PUBLIC_staging.stg_globepay_acceptance ............. [RUN]
[0m16:54:44.893136 [info ] [Thread-3 (]: 2 of 2 START sql view model PUBLIC_staging.stg_globepay_chargeback ............. [RUN]
[0m16:54:44.893719 [debug] [Thread-2 (]: Re-using an available connection from the pool (formerly list_DEEL_PUBLIC_staging, now model.deel.stg_globepay_acceptance)
[0m16:54:44.894222 [debug] [Thread-3 (]: Acquiring new snowflake connection 'model.deel.stg_globepay_chargeback'
[0m16:54:44.894637 [debug] [Thread-2 (]: Began compiling node model.deel.stg_globepay_acceptance
[0m16:54:44.895070 [debug] [Thread-3 (]: Began compiling node model.deel.stg_globepay_chargeback
[0m16:54:44.905105 [debug] [Thread-2 (]: Writing injected SQL for node "model.deel.stg_globepay_acceptance"
[0m16:54:44.908655 [debug] [Thread-3 (]: Writing injected SQL for node "model.deel.stg_globepay_chargeback"
[0m16:54:44.910577 [debug] [Thread-3 (]: Began executing node model.deel.stg_globepay_chargeback
[0m16:54:44.911007 [debug] [Thread-2 (]: Began executing node model.deel.stg_globepay_acceptance
[0m16:54:44.935819 [debug] [Thread-3 (]: Writing runtime sql for node "model.deel.stg_globepay_chargeback"
[0m16:54:44.940015 [debug] [Thread-2 (]: Writing runtime sql for node "model.deel.stg_globepay_acceptance"
[0m16:54:44.941103 [debug] [Thread-3 (]: Using snowflake connection "model.deel.stg_globepay_chargeback"
[0m16:54:44.944393 [debug] [Thread-2 (]: Using snowflake connection "model.deel.stg_globepay_acceptance"
[0m16:54:44.944632 [debug] [Thread-3 (]: On model.deel.stg_globepay_chargeback: create or replace   view DEEL.PUBLIC_staging.stg_globepay_chargeback
  
  
  
  
  as (
    -- models/staging/stg_globepay_chargeback.sql
--
-- Cleans and type-casts the raw Globepay Chargeback Report.
-- One row per transaction with chargeback status.

with source as (
    select * from DEEL.RAW.globepay_chargeback
),

renamed as (
    select
        -- identifiers
        external_ref                                     as external_ref,
        status::boolean                                  as is_active,
        source                                           as payment_source,
        (upper(trim(chargeback)) = 'TRUE')::boolean       as has_chargebac
    from source
)

select * from renamed
  )
/* {"app": "dbt", "dbt_version": "1.11.6", "profile_name": "deel", "target_name": "dev", "node_id": "model.deel.stg_globepay_chargeback"} */;
[0m16:54:44.944915 [debug] [Thread-2 (]: On model.deel.stg_globepay_acceptance: create or replace   view DEEL.PUBLIC_staging.stg_globepay_acceptance
  
  
  
  
  as (
    -- models/staging/stg_globepay_acceptance.sql
--
-- Cleans and type-casts the raw Globepay Acceptance Report.
-- One row per transaction attempt.

with source as (
    select * from DEEL.RAW.globepay_acceptance
),

renamed as (
    select
        -- identifiers
        external_ref                                     as external_ref,
        ref                                              as merchant_ref,

        -- metadata
        status::boolean                                  as is_active,
        source                                           as payment_source,

        -- temporal
        to_timestamp_ntz(date_time)                      as transaction_at,
        date_trunc('month', transaction_at)              as transaction_month,

        -- transaction details
        upper(trim(state))                               as state,
        (upper(trim(state)) = 'ACCEPTED')::boolean       as is_accepted,
        amount::float                                    as amount,
        upper(trim(currency))                            as currency,
        upper(trim(country))                             as country,
        cvv_provided::boolean                            as cvv_provided,

        -- exchange rates stored as JSON string → parse key fields
        try_parse_json(rates)                            as rates_json,
        rates_json['USD']::float                         as amount_usd,

        -- derived: normalise amount to USD
        case currency
            when 'USD' then amount
            when 'EUR' then amount / nullif(rate_eur, 0)
            when 'GBP' then amount / nullif(rate_gbp, 0)
            when 'CAD' then amount / nullif(rate_cad, 0)
            when 'MXN' then amount / nullif(rate_mxn, 0)
            else null
        end                                              as amount_usd

    from source
)

select * from renamed
  )
/* {"app": "dbt", "dbt_version": "1.11.6", "profile_name": "deel", "target_name": "dev", "node_id": "model.deel.stg_globepay_acceptance"} */;
[0m16:54:44.945174 [debug] [Thread-3 (]: Opening a new connection, currently in state init
[0m16:54:45.131158 [debug] [Thread-2 (]: Snowflake adapter: Snowflake query id: 01c2914a-0303-c05a-0000-000520fb80f9
[0m16:54:45.131534 [debug] [Thread-2 (]: Snowflake adapter: Snowflake error: 002003 (42S02): SQL compilation error:
Object 'DEEL.RAW.GLOBEPAY_ACCEPTANCE' does not exist or not authorized.
[0m16:54:45.136620 [debug] [Thread-2 (]: Database Error in model stg_globepay_acceptance (deel/models/staging/stg_globepay_acceptance.sql)
  002003 (42S02): SQL compilation error:
  Object 'DEEL.RAW.GLOBEPAY_ACCEPTANCE' does not exist or not authorized.
  compiled code at target/run/deel/deel/models/staging/stg_globepay_acceptance.sql
[0m16:54:45.138037 [debug] [Thread-2 (]: Sending event: {'category': 'dbt', 'action': 'run_model', 'label': 'efb53446-bda3-4b60-8cc7-81bf3482770b', 'context': [<snowplow_tracker.self_describing_json.SelfDescribingJson object at 0x1100d9c80>]}
[0m16:54:45.138477 [error] [Thread-2 (]: 1 of 2 ERROR creating sql view model PUBLIC_staging.stg_globepay_acceptance .... [[31mERROR[0m in 0.24s]
[0m16:54:45.138806 [debug] [Thread-2 (]: Finished running node model.deel.stg_globepay_acceptance
[0m16:54:45.139121 [debug] [Thread-8 (]: Marking all children of 'model.deel.stg_globepay_acceptance' to be skipped because of status 'error'.  Reason: Database Error in model stg_globepay_acceptance (deel/models/staging/stg_globepay_acceptance.sql)
  002003 (42S02): SQL compilation error:
  Object 'DEEL.RAW.GLOBEPAY_ACCEPTANCE' does not exist or not authorized.
  compiled code at target/run/deel/deel/models/staging/stg_globepay_acceptance.sql.
[0m16:54:46.036743 [debug] [Thread-3 (]: SQL status: SUCCESS 1 in 1.091 seconds
[0m16:54:46.065163 [debug] [Thread-3 (]: Sending event: {'category': 'dbt', 'action': 'run_model', 'label': 'efb53446-bda3-4b60-8cc7-81bf3482770b', 'context': [<snowplow_tracker.self_describing_json.SelfDescribingJson object at 0x10b0f1590>]}
[0m16:54:46.065931 [info ] [Thread-3 (]: 2 of 2 OK created sql view model PUBLIC_staging.stg_globepay_chargeback ........ [[32mSUCCESS 1[0m in 1.17s]
[0m16:54:46.066453 [debug] [Thread-3 (]: Finished running node model.deel.stg_globepay_chargeback
[0m16:54:46.067668 [debug] [MainThread]: Connection 'master' was properly closed.
[0m16:54:46.067962 [debug] [MainThread]: Connection 'model.deel.stg_globepay_acceptance' was left open.
[0m16:54:46.068203 [debug] [MainThread]: On model.deel.stg_globepay_acceptance: Close
[0m16:54:46.376339 [debug] [MainThread]: Connection 'model.deel.stg_globepay_chargeback' was left open.
[0m16:54:46.377143 [debug] [MainThread]: On model.deel.stg_globepay_chargeback: Close
[0m16:54:46.665365 [info ] [MainThread]: 
[0m16:54:46.665892 [info ] [MainThread]: Finished running 2 view models in 0 hours 0 minutes and 3.28 seconds (3.28s).
[0m16:54:46.666721 [debug] [MainThread]: Command end result
[0m16:54:46.688900 [debug] [MainThread]: Wrote artifact WritableManifest to /Users/natanmatos/Documents/deel/deel_chlg/target/manifest.json
[0m16:54:46.690394 [debug] [MainThread]: Wrote artifact SemanticManifest to /Users/natanmatos/Documents/deel/deel_chlg/target/semantic_manifest.json
[0m16:54:46.694579 [debug] [MainThread]: Wrote artifact RunExecutionResult to /Users/natanmatos/Documents/deel/deel_chlg/target/run_results.json
[0m16:54:46.694789 [info ] [MainThread]: 
[0m16:54:46.695021 [info ] [MainThread]: [31mCompleted with 1 error, 0 partial successes, and 0 warnings:[0m
[0m16:54:46.695216 [info ] [MainThread]: 
[0m16:54:46.695449 [error] [MainThread]: [31mFailure in model stg_globepay_acceptance (deel/models/staging/stg_globepay_acceptance.sql)[0m
[0m16:54:46.695678 [error] [MainThread]:   Database Error in model stg_globepay_acceptance (deel/models/staging/stg_globepay_acceptance.sql)
  002003 (42S02): SQL compilation error:
  Object 'DEEL.RAW.GLOBEPAY_ACCEPTANCE' does not exist or not authorized.
  compiled code at target/run/deel/deel/models/staging/stg_globepay_acceptance.sql
[0m16:54:46.695850 [info ] [MainThread]: 
[0m16:54:46.696052 [info ] [MainThread]:   compiled code at target/compiled/deel/deel/models/staging/stg_globepay_acceptance.sql
[0m16:54:46.696221 [info ] [MainThread]: 
[0m16:54:46.696421 [info ] [MainThread]: Done. PASS=1 WARN=0 ERROR=1 SKIP=0 NO-OP=0 TOTAL=2
[0m16:54:46.698685 [debug] [MainThread]: Resource report: {"command_name": "run", "command_success": false, "command_wall_clock_time": 4.1975293, "process_in_blocks": "0", "process_kernel_time": 0.207747, "process_mem_max_rss": "173965312", "process_out_blocks": "0", "process_user_time": 1.664684}
[0m16:54:46.699007 [debug] [MainThread]: Command `dbt run` failed at 16:54:46.698951 after 4.20 seconds
[0m16:54:46.699256 [debug] [MainThread]: Sending event: {'category': 'dbt', 'action': 'invocation', 'label': 'end', 'context': [<snowplow_tracker.self_describing_json.SelfDescribingJson object at 0x10babc150>, <snowplow_tracker.self_describing_json.SelfDescribingJson object at 0x109bf13d0>, <snowplow_tracker.self_describing_json.SelfDescribingJson object at 0x109bfdef0>]}
[0m16:54:46.699479 [debug] [MainThread]: Flushing usage events
[0m16:54:47.497641 [debug] [MainThread]: An error was encountered while trying to flush usage events
[0m16:57:50.399784 [debug] [MainThread]: Sending event: {'category': 'dbt', 'action': 'invocation', 'label': 'start', 'context': [<snowplow_tracker.self_describing_json.SelfDescribingJson object at 0x10c8cc2f0>, <snowplow_tracker.self_describing_json.SelfDescribingJson object at 0x10d9ab750>, <snowplow_tracker.self_describing_json.SelfDescribingJson object at 0x10d9ab9d0>]}


============================== 16:57:50.401941 | be790c55-f9e8-4a49-b8e8-66ff57cecc62 ==============================
[0m16:57:50.401941 [info ] [MainThread]: Running with dbt=1.11.6
[0m16:57:50.402217 [debug] [MainThread]: running dbt with arguments {'static_parser': 'True', 'empty': 'None', 'target_path': 'None', 'warn_error_options': 'WarnErrorOptionsV2(error=[], warn=[], silence=[])', 'printer_width': '80', 'introspect': 'True', 'log_format': 'default', 'send_anonymous_usage_stats': 'True', 'no_print': 'None', 'use_experimental_parser': 'False', 'invocation_command': 'dbt debug', 'log_cache_events': 'False', 'profiles_dir': '/Users/natanmatos/.dbt', 'fail_fast': 'False', 'debug': 'False', 'partial_parse': 'True', 'use_colors': 'True', 'cache_selected_only': 'False', 'warn_error': 'None', 'indirect_selection': 'eager', 'write_json': 'True', 'log_path': '/Users/natanmatos/Documents/deel/deel_chlg/logs', 'quiet': 'False', 'version_check': 'True'}
[0m16:57:50.410491 [info ] [MainThread]: dbt version: 1.11.6
[0m16:57:50.410709 [info ] [MainThread]: python version: 3.13.0
[0m16:57:50.410852 [info ] [MainThread]: python path: /Users/natanmatos/.pyenv/versions/3.13.0/envs/deel/bin/python
[0m16:57:50.410978 [info ] [MainThread]: os info: macOS-26.4-arm64-arm-64bit-Mach-O
[0m16:57:50.540781 [debug] [MainThread]: Snowflake adapter: Setting snowflake.connector to ERROR (file logging only)
[0m16:57:50.541027 [debug] [MainThread]: Snowflake adapter: Setting botocore to ERROR (file logging only)
[0m16:57:50.541181 [debug] [MainThread]: Snowflake adapter: Setting boto3 to ERROR (file logging only)
[0m16:57:50.565299 [info ] [MainThread]: Using profiles dir at /Users/natanmatos/.dbt
[0m16:57:50.565505 [info ] [MainThread]: Using profiles.yml file at /Users/natanmatos/.dbt/profiles.yml
[0m16:57:50.565653 [info ] [MainThread]: Using dbt_project.yml file at /Users/natanmatos/Documents/deel/deel_chlg/dbt_project.yml
[0m16:57:50.565863 [info ] [MainThread]: adapter type: snowflake
[0m16:57:50.565985 [info ] [MainThread]: adapter version: 1.11.2
[0m16:57:50.607501 [info ] [MainThread]: Configuration:
[0m16:57:50.607756 [info ] [MainThread]:   profiles.yml file [[32mOK found and valid[0m]
[0m16:57:50.607908 [info ] [MainThread]:   dbt_project.yml file [[32mOK found and valid[0m]
[0m16:57:50.608029 [info ] [MainThread]: Required dependencies:
[0m16:57:50.608222 [debug] [MainThread]: Executing "git --help"
[0m16:57:50.615640 [debug] [MainThread]: STDOUT: "b"usage: git [-v | --version] [-h | --help] [-C <path>] [-c <name>=<value>]\n           [--exec-path[=<path>]] [--html-path] [--man-path] [--info-path]\n           [-p | --paginate | -P | --no-pager] [--no-replace-objects] [--no-lazy-fetch]\n           [--no-optional-locks] [--no-advice] [--bare] [--git-dir=<path>]\n           [--work-tree=<path>] [--namespace=<name>] [--config-env=<name>=<envvar>]\n           <command> [<args>]\n\nThese are common Git commands used in various situations:\n\nstart a working area (see also: git help tutorial)\n   clone      Clone a repository into a new directory\n   init       Create an empty Git repository or reinitialize an existing one\n\nwork on the current change (see also: git help everyday)\n   add        Add file contents to the index\n   mv         Move or rename a file, a directory, or a symlink\n   restore    Restore working tree files\n   rm         Remove files from the working tree and from the index\n\nexamine the history and state (see also: git help revisions)\n   bisect     Use binary search to find the commit that introduced a bug\n   diff       Show changes between commits, commit and working tree, etc\n   grep       Print lines matching a pattern\n   log        Show commit logs\n   show       Show various types of objects\n   status     Show the working tree status\n\ngrow, mark and tweak your common history\n   backfill   Download missing objects in a partial clone\n   branch     List, create, or delete branches\n   commit     Record changes to the repository\n   merge      Join two or more development histories together\n   rebase     Reapply commits on top of another base tip\n   reset      Set `HEAD` or the index to a known state\n   switch     Switch branches\n   tag        Create, list, delete or verify tags\n\ncollaborate (see also: git help workflows)\n   fetch      Download objects and refs from another repository\n   pull       Fetch from and integrate with another repository or a local branch\n   push       Update remote refs along with associated objects\n\n'git help -a' and 'git help -g' list available subcommands and some\nconcept guides. See 'git help <command>' or 'git help <concept>'\nto read about a specific subcommand or concept.\nSee 'git help git' for an overview of the system.\n""
[0m16:57:50.616129 [debug] [MainThread]: STDERR: "b''"
[0m16:57:50.616312 [info ] [MainThread]:  - git [[32mOK found[0m]

[0m16:57:50.616468 [info ] [MainThread]: Connection:
[0m16:57:50.616632 [info ] [MainThread]:   account: EEYVHCY-TFA55222
[0m16:57:50.616749 [info ] [MainThread]:   user: NATANMATOS
[0m16:57:50.616864 [info ] [MainThread]:   database: DEEL
[0m16:57:50.616978 [info ] [MainThread]:   warehouse: SNOWFLAKE_LEARNING_WH
[0m16:57:50.617094 [info ] [MainThread]:   role: ACCOUNTADMIN
[0m16:57:50.617202 [info ] [MainThread]:   schema: PUBLIC
[0m16:57:50.617313 [info ] [MainThread]:   authenticator: None
[0m16:57:50.617424 [info ] [MainThread]:   oauth_client_id: None
[0m16:57:50.617591 [info ] [MainThread]:   query_tag: None
[0m16:57:50.617747 [info ] [MainThread]:   client_session_keep_alive: False
[0m16:57:50.617867 [info ] [MainThread]:   host: None
[0m16:57:50.617985 [info ] [MainThread]:   port: None
[0m16:57:50.618094 [info ] [MainThread]:   proxy_host: None
[0m16:57:50.618209 [info ] [MainThread]:   proxy_port: None
[0m16:57:50.618316 [info ] [MainThread]:   protocol: None
[0m16:57:50.618426 [info ] [MainThread]:   connect_retries: 1
[0m16:57:50.618536 [info ] [MainThread]:   connect_timeout: None
[0m16:57:50.618648 [info ] [MainThread]:   retry_on_database_errors: False
[0m16:57:50.618756 [info ] [MainThread]:   retry_all: False
[0m16:57:50.618862 [info ] [MainThread]:   insecure_mode: False
[0m16:57:50.618968 [info ] [MainThread]:   reuse_connections: True
[0m16:57:50.619076 [info ] [MainThread]:   s3_stage_vpce_dns_name: None
[0m16:57:50.619182 [info ] [MainThread]:   platform_detection_timeout_seconds: 0.0
[0m16:57:50.619513 [info ] [MainThread]: Registered adapter: snowflake=1.11.2
[0m16:57:50.668064 [debug] [MainThread]: Acquiring new snowflake connection 'debug'
[0m16:57:50.691366 [debug] [MainThread]: Using snowflake connection "debug"
[0m16:57:50.691565 [debug] [MainThread]: On debug: select 1 as id
[0m16:57:50.691693 [debug] [MainThread]: Opening a new connection, currently in state init
[0m16:57:51.733911 [debug] [MainThread]: SQL status: SUCCESS 1 in 1.042 seconds
[0m16:57:51.736481 [info ] [MainThread]:   Connection test: [[32mOK connection ok[0m]

[0m16:57:51.737320 [info ] [MainThread]: [32mAll checks passed![0m
[0m16:57:51.745977 [debug] [MainThread]: Resource report: {"command_name": "debug", "command_success": true, "command_wall_clock_time": 1.377394, "process_in_blocks": "0", "process_kernel_time": 0.159894, "process_mem_max_rss": "160219136", "process_out_blocks": "0", "process_user_time": 0.873861}
[0m16:57:51.747429 [debug] [MainThread]: Command `dbt debug` succeeded at 16:57:51.746988 after 1.38 seconds
[0m16:57:51.748064 [debug] [MainThread]: Connection 'debug' was left open.
[0m16:57:51.748482 [debug] [MainThread]: On debug: Close
[0m16:57:52.033913 [debug] [MainThread]: Sending event: {'category': 'dbt', 'action': 'invocation', 'label': 'end', 'context': [<snowplow_tracker.self_describing_json.SelfDescribingJson object at 0x10ec6c770>, <snowplow_tracker.self_describing_json.SelfDescribingJson object at 0x10e92deb0>, <snowplow_tracker.self_describing_json.SelfDescribingJson object at 0x10e7ee470>]}
[0m16:57:52.035233 [debug] [MainThread]: Flushing usage events
[0m16:57:52.813507 [debug] [MainThread]: An error was encountered while trying to flush usage events
[0m16:57:56.074809 [debug] [MainThread]: Sending event: {'category': 'dbt', 'action': 'invocation', 'label': 'start', 'context': [<snowplow_tracker.self_describing_json.SelfDescribingJson object at 0x10caf02f0>, <snowplow_tracker.self_describing_json.SelfDescribingJson object at 0x10dbdb750>, <snowplow_tracker.self_describing_json.SelfDescribingJson object at 0x10dbdb9d0>]}


============================== 16:57:56.076919 | faca43e1-3a0e-42ae-a569-93bdfec7cace ==============================
[0m16:57:56.076919 [info ] [MainThread]: Running with dbt=1.11.6
[0m16:57:56.077199 [debug] [MainThread]: running dbt with arguments {'invocation_command': 'dbt run', 'warn_error': 'None', 'log_path': '/Users/natanmatos/Documents/deel/deel_chlg/logs', 'log_cache_events': 'False', 'write_json': 'True', 'indirect_selection': 'eager', 'empty': 'False', 'partial_parse': 'True', 'cache_selected_only': 'False', 'profiles_dir': '/Users/natanmatos/.dbt', 'send_anonymous_usage_stats': 'True', 'static_parser': 'True', 'target_path': 'None', 'version_check': 'True', 'no_print': 'None', 'fail_fast': 'False', 'warn_error_options': 'WarnErrorOptionsV2(error=[], warn=[], silence=[])', 'debug': 'False', 'log_format': 'default', 'use_colors': 'True', 'introspect': 'True', 'use_experimental_parser': 'False', 'quiet': 'False', 'printer_width': '80'}
[0m16:57:56.206080 [debug] [MainThread]: Snowflake adapter: Setting snowflake.connector to ERROR (file logging only)
[0m16:57:56.206321 [debug] [MainThread]: Snowflake adapter: Setting botocore to ERROR (file logging only)
[0m16:57:56.206451 [debug] [MainThread]: Snowflake adapter: Setting boto3 to ERROR (file logging only)
[0m16:57:56.277733 [debug] [MainThread]: Sending event: {'category': 'dbt', 'action': 'project_id', 'label': 'faca43e1-3a0e-42ae-a569-93bdfec7cace', 'context': [<snowplow_tracker.self_describing_json.SelfDescribingJson object at 0x10cf04fc0>]}
[0m16:57:56.304670 [debug] [MainThread]: Sending event: {'category': 'dbt', 'action': 'adapter_info', 'label': 'faca43e1-3a0e-42ae-a569-93bdfec7cace', 'context': [<snowplow_tracker.self_describing_json.SelfDescribingJson object at 0x10e8428b0>]}
[0m16:57:56.305082 [info ] [MainThread]: Registered adapter: snowflake=1.11.2
[0m16:57:56.358290 [debug] [MainThread]: checksum: ec27062d18352e9cfca161c166fcc73d2201661a23a3cf3c89196a27f32cfcb8, vars: {}, profile: , target: , version: 1.11.6
[0m16:57:56.404856 [debug] [MainThread]: Partial parsing enabled: 0 files deleted, 0 files added, 1 files changed.
[0m16:57:56.405262 [debug] [MainThread]: Partial parsing: updated file: deel://deel/models/staging/sources.yml
[0m16:57:56.528549 [error] [MainThread]: Encountered an error:
Compilation Error
  Model 'model.deel.stg_globepay_acceptance' (deel/models/staging/stg_globepay_acceptance.sql) depends on a source named 'globepay.globepay_acceptance' which was not found
[0m16:57:56.530143 [debug] [MainThread]: Resource report: {"command_name": "run", "command_success": false, "command_wall_clock_time": 0.48621172, "process_in_blocks": "0", "process_kernel_time": 0.14124, "process_mem_max_rss": "149602304", "process_out_blocks": "0", "process_user_time": 0.966679}
[0m16:57:56.530359 [debug] [MainThread]: Command `dbt run` failed at 16:57:56.530318 after 0.49 seconds
[0m16:57:56.530533 [debug] [MainThread]: Sending event: {'category': 'dbt', 'action': 'invocation', 'label': 'end', 'context': [<snowplow_tracker.self_describing_json.SelfDescribingJson object at 0x10edb2250>, <snowplow_tracker.self_describing_json.SelfDescribingJson object at 0x10edb2350>, <snowplow_tracker.self_describing_json.SelfDescribingJson object at 0x10ee0e990>]}
[0m16:57:56.530682 [debug] [MainThread]: Flushing usage events
[0m16:57:57.173739 [debug] [MainThread]: An error was encountered while trying to flush usage events
[0m16:58:46.510935 [debug] [MainThread]: Sending event: {'category': 'dbt', 'action': 'invocation', 'label': 'start', 'context': [<snowplow_tracker.self_describing_json.SelfDescribingJson object at 0x10a58c2f0>, <snowplow_tracker.self_describing_json.SelfDescribingJson object at 0x10b673750>, <snowplow_tracker.self_describing_json.SelfDescribingJson object at 0x10b6739d0>]}


============================== 16:58:46.513030 | aa622779-7049-41fd-ae86-6cbe66d87fdc ==============================
[0m16:58:46.513030 [info ] [MainThread]: Running with dbt=1.11.6
[0m16:58:46.513308 [debug] [MainThread]: running dbt with arguments {'empty': 'False', 'use_experimental_parser': 'False', 'profiles_dir': '/Users/natanmatos/.dbt', 'send_anonymous_usage_stats': 'True', 'printer_width': '80', 'log_format': 'default', 'debug': 'False', 'static_parser': 'True', 'write_json': 'True', 'log_cache_events': 'False', 'target_path': 'None', 'use_colors': 'True', 'introspect': 'True', 'warn_error_options': 'WarnErrorOptionsV2(error=[], warn=[], silence=[])', 'invocation_command': 'dbt run', 'indirect_selection': 'eager', 'version_check': 'True', 'quiet': 'False', 'no_print': 'None', 'cache_selected_only': 'False', 'partial_parse': 'True', 'log_path': '/Users/natanmatos/Documents/deel/deel_chlg/logs', 'fail_fast': 'False', 'warn_error': 'None'}
[0m16:58:46.642919 [debug] [MainThread]: Snowflake adapter: Setting snowflake.connector to ERROR (file logging only)
[0m16:58:46.643154 [debug] [MainThread]: Snowflake adapter: Setting botocore to ERROR (file logging only)
[0m16:58:46.643285 [debug] [MainThread]: Snowflake adapter: Setting boto3 to ERROR (file logging only)
[0m16:58:46.713794 [debug] [MainThread]: Sending event: {'category': 'dbt', 'action': 'project_id', 'label': 'aa622779-7049-41fd-ae86-6cbe66d87fdc', 'context': [<snowplow_tracker.self_describing_json.SelfDescribingJson object at 0x10a9a0fc0>]}
[0m16:58:46.739583 [debug] [MainThread]: Sending event: {'category': 'dbt', 'action': 'adapter_info', 'label': 'aa622779-7049-41fd-ae86-6cbe66d87fdc', 'context': [<snowplow_tracker.self_describing_json.SelfDescribingJson object at 0x10c2de8b0>]}
[0m16:58:46.739980 [info ] [MainThread]: Registered adapter: snowflake=1.11.2
[0m16:58:46.789541 [debug] [MainThread]: checksum: ec27062d18352e9cfca161c166fcc73d2201661a23a3cf3c89196a27f32cfcb8, vars: {}, profile: , target: , version: 1.11.6
[0m16:58:46.835810 [debug] [MainThread]: Partial parsing enabled: 0 files deleted, 0 files added, 0 files changed.
[0m16:58:46.836058 [debug] [MainThread]: Nothing changed, skipping partial parsing.
[0m16:58:46.836197 [debug] [MainThread]: Partial parsing enabled, no changes found, skipping parsing
[0m16:58:46.851197 [debug] [MainThread]: Sending event: {'category': 'dbt', 'action': 'load_project', 'label': 'aa622779-7049-41fd-ae86-6cbe66d87fdc', 'context': [<snowplow_tracker.self_describing_json.SelfDescribingJson object at 0x10c849050>]}
[0m16:58:46.883101 [debug] [MainThread]: Wrote artifact WritableManifest to /Users/natanmatos/Documents/deel/deel_chlg/target/manifest.json
[0m16:58:46.884075 [debug] [MainThread]: Wrote artifact SemanticManifest to /Users/natanmatos/Documents/deel/deel_chlg/target/semantic_manifest.json
[0m16:58:46.892062 [debug] [MainThread]: Sending event: {'category': 'dbt', 'action': 'resource_counts', 'label': 'aa622779-7049-41fd-ae86-6cbe66d87fdc', 'context': [<snowplow_tracker.self_describing_json.SelfDescribingJson object at 0x10c2a3e30>]}
[0m16:58:46.892300 [info ] [MainThread]: Found 2 models, 2 sources, 522 macros
[0m16:58:46.892706 [debug] [MainThread]: Sending event: {'category': 'dbt', 'action': 'runnable_timing', 'label': 'aa622779-7049-41fd-ae86-6cbe66d87fdc', 'context': [<snowplow_tracker.self_describing_json.SelfDescribingJson object at 0x10c988d70>]}
[0m16:58:46.893543 [info ] [MainThread]: 
[0m16:58:46.893689 [info ] [MainThread]: Concurrency: 4 threads (target='dev')
[0m16:58:46.893808 [info ] [MainThread]: 
[0m16:58:46.894024 [debug] [MainThread]: Acquiring new snowflake connection 'master'
[0m16:58:46.895835 [debug] [ThreadPool]: Acquiring new snowflake connection 'list_DEEL'
[0m16:58:46.922902 [debug] [ThreadPool]: Using snowflake connection "list_DEEL"
[0m16:58:46.923098 [debug] [ThreadPool]: On list_DEEL: show terse schemas in database DEEL
    limit 10000
/* {"app": "dbt", "dbt_version": "1.11.6", "profile_name": "deel", "target_name": "dev", "connection_name": "list_DEEL"} */
[0m16:58:46.923220 [debug] [ThreadPool]: Opening a new connection, currently in state init
[0m16:58:47.944793 [debug] [ThreadPool]: SQL status: SUCCESS 5 in 1.021 seconds
[0m16:58:47.952975 [debug] [ThreadPool]: Re-using an available connection from the pool (formerly list_DEEL, now list_DEEL_PUBLIC_staging)
[0m16:58:47.973473 [debug] [ThreadPool]: Using snowflake connection "list_DEEL_PUBLIC_staging"
[0m16:58:47.973903 [debug] [ThreadPool]: On list_DEEL_PUBLIC_staging: show objects in DEEL.PUBLIC_staging
    limit 10000
    

/* {"app": "dbt", "dbt_version": "1.11.6", "profile_name": "deel", "target_name": "dev", "connection_name": "list_DEEL_PUBLIC_staging"} */;
[0m16:58:48.158232 [debug] [ThreadPool]: SQL status: SUCCESS 1 in 0.184 seconds
[0m16:58:48.160726 [debug] [MainThread]: Sending event: {'category': 'dbt', 'action': 'runnable_timing', 'label': 'aa622779-7049-41fd-ae86-6cbe66d87fdc', 'context': [<snowplow_tracker.self_describing_json.SelfDescribingJson object at 0x10d71b110>]}
[0m16:58:48.164008 [debug] [Thread-2 (]: Began running node model.deel.stg_globepay_acceptance
[0m16:58:48.164388 [debug] [Thread-3 (]: Began running node model.deel.stg_globepay_chargeback
[0m16:58:48.164838 [info ] [Thread-2 (]: 1 of 2 START sql view model PUBLIC_staging.stg_globepay_acceptance ............. [RUN]
[0m16:58:48.165594 [debug] [Thread-2 (]: Re-using an available connection from the pool (formerly list_DEEL_PUBLIC_staging, now model.deel.stg_globepay_acceptance)
[0m16:58:48.165207 [info ] [Thread-3 (]: 2 of 2 START sql view model PUBLIC_staging.stg_globepay_chargeback ............. [RUN]
[0m16:58:48.165978 [debug] [Thread-2 (]: Began compiling node model.deel.stg_globepay_acceptance
[0m16:58:48.166363 [debug] [Thread-3 (]: Acquiring new snowflake connection 'model.deel.stg_globepay_chargeback'
[0m16:58:48.172000 [debug] [Thread-3 (]: Began compiling node model.deel.stg_globepay_chargeback
[0m16:58:48.172974 [debug] [Thread-2 (]: Writing injected SQL for node "model.deel.stg_globepay_acceptance"
[0m16:58:48.175367 [debug] [Thread-3 (]: Writing injected SQL for node "model.deel.stg_globepay_chargeback"
[0m16:58:48.176102 [debug] [Thread-3 (]: Began executing node model.deel.stg_globepay_chargeback
[0m16:58:48.176352 [debug] [Thread-2 (]: Began executing node model.deel.stg_globepay_acceptance
[0m16:58:48.201211 [debug] [Thread-3 (]: Writing runtime sql for node "model.deel.stg_globepay_chargeback"
[0m16:58:48.201582 [debug] [Thread-2 (]: Writing runtime sql for node "model.deel.stg_globepay_acceptance"
[0m16:58:48.202956 [debug] [Thread-2 (]: Using snowflake connection "model.deel.stg_globepay_acceptance"
[0m16:58:48.203421 [debug] [Thread-3 (]: Using snowflake connection "model.deel.stg_globepay_chargeback"
[0m16:58:48.203679 [debug] [Thread-2 (]: On model.deel.stg_globepay_acceptance: create or replace   view DEEL.PUBLIC_staging.stg_globepay_acceptance
  
  
  
  
  as (
    -- models/staging/stg_globepay_acceptance.sql
--
-- Cleans and type-casts the raw Globepay Acceptance Report.
-- One row per transaction attempt.

with source as (
    select * from DEEL.RAW.globepay_acceptance
),

renamed as (
    select
        -- identifiers
        external_ref                                     as external_ref,
        ref                                              as merchant_ref,

        -- metadata
        status::boolean                                  as is_active,
        source                                           as payment_source,

        -- temporal
        to_timestamp_ntz(date_time)                      as transaction_at,
        date_trunc('month', transaction_at)              as transaction_month,

        -- transaction details
        upper(trim(state))                               as state,
        (upper(trim(state)) = 'ACCEPTED')::boolean       as is_accepted,
        amount::float                                    as amount,
        upper(trim(currency))                            as currency,
        upper(trim(country))                             as country,
        cvv_provided::boolean                            as cvv_provided,

        -- exchange rates stored as JSON string → parse key fields
        try_parse_json(rates)                            as rates_json,
        rates_json['USD']::float                         as amount_usd,

        -- derived: normalise amount to USD
        case currency
            when 'USD' then amount
            when 'EUR' then amount / nullif(rate_eur, 0)
            when 'GBP' then amount / nullif(rate_gbp, 0)
            when 'CAD' then amount / nullif(rate_cad, 0)
            when 'MXN' then amount / nullif(rate_mxn, 0)
            else null
        end                                              as amount_usd

    from source
)

select * from renamed
  )
/* {"app": "dbt", "dbt_version": "1.11.6", "profile_name": "deel", "target_name": "dev", "node_id": "model.deel.stg_globepay_acceptance"} */;
[0m16:58:48.203943 [debug] [Thread-3 (]: On model.deel.stg_globepay_chargeback: create or replace   view DEEL.PUBLIC_staging.stg_globepay_chargeback
  
  
  
  
  as (
    -- models/staging/stg_globepay_chargeback.sql
--
-- Cleans and type-casts the raw Globepay Chargeback Report.
-- One row per transaction with chargeback status.

with source as (
    select * from DEEL.RAW.globepay_chargeback
),

renamed as (
    select
        -- identifiers
        external_ref                                     as external_ref,
        status::boolean                                  as is_active,
        source                                           as payment_source,
        (upper(trim(chargeback)) = 'TRUE')::boolean       as has_chargebac
    from source
)

select * from renamed
  )
/* {"app": "dbt", "dbt_version": "1.11.6", "profile_name": "deel", "target_name": "dev", "node_id": "model.deel.stg_globepay_chargeback"} */;
[0m16:58:48.204303 [debug] [Thread-3 (]: Opening a new connection, currently in state init
[0m16:58:48.477653 [debug] [Thread-2 (]: Snowflake adapter: Snowflake query id: 01c2914e-0303-c05a-0000-000520fb81cd
[0m16:58:48.478297 [debug] [Thread-2 (]: Snowflake adapter: Snowflake error: 000904 (42000): SQL compilation error: error line 45 at position 44
invalid identifier 'RATE_EUR'
[0m16:58:48.485870 [debug] [Thread-2 (]: Database Error in model stg_globepay_acceptance (deel/models/staging/stg_globepay_acceptance.sql)
  000904 (42000): SQL compilation error: error line 45 at position 44
  invalid identifier 'RATE_EUR'
  compiled code at target/run/deel/deel/models/staging/stg_globepay_acceptance.sql
[0m16:58:48.487950 [debug] [Thread-2 (]: Sending event: {'category': 'dbt', 'action': 'run_model', 'label': 'aa622779-7049-41fd-ae86-6cbe66d87fdc', 'context': [<snowplow_tracker.self_describing_json.SelfDescribingJson object at 0x10d622f90>]}
[0m16:58:48.488588 [error] [Thread-2 (]: 1 of 2 ERROR creating sql view model PUBLIC_staging.stg_globepay_acceptance .... [[31mERROR[0m in 0.32s]
[0m16:58:48.489184 [debug] [Thread-2 (]: Finished running node model.deel.stg_globepay_acceptance
[0m16:58:48.489689 [debug] [Thread-8 (]: Marking all children of 'model.deel.stg_globepay_acceptance' to be skipped because of status 'error'.  Reason: Database Error in model stg_globepay_acceptance (deel/models/staging/stg_globepay_acceptance.sql)
  000904 (42000): SQL compilation error: error line 45 at position 44
  invalid identifier 'RATE_EUR'
  compiled code at target/run/deel/deel/models/staging/stg_globepay_acceptance.sql.
[0m16:58:48.995039 [debug] [Thread-3 (]: SQL status: SUCCESS 1 in 0.790 seconds
[0m16:58:49.025933 [debug] [Thread-3 (]: Sending event: {'category': 'dbt', 'action': 'run_model', 'label': 'aa622779-7049-41fd-ae86-6cbe66d87fdc', 'context': [<snowplow_tracker.self_describing_json.SelfDescribingJson object at 0x10d9814f0>]}
[0m16:58:49.026570 [info ] [Thread-3 (]: 2 of 2 OK created sql view model PUBLIC_staging.stg_globepay_chargeback ........ [[32mSUCCESS 1[0m in 0.86s]
[0m16:58:49.027027 [debug] [Thread-3 (]: Finished running node model.deel.stg_globepay_chargeback
[0m16:58:49.028114 [debug] [MainThread]: Connection 'master' was properly closed.
[0m16:58:49.028422 [debug] [MainThread]: Connection 'model.deel.stg_globepay_acceptance' was left open.
[0m16:58:49.028654 [debug] [MainThread]: On model.deel.stg_globepay_acceptance: Close
[0m16:58:49.315249 [debug] [MainThread]: Connection 'model.deel.stg_globepay_chargeback' was left open.
[0m16:58:49.316158 [debug] [MainThread]: On model.deel.stg_globepay_chargeback: Close
[0m16:58:49.601353 [info ] [MainThread]: 
[0m16:58:49.602411 [info ] [MainThread]: Finished running 2 view models in 0 hours 0 minutes and 2.71 seconds (2.71s).
[0m16:58:49.603905 [debug] [MainThread]: Command end result
[0m16:58:49.635828 [debug] [MainThread]: Wrote artifact WritableManifest to /Users/natanmatos/Documents/deel/deel_chlg/target/manifest.json
[0m16:58:49.637589 [debug] [MainThread]: Wrote artifact SemanticManifest to /Users/natanmatos/Documents/deel/deel_chlg/target/semantic_manifest.json
[0m16:58:49.642345 [debug] [MainThread]: Wrote artifact RunExecutionResult to /Users/natanmatos/Documents/deel/deel_chlg/target/run_results.json
[0m16:58:49.642560 [info ] [MainThread]: 
[0m16:58:49.642814 [info ] [MainThread]: [31mCompleted with 1 error, 0 partial successes, and 0 warnings:[0m
[0m16:58:49.643013 [info ] [MainThread]: 
[0m16:58:49.643261 [error] [MainThread]: [31mFailure in model stg_globepay_acceptance (deel/models/staging/stg_globepay_acceptance.sql)[0m
[0m16:58:49.643498 [error] [MainThread]:   Database Error in model stg_globepay_acceptance (deel/models/staging/stg_globepay_acceptance.sql)
  000904 (42000): SQL compilation error: error line 45 at position 44
  invalid identifier 'RATE_EUR'
  compiled code at target/run/deel/deel/models/staging/stg_globepay_acceptance.sql
[0m16:58:49.643677 [info ] [MainThread]: 
[0m16:58:49.643891 [info ] [MainThread]:   compiled code at target/compiled/deel/deel/models/staging/stg_globepay_acceptance.sql
[0m16:58:49.644068 [info ] [MainThread]: 
[0m16:58:49.644276 [info ] [MainThread]: Done. PASS=1 WARN=0 ERROR=1 SKIP=0 NO-OP=0 TOTAL=2
[0m16:58:49.646716 [debug] [MainThread]: Resource report: {"command_name": "run", "command_success": false, "command_wall_clock_time": 3.1667416, "process_in_blocks": "0", "process_kernel_time": 0.190776, "process_mem_max_rss": "169443328", "process_out_blocks": "0", "process_user_time": 1.207899}
[0m16:58:49.647048 [debug] [MainThread]: Command `dbt run` failed at 16:58:49.646988 after 3.17 seconds
[0m16:58:49.647303 [debug] [MainThread]: Sending event: {'category': 'dbt', 'action': 'invocation', 'label': 'end', 'context': [<snowplow_tracker.self_describing_json.SelfDescribingJson object at 0x10d9f23f0>, <snowplow_tracker.self_describing_json.SelfDescribingJson object at 0x10d9d1250>, <snowplow_tracker.self_describing_json.SelfDescribingJson object at 0x10b6e86d0>]}
[0m16:58:49.647524 [debug] [MainThread]: Flushing usage events
[0m16:58:50.298916 [debug] [MainThread]: An error was encountered while trying to flush usage events
[0m17:00:49.946110 [debug] [MainThread]: Sending event: {'category': 'dbt', 'action': 'invocation', 'label': 'start', 'context': [<snowplow_tracker.self_describing_json.SelfDescribingJson object at 0x10ae782f0>, <snowplow_tracker.self_describing_json.SelfDescribingJson object at 0x10bf63750>, <snowplow_tracker.self_describing_json.SelfDescribingJson object at 0x10bf639d0>]}


============================== 17:00:49.948721 | 82b7df56-8f4f-408c-a03b-8273b9117827 ==============================
[0m17:00:49.948721 [info ] [MainThread]: Running with dbt=1.11.6
[0m17:00:49.949004 [debug] [MainThread]: running dbt with arguments {'log_path': '/Users/natanmatos/Documents/deel/deel_chlg/logs', 'write_json': 'True', 'log_format': 'default', 'profiles_dir': '/Users/natanmatos/.dbt', 'log_cache_events': 'False', 'static_parser': 'True', 'warn_error': 'None', 'quiet': 'False', 'use_experimental_parser': 'False', 'introspect': 'True', 'partial_parse': 'True', 'target_path': 'None', 'empty': 'False', 'printer_width': '80', 'invocation_command': 'dbt run', 'cache_selected_only': 'False', 'use_colors': 'True', 'fail_fast': 'False', 'version_check': 'True', 'send_anonymous_usage_stats': 'True', 'debug': 'False', 'no_print': 'None', 'indirect_selection': 'eager', 'warn_error_options': 'WarnErrorOptionsV2(error=[], warn=[], silence=[])'}
[0m17:00:50.149619 [debug] [MainThread]: Snowflake adapter: Setting snowflake.connector to ERROR (file logging only)
[0m17:00:50.149857 [debug] [MainThread]: Snowflake adapter: Setting botocore to ERROR (file logging only)
[0m17:00:50.149994 [debug] [MainThread]: Snowflake adapter: Setting boto3 to ERROR (file logging only)
[0m17:00:50.221183 [debug] [MainThread]: Sending event: {'category': 'dbt', 'action': 'project_id', 'label': '82b7df56-8f4f-408c-a03b-8273b9117827', 'context': [<snowplow_tracker.self_describing_json.SelfDescribingJson object at 0x10b290fc0>]}
[0m17:00:50.247674 [debug] [MainThread]: Sending event: {'category': 'dbt', 'action': 'adapter_info', 'label': '82b7df56-8f4f-408c-a03b-8273b9117827', 'context': [<snowplow_tracker.self_describing_json.SelfDescribingJson object at 0x10cbce8b0>]}
[0m17:00:50.248141 [info ] [MainThread]: Registered adapter: snowflake=1.11.2
[0m17:00:50.303655 [debug] [MainThread]: checksum: ec27062d18352e9cfca161c166fcc73d2201661a23a3cf3c89196a27f32cfcb8, vars: {}, profile: , target: , version: 1.11.6
[0m17:00:50.355730 [debug] [MainThread]: Partial parsing enabled: 0 files deleted, 0 files added, 1 files changed.
[0m17:00:50.356021 [debug] [MainThread]: Partial parsing: updated file: deel://deel/models/staging/stg_globepay_acceptance.sql
[0m17:00:50.464843 [debug] [MainThread]: Sending event: {'category': 'dbt', 'action': 'load_project', 'label': '82b7df56-8f4f-408c-a03b-8273b9117827', 'context': [<snowplow_tracker.self_describing_json.SelfDescribingJson object at 0x10d13ce50>]}
[0m17:00:50.495665 [debug] [MainThread]: Wrote artifact WritableManifest to /Users/natanmatos/Documents/deel/deel_chlg/target/manifest.json
[0m17:00:50.496764 [debug] [MainThread]: Wrote artifact SemanticManifest to /Users/natanmatos/Documents/deel/deel_chlg/target/semantic_manifest.json
[0m17:00:50.507149 [debug] [MainThread]: Sending event: {'category': 'dbt', 'action': 'resource_counts', 'label': '82b7df56-8f4f-408c-a03b-8273b9117827', 'context': [<snowplow_tracker.self_describing_json.SelfDescribingJson object at 0x10cb93e30>]}
[0m17:00:50.507383 [info ] [MainThread]: Found 2 models, 2 sources, 522 macros
[0m17:00:50.507535 [debug] [MainThread]: Sending event: {'category': 'dbt', 'action': 'runnable_timing', 'label': '82b7df56-8f4f-408c-a03b-8273b9117827', 'context': [<snowplow_tracker.self_describing_json.SelfDescribingJson object at 0x10cf09470>]}
[0m17:00:50.508618 [info ] [MainThread]: 
[0m17:00:50.508774 [info ] [MainThread]: Concurrency: 4 threads (target='dev')
[0m17:00:50.508896 [info ] [MainThread]: 
[0m17:00:50.509112 [debug] [MainThread]: Acquiring new snowflake connection 'master'
[0m17:00:50.510920 [debug] [ThreadPool]: Acquiring new snowflake connection 'list_DEEL'
[0m17:00:50.539165 [debug] [ThreadPool]: Using snowflake connection "list_DEEL"
[0m17:00:50.539380 [debug] [ThreadPool]: On list_DEEL: show terse schemas in database DEEL
    limit 10000
/* {"app": "dbt", "dbt_version": "1.11.6", "profile_name": "deel", "target_name": "dev", "connection_name": "list_DEEL"} */
[0m17:00:50.539509 [debug] [ThreadPool]: Opening a new connection, currently in state init
[0m17:00:51.898114 [debug] [ThreadPool]: SQL status: SUCCESS 5 in 1.358 seconds
[0m17:00:51.903333 [debug] [ThreadPool]: Re-using an available connection from the pool (formerly list_DEEL, now list_DEEL_PUBLIC_staging)
[0m17:00:51.920391 [debug] [ThreadPool]: Using snowflake connection "list_DEEL_PUBLIC_staging"
[0m17:00:51.920886 [debug] [ThreadPool]: On list_DEEL_PUBLIC_staging: show objects in DEEL.PUBLIC_staging
    limit 10000
    

/* {"app": "dbt", "dbt_version": "1.11.6", "profile_name": "deel", "target_name": "dev", "connection_name": "list_DEEL_PUBLIC_staging"} */;
[0m17:00:52.613795 [debug] [ThreadPool]: SQL status: SUCCESS 1 in 0.692 seconds
[0m17:00:52.619186 [debug] [MainThread]: Sending event: {'category': 'dbt', 'action': 'runnable_timing', 'label': '82b7df56-8f4f-408c-a03b-8273b9117827', 'context': [<snowplow_tracker.self_describing_json.SelfDescribingJson object at 0x10dfb7790>]}
[0m17:00:52.627778 [debug] [Thread-3 (]: Began running node model.deel.stg_globepay_chargeback
[0m17:00:52.628450 [debug] [Thread-2 (]: Began running node model.deel.stg_globepay_acceptance
[0m17:00:52.629160 [info ] [Thread-3 (]: 2 of 2 START sql view model PUBLIC_staging.stg_globepay_chargeback ............. [RUN]
[0m17:00:52.629831 [info ] [Thread-2 (]: 1 of 2 START sql view model PUBLIC_staging.stg_globepay_acceptance ............. [RUN]
[0m17:00:52.630505 [debug] [Thread-3 (]: Acquiring new snowflake connection 'model.deel.stg_globepay_chargeback'
[0m17:00:52.630931 [debug] [Thread-2 (]: Re-using an available connection from the pool (formerly list_DEEL_PUBLIC_staging, now model.deel.stg_globepay_acceptance)
[0m17:00:52.631277 [debug] [Thread-3 (]: Began compiling node model.deel.stg_globepay_chargeback
[0m17:00:52.631597 [debug] [Thread-2 (]: Began compiling node model.deel.stg_globepay_acceptance
[0m17:00:52.639642 [debug] [Thread-3 (]: Writing injected SQL for node "model.deel.stg_globepay_chargeback"
[0m17:00:52.642770 [debug] [Thread-2 (]: Writing injected SQL for node "model.deel.stg_globepay_acceptance"
[0m17:00:52.643696 [debug] [Thread-3 (]: Began executing node model.deel.stg_globepay_chargeback
[0m17:00:52.650332 [debug] [Thread-2 (]: Began executing node model.deel.stg_globepay_acceptance
[0m17:00:52.674098 [debug] [Thread-2 (]: Writing runtime sql for node "model.deel.stg_globepay_acceptance"
[0m17:00:52.675784 [debug] [Thread-3 (]: Writing runtime sql for node "model.deel.stg_globepay_chargeback"
[0m17:00:52.676622 [debug] [Thread-3 (]: Using snowflake connection "model.deel.stg_globepay_chargeback"
[0m17:00:52.677537 [debug] [Thread-2 (]: Using snowflake connection "model.deel.stg_globepay_acceptance"
[0m17:00:52.677753 [debug] [Thread-3 (]: On model.deel.stg_globepay_chargeback: create or replace   view DEEL.PUBLIC_staging.stg_globepay_chargeback
  
  
  
  
  as (
    -- models/staging/stg_globepay_chargeback.sql
--
-- Cleans and type-casts the raw Globepay Chargeback Report.
-- One row per transaction with chargeback status.

with source as (
    select * from DEEL.RAW.globepay_chargeback
),

renamed as (
    select
        -- identifiers
        external_ref                                     as external_ref,
        status::boolean                                  as is_active,
        source                                           as payment_source,
        (upper(trim(chargeback)) = 'TRUE')::boolean       as has_chargebac
    from source
)

select * from renamed
  )
/* {"app": "dbt", "dbt_version": "1.11.6", "profile_name": "deel", "target_name": "dev", "node_id": "model.deel.stg_globepay_chargeback"} */;
[0m17:00:52.678015 [debug] [Thread-2 (]: On model.deel.stg_globepay_acceptance: create or replace   view DEEL.PUBLIC_staging.stg_globepay_acceptance
  
  
  
  
  as (
    -- models/staging/stg_globepay_acceptance.sql
--
-- Cleans and type-casts the raw Globepay Acceptance Report.
-- One row per transaction attempt.

with source as (
    select * from DEEL.RAW.globepay_acceptance
),

renamed as (
    select
        -- identifiers
        external_ref                                     as external_ref,
        ref                                              as merchant_ref,

        -- metadata
        status::boolean                                  as is_active,
        source                                           as payment_source,

        -- temporal
        to_timestamp_ntz(date_time)                      as transaction_at,
        date_trunc('month', transaction_at)              as transaction_month,

        -- transaction details
        upper(trim(state))                               as state,
        (upper(trim(state)) = 'ACCEPTED')::boolean       as is_accepted,
        amount::float                                    as amount,
        upper(trim(currency))                            as currency,
        upper(trim(country))                             as country,
        cvv_provided::boolean                            as cvv_provided,

        -- exchange rates stored as JSON string → parse key fields
        try_parse_json(rates)                            as rates_json,
        rates_json['USD']::float                         as amount_usd,

        -- derived: normalise amount to USD
        case currency
            when 'USD' then amount
            when 'EUR' then amount / nullif(rates_json['EUR']::float, 0)
            when 'GBP' then amount / nullif(rates_json['GBP']::float, 0)
            when 'CAD' then amount / nullif(rates_json['CAD']::float, 0)
            when 'MXN' then amount / nullif(rates_json['MXN']::float, 0)
            else null
        end                                              as amount_usd

    from source
)

select * from renamed
  )
/* {"app": "dbt", "dbt_version": "1.11.6", "profile_name": "deel", "target_name": "dev", "node_id": "model.deel.stg_globepay_acceptance"} */;
[0m17:00:52.678246 [debug] [Thread-3 (]: Opening a new connection, currently in state init
[0m17:00:52.891677 [debug] [Thread-2 (]: Snowflake adapter: Snowflake query id: 01c29150-0303-bf4b-0000-000520fb9195
[0m17:00:52.892079 [debug] [Thread-2 (]: Snowflake adapter: Snowflake error: 002025 (42S21): SQL compilation error:
duplicate column name 'AMOUNT_USD'
[0m17:00:52.897401 [debug] [Thread-2 (]: Database Error in model stg_globepay_acceptance (deel/models/staging/stg_globepay_acceptance.sql)
  002025 (42S21): SQL compilation error:
  duplicate column name 'AMOUNT_USD'
  compiled code at target/run/deel/deel/models/staging/stg_globepay_acceptance.sql
[0m17:00:52.898863 [debug] [Thread-2 (]: Sending event: {'category': 'dbt', 'action': 'run_model', 'label': '82b7df56-8f4f-408c-a03b-8273b9117827', 'context': [<snowplow_tracker.self_describing_json.SelfDescribingJson object at 0x10e44c290>]}
[0m17:00:52.899334 [error] [Thread-2 (]: 1 of 2 ERROR creating sql view model PUBLIC_staging.stg_globepay_acceptance .... [[31mERROR[0m in 0.27s]
[0m17:00:52.899729 [debug] [Thread-2 (]: Finished running node model.deel.stg_globepay_acceptance
[0m17:00:52.900113 [debug] [Thread-8 (]: Marking all children of 'model.deel.stg_globepay_acceptance' to be skipped because of status 'error'.  Reason: Database Error in model stg_globepay_acceptance (deel/models/staging/stg_globepay_acceptance.sql)
  002025 (42S21): SQL compilation error:
  duplicate column name 'AMOUNT_USD'
  compiled code at target/run/deel/deel/models/staging/stg_globepay_acceptance.sql.
[0m17:00:53.888597 [debug] [Thread-3 (]: SQL status: SUCCESS 1 in 1.210 seconds
[0m17:00:53.917973 [debug] [Thread-3 (]: Sending event: {'category': 'dbt', 'action': 'run_model', 'label': '82b7df56-8f4f-408c-a03b-8273b9117827', 'context': [<snowplow_tracker.self_describing_json.SelfDescribingJson object at 0x10e38a0a0>]}
[0m17:00:53.918623 [info ] [Thread-3 (]: 2 of 2 OK created sql view model PUBLIC_staging.stg_globepay_chargeback ........ [[32mSUCCESS 1[0m in 1.29s]
[0m17:00:53.919070 [debug] [Thread-3 (]: Finished running node model.deel.stg_globepay_chargeback
[0m17:00:53.920138 [debug] [MainThread]: Connection 'master' was properly closed.
[0m17:00:53.920356 [debug] [MainThread]: Connection 'model.deel.stg_globepay_acceptance' was left open.
[0m17:00:53.920561 [debug] [MainThread]: On model.deel.stg_globepay_acceptance: Close
[0m17:00:54.210023 [debug] [MainThread]: Connection 'model.deel.stg_globepay_chargeback' was left open.
[0m17:00:54.210348 [debug] [MainThread]: On model.deel.stg_globepay_chargeback: Close
[0m17:00:54.538063 [info ] [MainThread]: 
[0m17:00:54.539043 [info ] [MainThread]: Finished running 2 view models in 0 hours 0 minutes and 4.03 seconds (4.03s).
[0m17:00:54.540503 [debug] [MainThread]: Command end result
[0m17:00:54.571685 [debug] [MainThread]: Wrote artifact WritableManifest to /Users/natanmatos/Documents/deel/deel_chlg/target/manifest.json
[0m17:00:54.573664 [debug] [MainThread]: Wrote artifact SemanticManifest to /Users/natanmatos/Documents/deel/deel_chlg/target/semantic_manifest.json
[0m17:00:54.578958 [debug] [MainThread]: Wrote artifact RunExecutionResult to /Users/natanmatos/Documents/deel/deel_chlg/target/run_results.json
[0m17:00:54.579204 [info ] [MainThread]: 
[0m17:00:54.579470 [info ] [MainThread]: [31mCompleted with 1 error, 0 partial successes, and 0 warnings:[0m
[0m17:00:54.579677 [info ] [MainThread]: 
[0m17:00:54.579936 [error] [MainThread]: [31mFailure in model stg_globepay_acceptance (deel/models/staging/stg_globepay_acceptance.sql)[0m
[0m17:00:54.580168 [error] [MainThread]:   Database Error in model stg_globepay_acceptance (deel/models/staging/stg_globepay_acceptance.sql)
  002025 (42S21): SQL compilation error:
  duplicate column name 'AMOUNT_USD'
  compiled code at target/run/deel/deel/models/staging/stg_globepay_acceptance.sql
[0m17:00:54.580350 [info ] [MainThread]: 
[0m17:00:54.580565 [info ] [MainThread]:   compiled code at target/compiled/deel/deel/models/staging/stg_globepay_acceptance.sql
[0m17:00:54.580743 [info ] [MainThread]: 
[0m17:00:54.580960 [info ] [MainThread]: Done. PASS=1 WARN=0 ERROR=1 SKIP=0 NO-OP=0 TOTAL=2
[0m17:00:54.583568 [debug] [MainThread]: Resource report: {"command_name": "run", "command_success": false, "command_wall_clock_time": 4.669328, "process_in_blocks": "0", "process_kernel_time": 0.225891, "process_mem_max_rss": "171917312", "process_out_blocks": "0", "process_user_time": 1.308658}
[0m17:00:54.583934 [debug] [MainThread]: Command `dbt run` failed at 17:00:54.583868 after 4.67 seconds
[0m17:00:54.584201 [debug] [MainThread]: Sending event: {'category': 'dbt', 'action': 'invocation', 'label': 'end', 'context': [<snowplow_tracker.self_describing_json.SelfDescribingJson object at 0x10e347b10>, <snowplow_tracker.self_describing_json.SelfDescribingJson object at 0x10e41bf50>, <snowplow_tracker.self_describing_json.SelfDescribingJson object at 0x10d3199d0>]}
[0m17:00:54.584532 [debug] [MainThread]: Flushing usage events
[0m17:00:55.288499 [debug] [MainThread]: An error was encountered while trying to flush usage events
[0m17:01:15.971689 [debug] [MainThread]: Sending event: {'category': 'dbt', 'action': 'invocation', 'label': 'start', 'context': [<snowplow_tracker.self_describing_json.SelfDescribingJson object at 0x10c2782f0>, <snowplow_tracker.self_describing_json.SelfDescribingJson object at 0x10d363750>, <snowplow_tracker.self_describing_json.SelfDescribingJson object at 0x10d3639d0>]}


============================== 17:01:15.974026 | 81782cf7-8389-44e1-b85b-335e245b153f ==============================
[0m17:01:15.974026 [info ] [MainThread]: Running with dbt=1.11.6
[0m17:01:15.974329 [debug] [MainThread]: running dbt with arguments {'indirect_selection': 'eager', 'no_print': 'None', 'warn_error': 'None', 'use_colors': 'True', 'warn_error_options': 'WarnErrorOptionsV2(error=[], warn=[], silence=[])', 'cache_selected_only': 'False', 'profiles_dir': '/Users/natanmatos/.dbt', 'log_cache_events': 'False', 'quiet': 'False', 'log_format': 'default', 'empty': 'False', 'debug': 'False', 'write_json': 'True', 'printer_width': '80', 'target_path': 'None', 'static_parser': 'True', 'invocation_command': 'dbt run', 'send_anonymous_usage_stats': 'True', 'use_experimental_parser': 'False', 'introspect': 'True', 'version_check': 'True', 'partial_parse': 'True', 'log_path': '/Users/natanmatos/Documents/deel/deel_chlg/logs', 'fail_fast': 'False'}
[0m17:01:16.114794 [debug] [MainThread]: Snowflake adapter: Setting snowflake.connector to ERROR (file logging only)
[0m17:01:16.115056 [debug] [MainThread]: Snowflake adapter: Setting botocore to ERROR (file logging only)
[0m17:01:16.115190 [debug] [MainThread]: Snowflake adapter: Setting boto3 to ERROR (file logging only)
[0m17:01:16.187594 [debug] [MainThread]: Sending event: {'category': 'dbt', 'action': 'project_id', 'label': '81782cf7-8389-44e1-b85b-335e245b153f', 'context': [<snowplow_tracker.self_describing_json.SelfDescribingJson object at 0x10c690fc0>]}
[0m17:01:16.215066 [debug] [MainThread]: Sending event: {'category': 'dbt', 'action': 'adapter_info', 'label': '81782cf7-8389-44e1-b85b-335e245b153f', 'context': [<snowplow_tracker.self_describing_json.SelfDescribingJson object at 0x10dfce8b0>]}
[0m17:01:16.215545 [info ] [MainThread]: Registered adapter: snowflake=1.11.2
[0m17:01:16.268941 [debug] [MainThread]: checksum: ec27062d18352e9cfca161c166fcc73d2201661a23a3cf3c89196a27f32cfcb8, vars: {}, profile: , target: , version: 1.11.6
[0m17:01:16.317949 [debug] [MainThread]: Partial parsing enabled: 0 files deleted, 0 files added, 1 files changed.
[0m17:01:16.318318 [debug] [MainThread]: Partial parsing: updated file: deel://deel/models/staging/stg_globepay_acceptance.sql
[0m17:01:16.430512 [debug] [MainThread]: Sending event: {'category': 'dbt', 'action': 'load_project', 'label': '81782cf7-8389-44e1-b85b-335e245b153f', 'context': [<snowplow_tracker.self_describing_json.SelfDescribingJson object at 0x10e538e50>]}
[0m17:01:16.461548 [debug] [MainThread]: Wrote artifact WritableManifest to /Users/natanmatos/Documents/deel/deel_chlg/target/manifest.json
[0m17:01:16.462604 [debug] [MainThread]: Wrote artifact SemanticManifest to /Users/natanmatos/Documents/deel/deel_chlg/target/semantic_manifest.json
[0m17:01:16.469970 [debug] [MainThread]: Sending event: {'category': 'dbt', 'action': 'resource_counts', 'label': '81782cf7-8389-44e1-b85b-335e245b153f', 'context': [<snowplow_tracker.self_describing_json.SelfDescribingJson object at 0x10df93e30>]}
[0m17:01:16.470229 [info ] [MainThread]: Found 2 models, 2 sources, 522 macros
[0m17:01:16.470382 [debug] [MainThread]: Sending event: {'category': 'dbt', 'action': 'runnable_timing', 'label': '81782cf7-8389-44e1-b85b-335e245b153f', 'context': [<snowplow_tracker.self_describing_json.SelfDescribingJson object at 0x10e30d470>]}
[0m17:01:16.471490 [info ] [MainThread]: 
[0m17:01:16.471648 [info ] [MainThread]: Concurrency: 4 threads (target='dev')
[0m17:01:16.471773 [info ] [MainThread]: 
[0m17:01:16.471997 [debug] [MainThread]: Acquiring new snowflake connection 'master'
[0m17:01:16.473957 [debug] [ThreadPool]: Acquiring new snowflake connection 'list_DEEL'
[0m17:01:16.499217 [debug] [ThreadPool]: Using snowflake connection "list_DEEL"
[0m17:01:16.499423 [debug] [ThreadPool]: On list_DEEL: show terse schemas in database DEEL
    limit 10000
/* {"app": "dbt", "dbt_version": "1.11.6", "profile_name": "deel", "target_name": "dev", "connection_name": "list_DEEL"} */
[0m17:01:16.499552 [debug] [ThreadPool]: Opening a new connection, currently in state init
[0m17:01:17.567949 [debug] [ThreadPool]: SQL status: SUCCESS 5 in 1.068 seconds
[0m17:01:17.572614 [debug] [ThreadPool]: Re-using an available connection from the pool (formerly list_DEEL, now list_DEEL_PUBLIC_staging)
[0m17:01:17.589022 [debug] [ThreadPool]: Using snowflake connection "list_DEEL_PUBLIC_staging"
[0m17:01:17.589527 [debug] [ThreadPool]: On list_DEEL_PUBLIC_staging: show objects in DEEL.PUBLIC_staging
    limit 10000
    

/* {"app": "dbt", "dbt_version": "1.11.6", "profile_name": "deel", "target_name": "dev", "connection_name": "list_DEEL_PUBLIC_staging"} */;
[0m17:01:17.772150 [debug] [ThreadPool]: SQL status: SUCCESS 1 in 0.182 seconds
[0m17:01:17.775837 [debug] [MainThread]: Sending event: {'category': 'dbt', 'action': 'runnable_timing', 'label': '81782cf7-8389-44e1-b85b-335e245b153f', 'context': [<snowplow_tracker.self_describing_json.SelfDescribingJson object at 0x10f3b7790>]}
[0m17:01:17.779581 [debug] [Thread-2 (]: Began running node model.deel.stg_globepay_acceptance
[0m17:01:17.780082 [debug] [Thread-3 (]: Began running node model.deel.stg_globepay_chargeback
[0m17:01:17.780732 [info ] [Thread-2 (]: 1 of 2 START sql view model PUBLIC_staging.stg_globepay_acceptance ............. [RUN]
[0m17:01:17.781366 [info ] [Thread-3 (]: 2 of 2 START sql view model PUBLIC_staging.stg_globepay_chargeback ............. [RUN]
[0m17:01:17.782001 [debug] [Thread-2 (]: Re-using an available connection from the pool (formerly list_DEEL_PUBLIC_staging, now model.deel.stg_globepay_acceptance)
[0m17:01:17.782674 [debug] [Thread-3 (]: Acquiring new snowflake connection 'model.deel.stg_globepay_chargeback'
[0m17:01:17.783175 [debug] [Thread-2 (]: Began compiling node model.deel.stg_globepay_acceptance
[0m17:01:17.783620 [debug] [Thread-3 (]: Began compiling node model.deel.stg_globepay_chargeback
[0m17:01:17.793668 [debug] [Thread-2 (]: Writing injected SQL for node "model.deel.stg_globepay_acceptance"
[0m17:01:17.798046 [debug] [Thread-3 (]: Writing injected SQL for node "model.deel.stg_globepay_chargeback"
[0m17:01:17.799138 [debug] [Thread-2 (]: Began executing node model.deel.stg_globepay_acceptance
[0m17:01:17.799516 [debug] [Thread-3 (]: Began executing node model.deel.stg_globepay_chargeback
[0m17:01:17.830491 [debug] [Thread-3 (]: Writing runtime sql for node "model.deel.stg_globepay_chargeback"
[0m17:01:17.832599 [debug] [Thread-2 (]: Writing runtime sql for node "model.deel.stg_globepay_acceptance"
[0m17:01:17.833552 [debug] [Thread-3 (]: Using snowflake connection "model.deel.stg_globepay_chargeback"
[0m17:01:17.834495 [debug] [Thread-2 (]: Using snowflake connection "model.deel.stg_globepay_acceptance"
[0m17:01:17.834731 [debug] [Thread-3 (]: On model.deel.stg_globepay_chargeback: create or replace   view DEEL.PUBLIC_staging.stg_globepay_chargeback
  
  
  
  
  as (
    -- models/staging/stg_globepay_chargeback.sql
--
-- Cleans and type-casts the raw Globepay Chargeback Report.
-- One row per transaction with chargeback status.

with source as (
    select * from DEEL.RAW.globepay_chargeback
),

renamed as (
    select
        -- identifiers
        external_ref                                     as external_ref,
        status::boolean                                  as is_active,
        source                                           as payment_source,
        (upper(trim(chargeback)) = 'TRUE')::boolean       as has_chargebac
    from source
)

select * from renamed
  )
/* {"app": "dbt", "dbt_version": "1.11.6", "profile_name": "deel", "target_name": "dev", "node_id": "model.deel.stg_globepay_chargeback"} */;
[0m17:01:17.835000 [debug] [Thread-2 (]: On model.deel.stg_globepay_acceptance: create or replace   view DEEL.PUBLIC_staging.stg_globepay_acceptance
  
  
  
  
  as (
    -- models/staging/stg_globepay_acceptance.sql
--
-- Cleans and type-casts the raw Globepay Acceptance Report.
-- One row per transaction attempt.

with source as (
    select * from DEEL.RAW.globepay_acceptance
),

renamed as (
    select
        -- identifiers
        external_ref                                     as external_ref,
        ref                                              as merchant_ref,

        -- metadata
        status::boolean                                  as is_active,
        source                                           as payment_source,

        -- temporal
        to_timestamp_ntz(date_time)                      as transaction_at,
        date_trunc('month', transaction_at)              as transaction_month,

        -- transaction details
        upper(trim(state))                               as state,
        (upper(trim(state)) = 'ACCEPTED')::boolean       as is_accepted,
        amount::float                                    as amount,
        upper(trim(currency))                            as currency,
        upper(trim(country))                             as country,
        cvv_provided::boolean                            as cvv_provided,

        -- exchange rates stored as JSON string → parse key fields
        try_parse_json(rates)                            as rates_json,
        -- rates_json['USD']::float                         as amount_usd,

        -- derived: normalise amount to USD
        case currency
            when 'USD' then amount
            when 'EUR' then amount / nullif(rates_json['EUR']::float, 0)
            when 'GBP' then amount / nullif(rates_json['GBP']::float, 0)
            when 'CAD' then amount / nullif(rates_json['CAD']::float, 0)
            when 'MXN' then amount / nullif(rates_json['MXN']::float, 0)
            else null
        end                                              as amount_usd

    from source
)

select * from renamed
  )
/* {"app": "dbt", "dbt_version": "1.11.6", "profile_name": "deel", "target_name": "dev", "node_id": "model.deel.stg_globepay_acceptance"} */;
[0m17:01:17.835247 [debug] [Thread-3 (]: Opening a new connection, currently in state init
[0m17:01:18.165460 [debug] [Thread-2 (]: SQL status: SUCCESS 1 in 0.330 seconds
[0m17:01:18.186462 [debug] [Thread-2 (]: Sending event: {'category': 'dbt', 'action': 'run_model', 'label': '81782cf7-8389-44e1-b85b-335e245b153f', 'context': [<snowplow_tracker.self_describing_json.SelfDescribingJson object at 0x11390c710>]}
[0m17:01:18.187008 [info ] [Thread-2 (]: 1 of 2 OK created sql view model PUBLIC_staging.stg_globepay_acceptance ........ [[32mSUCCESS 1[0m in 0.40s]
[0m17:01:18.187415 [debug] [Thread-2 (]: Finished running node model.deel.stg_globepay_acceptance
[0m17:01:18.965586 [debug] [Thread-3 (]: SQL status: SUCCESS 1 in 1.130 seconds
[0m17:01:18.975016 [debug] [Thread-3 (]: Sending event: {'category': 'dbt', 'action': 'run_model', 'label': '81782cf7-8389-44e1-b85b-335e245b153f', 'context': [<snowplow_tracker.self_describing_json.SelfDescribingJson object at 0x113852780>]}
[0m17:01:18.976086 [info ] [Thread-3 (]: 2 of 2 OK created sql view model PUBLIC_staging.stg_globepay_chargeback ........ [[32mSUCCESS 1[0m in 1.19s]
[0m17:01:18.976907 [debug] [Thread-3 (]: Finished running node model.deel.stg_globepay_chargeback
[0m17:01:18.978572 [debug] [MainThread]: Connection 'master' was properly closed.
[0m17:01:18.978975 [debug] [MainThread]: Connection 'model.deel.stg_globepay_acceptance' was left open.
[0m17:01:18.979291 [debug] [MainThread]: On model.deel.stg_globepay_acceptance: Close
[0m17:01:19.282003 [debug] [MainThread]: Connection 'model.deel.stg_globepay_chargeback' was left open.
[0m17:01:19.283168 [debug] [MainThread]: On model.deel.stg_globepay_chargeback: Close
[0m17:01:19.566535 [info ] [MainThread]: 
[0m17:01:19.567655 [info ] [MainThread]: Finished running 2 view models in 0 hours 0 minutes and 3.09 seconds (3.09s).
[0m17:01:19.569080 [debug] [MainThread]: Command end result
[0m17:01:19.596440 [debug] [MainThread]: Wrote artifact WritableManifest to /Users/natanmatos/Documents/deel/deel_chlg/target/manifest.json
[0m17:01:19.597906 [debug] [MainThread]: Wrote artifact SemanticManifest to /Users/natanmatos/Documents/deel/deel_chlg/target/semantic_manifest.json
[0m17:01:19.602366 [debug] [MainThread]: Wrote artifact RunExecutionResult to /Users/natanmatos/Documents/deel/deel_chlg/target/run_results.json
[0m17:01:19.602609 [info ] [MainThread]: 
[0m17:01:19.602856 [info ] [MainThread]: [32mCompleted successfully[0m
[0m17:01:19.603047 [info ] [MainThread]: 
[0m17:01:19.603259 [info ] [MainThread]: Done. PASS=2 WARN=0 ERROR=0 SKIP=0 NO-OP=0 TOTAL=2
[0m17:01:19.605429 [debug] [MainThread]: Resource report: {"command_name": "run", "command_success": true, "command_wall_clock_time": 3.6667194, "process_in_blocks": "0", "process_kernel_time": 0.200041, "process_mem_max_rss": "171851776", "process_out_blocks": "0", "process_user_time": 1.314981}
[0m17:01:19.605727 [debug] [MainThread]: Command `dbt run` succeeded at 17:01:19.605671 after 3.67 seconds
[0m17:01:19.605960 [debug] [MainThread]: Sending event: {'category': 'dbt', 'action': 'invocation', 'label': 'end', 'context': [<snowplow_tracker.self_describing_json.SelfDescribingJson object at 0x11380f930>, <snowplow_tracker.self_describing_json.SelfDescribingJson object at 0x1138adac0>, <snowplow_tracker.self_describing_json.SelfDescribingJson object at 0x10e7159d0>]}
[0m17:01:19.606172 [debug] [MainThread]: Flushing usage events
[0m17:01:20.239765 [debug] [MainThread]: An error was encountered while trying to flush usage events
[0m17:03:38.024883 [debug] [MainThread]: Sending event: {'category': 'dbt', 'action': 'invocation', 'label': 'start', 'context': [<snowplow_tracker.self_describing_json.SelfDescribingJson object at 0x10ca042f0>, <snowplow_tracker.self_describing_json.SelfDescribingJson object at 0x10daeb750>, <snowplow_tracker.self_describing_json.SelfDescribingJson object at 0x10daeb9d0>]}


============================== 17:03:38.027620 | f3ae1e77-e6fb-46bc-a31e-62293344810d ==============================
[0m17:03:38.027620 [info ] [MainThread]: Running with dbt=1.11.6
[0m17:03:38.027906 [debug] [MainThread]: running dbt with arguments {'quiet': 'False', 'use_experimental_parser': 'False', 'log_cache_events': 'False', 'warn_error_options': 'WarnErrorOptionsV2(error=[], warn=[], silence=[])', 'warn_error': 'None', 'fail_fast': 'False', 'cache_selected_only': 'False', 'debug': 'False', 'profiles_dir': '/Users/natanmatos/.dbt', 'write_json': 'True', 'indirect_selection': 'eager', 'version_check': 'True', 'empty': 'False', 'target_path': 'None', 'static_parser': 'True', 'printer_width': '80', 'introspect': 'True', 'log_path': '/Users/natanmatos/Documents/deel/deel_chlg/logs', 'partial_parse': 'True', 'use_colors': 'True', 'invocation_command': 'dbt run', 'no_print': 'None', 'log_format': 'default', 'send_anonymous_usage_stats': 'True'}
[0m17:03:38.228673 [debug] [MainThread]: Snowflake adapter: Setting snowflake.connector to ERROR (file logging only)
[0m17:03:38.228911 [debug] [MainThread]: Snowflake adapter: Setting botocore to ERROR (file logging only)
[0m17:03:38.229042 [debug] [MainThread]: Snowflake adapter: Setting boto3 to ERROR (file logging only)
[0m17:03:38.301288 [debug] [MainThread]: Sending event: {'category': 'dbt', 'action': 'project_id', 'label': 'f3ae1e77-e6fb-46bc-a31e-62293344810d', 'context': [<snowplow_tracker.self_describing_json.SelfDescribingJson object at 0x10ce18fc0>]}
[0m17:03:38.327707 [debug] [MainThread]: Sending event: {'category': 'dbt', 'action': 'adapter_info', 'label': 'f3ae1e77-e6fb-46bc-a31e-62293344810d', 'context': [<snowplow_tracker.self_describing_json.SelfDescribingJson object at 0x10e7568b0>]}
[0m17:03:38.328385 [info ] [MainThread]: Registered adapter: snowflake=1.11.2
[0m17:03:38.386355 [debug] [MainThread]: checksum: ec27062d18352e9cfca161c166fcc73d2201661a23a3cf3c89196a27f32cfcb8, vars: {}, profile: , target: , version: 1.11.6
[0m17:03:38.439722 [debug] [MainThread]: Partial parsing enabled: 0 files deleted, 0 files added, 1 files changed.
[0m17:03:38.440029 [debug] [MainThread]: Partial parsing: updated file: deel://deel/models/staging/stg_globepay_acceptance.sql
[0m17:03:38.548506 [debug] [MainThread]: Sending event: {'category': 'dbt', 'action': 'load_project', 'label': 'f3ae1e77-e6fb-46bc-a31e-62293344810d', 'context': [<snowplow_tracker.self_describing_json.SelfDescribingJson object at 0x10ecc0e50>]}
[0m17:03:38.579683 [debug] [MainThread]: Wrote artifact WritableManifest to /Users/natanmatos/Documents/deel/deel_chlg/target/manifest.json
[0m17:03:38.580829 [debug] [MainThread]: Wrote artifact SemanticManifest to /Users/natanmatos/Documents/deel/deel_chlg/target/semantic_manifest.json
[0m17:03:38.591265 [debug] [MainThread]: Sending event: {'category': 'dbt', 'action': 'resource_counts', 'label': 'f3ae1e77-e6fb-46bc-a31e-62293344810d', 'context': [<snowplow_tracker.self_describing_json.SelfDescribingJson object at 0x10e71be30>]}
[0m17:03:38.591497 [info ] [MainThread]: Found 2 models, 2 sources, 522 macros
[0m17:03:38.591644 [debug] [MainThread]: Sending event: {'category': 'dbt', 'action': 'runnable_timing', 'label': 'f3ae1e77-e6fb-46bc-a31e-62293344810d', 'context': [<snowplow_tracker.self_describing_json.SelfDescribingJson object at 0x10ea91470>]}
[0m17:03:38.592697 [info ] [MainThread]: 
[0m17:03:38.592850 [info ] [MainThread]: Concurrency: 4 threads (target='dev')
[0m17:03:38.592968 [info ] [MainThread]: 
[0m17:03:38.593181 [debug] [MainThread]: Acquiring new snowflake connection 'master'
[0m17:03:38.594943 [debug] [ThreadPool]: Acquiring new snowflake connection 'list_DEEL'
[0m17:03:38.625051 [debug] [ThreadPool]: Using snowflake connection "list_DEEL"
[0m17:03:38.625263 [debug] [ThreadPool]: On list_DEEL: show terse schemas in database DEEL
    limit 10000
/* {"app": "dbt", "dbt_version": "1.11.6", "profile_name": "deel", "target_name": "dev", "connection_name": "list_DEEL"} */
[0m17:03:38.625402 [debug] [ThreadPool]: Opening a new connection, currently in state init
[0m17:03:39.705403 [debug] [ThreadPool]: SQL status: SUCCESS 5 in 1.080 seconds
[0m17:03:39.710128 [debug] [ThreadPool]: Re-using an available connection from the pool (formerly list_DEEL, now list_DEEL_PUBLIC_staging)
[0m17:03:39.726871 [debug] [ThreadPool]: Using snowflake connection "list_DEEL_PUBLIC_staging"
[0m17:03:39.727358 [debug] [ThreadPool]: On list_DEEL_PUBLIC_staging: show objects in DEEL.PUBLIC_staging
    limit 10000
    

/* {"app": "dbt", "dbt_version": "1.11.6", "profile_name": "deel", "target_name": "dev", "connection_name": "list_DEEL_PUBLIC_staging"} */;
[0m17:03:39.916161 [debug] [ThreadPool]: SQL status: SUCCESS 2 in 0.188 seconds
[0m17:03:39.920293 [debug] [MainThread]: Sending event: {'category': 'dbt', 'action': 'runnable_timing', 'label': 'f3ae1e77-e6fb-46bc-a31e-62293344810d', 'context': [<snowplow_tracker.self_describing_json.SelfDescribingJson object at 0x10fb3f790>]}
[0m17:03:39.925956 [debug] [Thread-3 (]: Began running node model.deel.stg_globepay_chargeback
[0m17:03:39.926551 [debug] [Thread-2 (]: Began running node model.deel.stg_globepay_acceptance
[0m17:03:39.927623 [info ] [Thread-3 (]: 2 of 2 START sql view model PUBLIC_staging.stg_globepay_chargeback ............. [RUN]
[0m17:03:39.928495 [info ] [Thread-2 (]: 1 of 2 START sql view model PUBLIC_staging.stg_globepay_acceptance ............. [RUN]
[0m17:03:39.929434 [debug] [Thread-3 (]: Acquiring new snowflake connection 'model.deel.stg_globepay_chargeback'
[0m17:03:39.930088 [debug] [Thread-2 (]: Re-using an available connection from the pool (formerly list_DEEL_PUBLIC_staging, now model.deel.stg_globepay_acceptance)
[0m17:03:39.930551 [debug] [Thread-3 (]: Began compiling node model.deel.stg_globepay_chargeback
[0m17:03:39.930947 [debug] [Thread-2 (]: Began compiling node model.deel.stg_globepay_acceptance
[0m17:03:39.939320 [debug] [Thread-3 (]: Writing injected SQL for node "model.deel.stg_globepay_chargeback"
[0m17:03:39.942721 [debug] [Thread-2 (]: Writing injected SQL for node "model.deel.stg_globepay_acceptance"
[0m17:03:39.943683 [debug] [Thread-3 (]: Began executing node model.deel.stg_globepay_chargeback
[0m17:03:39.943966 [debug] [Thread-2 (]: Began executing node model.deel.stg_globepay_acceptance
[0m17:03:39.974336 [debug] [Thread-2 (]: Writing runtime sql for node "model.deel.stg_globepay_acceptance"
[0m17:03:39.974694 [debug] [Thread-3 (]: Writing runtime sql for node "model.deel.stg_globepay_chargeback"
[0m17:03:39.975581 [debug] [Thread-3 (]: Using snowflake connection "model.deel.stg_globepay_chargeback"
[0m17:03:39.976490 [debug] [Thread-2 (]: Using snowflake connection "model.deel.stg_globepay_acceptance"
[0m17:03:39.976691 [debug] [Thread-3 (]: On model.deel.stg_globepay_chargeback: create or replace   view DEEL.PUBLIC_staging.stg_globepay_chargeback
  
  
  
  
  as (
    -- models/staging/stg_globepay_chargeback.sql
--
-- Cleans and type-casts the raw Globepay Chargeback Report.
-- One row per transaction with chargeback status.

with source as (
    select * from DEEL.RAW.globepay_chargeback
),

renamed as (
    select
        -- identifiers
        external_ref                                     as external_ref,
        status::boolean                                  as is_active,
        source                                           as payment_source,
        (upper(trim(chargeback)) = 'TRUE')::boolean       as has_chargebac
    from source
)

select * from renamed
  )
/* {"app": "dbt", "dbt_version": "1.11.6", "profile_name": "deel", "target_name": "dev", "node_id": "model.deel.stg_globepay_chargeback"} */;
[0m17:03:39.976949 [debug] [Thread-2 (]: On model.deel.stg_globepay_acceptance: create or replace   view DEEL.PUBLIC_staging.stg_globepay_acceptance
  
  
  
  
  as (
    -- models/staging/stg_globepay_acceptance.sql
--
-- Cleans and type-casts the raw Globepay Acceptance Report.
-- One row per transaction attempt.

with source as (
    select * from DEEL.RAW.globepay_acceptance
),

renamed as (
    select
        -- identifiers
        external_ref                                     as external_ref,
        ref                                              as merchant_ref,

        -- metadata
        status::boolean                                  as is_active,
        source                                           as payment_source,

        -- temporal
        to_timestamp_ntz(date_time)                      as transaction_at,
        date_trunc('month', transaction_at)              as transaction_month,

        -- transaction details
        upper(trim(state))                               as state,
        (upper(trim(state)) = 'ACCEPTED')::boolean       as is_accepted,
        amount::float                                    as amount,
        upper(trim(currency))                            as currency,
        upper(trim(country))                             as country,
        cvv_provided::boolean                            as cvv_provided,

        -- exchange rates stored as JSON string → parse key fields
        try_parse_json(rates)                            as rates_json,
         -- derived: normalise amount to USD
        case currency
            when 'USD' then amount
            when 'EUR' then amount / nullif(rates_json['EUR']::float, 0)
            when 'GBP' then amount / nullif(rates_json['GBP']::float, 0)
            when 'CAD' then amount / nullif(rates_json['CAD']::float, 0)
            when 'MXN' then amount / nullif(rates_json['MXN']::float, 0)
            else null
        end                                              as amount_usd

    from source
)

select * from renamed
  )
/* {"app": "dbt", "dbt_version": "1.11.6", "profile_name": "deel", "target_name": "dev", "node_id": "model.deel.stg_globepay_acceptance"} */;
[0m17:03:39.977175 [debug] [Thread-3 (]: Opening a new connection, currently in state init
[0m17:03:40.329910 [debug] [Thread-2 (]: SQL status: SUCCESS 1 in 0.352 seconds
[0m17:03:40.362326 [debug] [Thread-2 (]: Sending event: {'category': 'dbt', 'action': 'run_model', 'label': 'f3ae1e77-e6fb-46bc-a31e-62293344810d', 'context': [<snowplow_tracker.self_describing_json.SelfDescribingJson object at 0x10efebe90>]}
[0m17:03:40.362993 [info ] [Thread-2 (]: 1 of 2 OK created sql view model PUBLIC_staging.stg_globepay_acceptance ........ [[32mSUCCESS 1[0m in 0.43s]
[0m17:03:40.363474 [debug] [Thread-2 (]: Finished running node model.deel.stg_globepay_acceptance
[0m17:03:40.811724 [debug] [Thread-3 (]: SQL status: SUCCESS 1 in 0.834 seconds
[0m17:03:40.815910 [debug] [Thread-3 (]: Sending event: {'category': 'dbt', 'action': 'run_model', 'label': 'f3ae1e77-e6fb-46bc-a31e-62293344810d', 'context': [<snowplow_tracker.self_describing_json.SelfDescribingJson object at 0x10ff16620>]}
[0m17:03:40.816934 [info ] [Thread-3 (]: 2 of 2 OK created sql view model PUBLIC_staging.stg_globepay_chargeback ........ [[32mSUCCESS 1[0m in 0.89s]
[0m17:03:40.817747 [debug] [Thread-3 (]: Finished running node model.deel.stg_globepay_chargeback
[0m17:03:40.820220 [debug] [MainThread]: Connection 'master' was properly closed.
[0m17:03:40.820652 [debug] [MainThread]: Connection 'model.deel.stg_globepay_acceptance' was left open.
[0m17:03:40.821047 [debug] [MainThread]: On model.deel.stg_globepay_acceptance: Close
[0m17:03:41.116477 [debug] [MainThread]: Connection 'model.deel.stg_globepay_chargeback' was left open.
[0m17:03:41.117273 [debug] [MainThread]: On model.deel.stg_globepay_chargeback: Close
[0m17:03:41.409047 [info ] [MainThread]: 
[0m17:03:41.409609 [info ] [MainThread]: Finished running 2 view models in 0 hours 0 minutes and 2.82 seconds (2.82s).
[0m17:03:41.410381 [debug] [MainThread]: Command end result
[0m17:03:41.430036 [debug] [MainThread]: Wrote artifact WritableManifest to /Users/natanmatos/Documents/deel/deel_chlg/target/manifest.json
[0m17:03:41.431479 [debug] [MainThread]: Wrote artifact SemanticManifest to /Users/natanmatos/Documents/deel/deel_chlg/target/semantic_manifest.json
[0m17:03:41.435329 [debug] [MainThread]: Wrote artifact RunExecutionResult to /Users/natanmatos/Documents/deel/deel_chlg/target/run_results.json
[0m17:03:41.435524 [info ] [MainThread]: 
[0m17:03:41.435733 [info ] [MainThread]: [32mCompleted successfully[0m
[0m17:03:41.435890 [info ] [MainThread]: 
[0m17:03:41.436066 [info ] [MainThread]: Done. PASS=2 WARN=0 ERROR=0 SKIP=0 NO-OP=0 TOTAL=2
[0m17:03:41.438307 [debug] [MainThread]: Resource report: {"command_name": "run", "command_success": true, "command_wall_clock_time": 3.451128, "process_in_blocks": "0", "process_kernel_time": 0.252735, "process_mem_max_rss": "172769280", "process_out_blocks": "0", "process_user_time": 1.326771}
[0m17:03:41.438583 [debug] [MainThread]: Command `dbt run` succeeded at 17:03:41.438533 after 3.45 seconds
[0m17:03:41.438798 [debug] [MainThread]: Sending event: {'category': 'dbt', 'action': 'invocation', 'label': 'end', 'context': [<snowplow_tracker.self_describing_json.SelfDescribingJson object at 0x10fe4b890>, <snowplow_tracker.self_describing_json.SelfDescribingJson object at 0x10fdaf260>, <snowplow_tracker.self_describing_json.SelfDescribingJson object at 0x10f9cf650>]}
[0m17:03:41.438998 [debug] [MainThread]: Flushing usage events
[0m17:03:42.212951 [debug] [MainThread]: An error was encountered while trying to flush usage events
[0m17:04:12.461031 [debug] [MainThread]: Sending event: {'category': 'dbt', 'action': 'invocation', 'label': 'start', 'context': [<snowplow_tracker.self_describing_json.SelfDescribingJson object at 0x10aa7c2f0>, <snowplow_tracker.self_describing_json.SelfDescribingJson object at 0x10bb5f750>, <snowplow_tracker.self_describing_json.SelfDescribingJson object at 0x10bb5f9d0>]}


============================== 17:04:12.463841 | 44d6a026-ee39-45d7-9f61-02f7ef20add9 ==============================
[0m17:04:12.463841 [info ] [MainThread]: Running with dbt=1.11.6
[0m17:04:12.464125 [debug] [MainThread]: running dbt with arguments {'use_experimental_parser': 'False', 'target_path': 'None', 'invocation_command': 'dbt clean', 'debug': 'False', 'indirect_selection': 'eager', 'fail_fast': 'False', 'static_parser': 'True', 'log_format': 'default', 'partial_parse': 'True', 'warn_error': 'None', 'empty': 'None', 'introspect': 'True', 'log_path': '/Users/natanmatos/Documents/deel/deel_chlg/logs', 'log_cache_events': 'False', 'warn_error_options': 'WarnErrorOptionsV2(error=[], warn=[], silence=[])', 'printer_width': '80', 'write_json': 'True', 'profiles_dir': '/Users/natanmatos/.dbt', 'quiet': 'False', 'send_anonymous_usage_stats': 'True', 'use_colors': 'True', 'cache_selected_only': 'False', 'no_print': 'None', 'version_check': 'True'}
[0m17:04:12.551193 [debug] [MainThread]: Sending event: {'category': 'dbt', 'action': 'project_id', 'label': '44d6a026-ee39-45d7-9f61-02f7ef20add9', 'context': [<snowplow_tracker.self_describing_json.SelfDescribingJson object at 0x10ae94fc0>]}
[0m17:04:12.560885 [debug] [MainThread]: Resource report: {"command_name": "clean", "command_success": true, "command_wall_clock_time": 0.13216934, "process_in_blocks": "0", "process_kernel_time": 0.09932, "process_mem_max_rss": "114606080", "process_out_blocks": "0", "process_user_time": 0.628136}
[0m17:04:12.561096 [debug] [MainThread]: Command `dbt clean` succeeded at 17:04:12.561054 after 0.13 seconds
[0m17:04:12.561244 [debug] [MainThread]: Sending event: {'category': 'dbt', 'action': 'invocation', 'label': 'end', 'context': [<snowplow_tracker.self_describing_json.SelfDescribingJson object at 0x10b9ea580>, <snowplow_tracker.self_describing_json.SelfDescribingJson object at 0x10b9ea8b0>, <snowplow_tracker.self_describing_json.SelfDescribingJson object at 0x10bac3450>]}
[0m17:04:12.561382 [debug] [MainThread]: Flushing usage events
[0m17:04:13.194450 [debug] [MainThread]: An error was encountered while trying to flush usage events
[0m17:04:17.316157 [debug] [MainThread]: Sending event: {'category': 'dbt', 'action': 'invocation', 'label': 'start', 'context': [<snowplow_tracker.self_describing_json.SelfDescribingJson object at 0x1089bc2f0>, <snowplow_tracker.self_describing_json.SelfDescribingJson object at 0x109aa7750>, <snowplow_tracker.self_describing_json.SelfDescribingJson object at 0x109aa79d0>]}


============================== 17:04:17.318291 | a90de350-5a96-41ba-a75e-ef34de47b641 ==============================
[0m17:04:17.318291 [info ] [MainThread]: Running with dbt=1.11.6
[0m17:04:17.318570 [debug] [MainThread]: running dbt with arguments {'profiles_dir': '/Users/natanmatos/.dbt', 'log_path': '/Users/natanmatos/Documents/deel/deel_chlg/logs', 'log_format': 'default', 'cache_selected_only': 'False', 'quiet': 'False', 'introspect': 'True', 'indirect_selection': 'eager', 'version_check': 'True', 'warn_error': 'None', 'log_cache_events': 'False', 'debug': 'False', 'send_anonymous_usage_stats': 'True', 'invocation_command': 'dbt run', 'warn_error_options': 'WarnErrorOptionsV2(error=[], warn=[], silence=[])', 'use_experimental_parser': 'False', 'use_colors': 'True', 'target_path': 'None', 'static_parser': 'True', 'empty': 'False', 'printer_width': '80', 'fail_fast': 'False', 'partial_parse': 'True', 'no_print': 'None', 'write_json': 'True'}
[0m17:04:17.502316 [debug] [MainThread]: Snowflake adapter: Setting snowflake.connector to ERROR (file logging only)
[0m17:04:17.502559 [debug] [MainThread]: Snowflake adapter: Setting botocore to ERROR (file logging only)
[0m17:04:17.502707 [debug] [MainThread]: Snowflake adapter: Setting boto3 to ERROR (file logging only)
[0m17:04:17.575544 [debug] [MainThread]: Sending event: {'category': 'dbt', 'action': 'project_id', 'label': 'a90de350-5a96-41ba-a75e-ef34de47b641', 'context': [<snowplow_tracker.self_describing_json.SelfDescribingJson object at 0x108dd4fc0>]}
[0m17:04:17.603467 [debug] [MainThread]: Sending event: {'category': 'dbt', 'action': 'adapter_info', 'label': 'a90de350-5a96-41ba-a75e-ef34de47b641', 'context': [<snowplow_tracker.self_describing_json.SelfDescribingJson object at 0x10a7128b0>]}
[0m17:04:17.604056 [info ] [MainThread]: Registered adapter: snowflake=1.11.2
[0m17:04:17.659800 [debug] [MainThread]: checksum: ec27062d18352e9cfca161c166fcc73d2201661a23a3cf3c89196a27f32cfcb8, vars: {}, profile: , target: , version: 1.11.6
[0m17:04:17.660239 [info ] [MainThread]: Unable to do partial parsing because saved manifest not found. Starting full parse.
[0m17:04:17.660426 [debug] [MainThread]: Sending event: {'category': 'dbt', 'action': 'partial_parser', 'label': 'a90de350-5a96-41ba-a75e-ef34de47b641', 'context': [<snowplow_tracker.self_describing_json.SelfDescribingJson object at 0x10a6e2950>]}
[0m17:04:18.165725 [debug] [MainThread]: Sending event: {'category': 'dbt', 'action': 'load_project', 'label': 'a90de350-5a96-41ba-a75e-ef34de47b641', 'context': [<snowplow_tracker.self_describing_json.SelfDescribingJson object at 0x10acba5d0>]}
[0m17:04:18.195110 [debug] [MainThread]: Wrote artifact WritableManifest to /Users/natanmatos/Documents/deel/deel_chlg/target/manifest.json
[0m17:04:18.196404 [debug] [MainThread]: Wrote artifact SemanticManifest to /Users/natanmatos/Documents/deel/deel_chlg/target/semantic_manifest.json
[0m17:04:18.207147 [debug] [MainThread]: Sending event: {'category': 'dbt', 'action': 'resource_counts', 'label': 'a90de350-5a96-41ba-a75e-ef34de47b641', 'context': [<snowplow_tracker.self_describing_json.SelfDescribingJson object at 0x10af19390>]}
[0m17:04:18.207385 [info ] [MainThread]: Found 2 models, 2 sources, 522 macros
[0m17:04:18.207530 [debug] [MainThread]: Sending event: {'category': 'dbt', 'action': 'runnable_timing', 'label': 'a90de350-5a96-41ba-a75e-ef34de47b641', 'context': [<snowplow_tracker.self_describing_json.SelfDescribingJson object at 0x10ad43ee0>]}
[0m17:04:18.208323 [info ] [MainThread]: 
[0m17:04:18.208472 [info ] [MainThread]: Concurrency: 4 threads (target='dev')
[0m17:04:18.208589 [info ] [MainThread]: 
[0m17:04:18.208808 [debug] [MainThread]: Acquiring new snowflake connection 'master'
[0m17:04:18.210613 [debug] [ThreadPool]: Acquiring new snowflake connection 'list_DEEL'
[0m17:04:18.240172 [debug] [ThreadPool]: Using snowflake connection "list_DEEL"
[0m17:04:18.240370 [debug] [ThreadPool]: On list_DEEL: show terse schemas in database DEEL
    limit 10000
/* {"app": "dbt", "dbt_version": "1.11.6", "profile_name": "deel", "target_name": "dev", "connection_name": "list_DEEL"} */
[0m17:04:18.240496 [debug] [ThreadPool]: Opening a new connection, currently in state init
[0m17:04:19.331392 [debug] [ThreadPool]: SQL status: SUCCESS 5 in 1.089 seconds
[0m17:04:19.335638 [debug] [ThreadPool]: Re-using an available connection from the pool (formerly list_DEEL, now list_DEEL_PUBLIC_staging)
[0m17:04:19.349563 [debug] [ThreadPool]: Using snowflake connection "list_DEEL_PUBLIC_staging"
[0m17:04:19.349948 [debug] [ThreadPool]: On list_DEEL_PUBLIC_staging: show objects in DEEL.PUBLIC_staging
    limit 10000
    

/* {"app": "dbt", "dbt_version": "1.11.6", "profile_name": "deel", "target_name": "dev", "connection_name": "list_DEEL_PUBLIC_staging"} */;
[0m17:04:19.774009 [debug] [ThreadPool]: SQL status: SUCCESS 2 in 0.424 seconds
[0m17:04:19.778775 [debug] [MainThread]: Sending event: {'category': 'dbt', 'action': 'runnable_timing', 'label': 'a90de350-5a96-41ba-a75e-ef34de47b641', 'context': [<snowplow_tracker.self_describing_json.SelfDescribingJson object at 0x10bd6c590>]}
[0m17:04:19.783030 [debug] [Thread-3 (]: Began running node model.deel.stg_globepay_chargeback
[0m17:04:19.783535 [debug] [Thread-2 (]: Began running node model.deel.stg_globepay_acceptance
[0m17:04:19.784316 [info ] [Thread-3 (]: 2 of 2 START sql view model PUBLIC_staging.stg_globepay_chargeback ............. [RUN]
[0m17:04:19.784951 [info ] [Thread-2 (]: 1 of 2 START sql view model PUBLIC_staging.stg_globepay_acceptance ............. [RUN]
[0m17:04:19.785660 [debug] [Thread-3 (]: Acquiring new snowflake connection 'model.deel.stg_globepay_chargeback'
[0m17:04:19.786158 [debug] [Thread-2 (]: Re-using an available connection from the pool (formerly list_DEEL_PUBLIC_staging, now model.deel.stg_globepay_acceptance)
[0m17:04:19.786564 [debug] [Thread-3 (]: Began compiling node model.deel.stg_globepay_chargeback
[0m17:04:19.786919 [debug] [Thread-2 (]: Began compiling node model.deel.stg_globepay_acceptance
[0m17:04:19.793813 [debug] [Thread-3 (]: Writing injected SQL for node "model.deel.stg_globepay_chargeback"
[0m17:04:19.796678 [debug] [Thread-2 (]: Writing injected SQL for node "model.deel.stg_globepay_acceptance"
[0m17:04:19.798022 [debug] [Thread-3 (]: Began executing node model.deel.stg_globepay_chargeback
[0m17:04:19.804637 [debug] [Thread-2 (]: Began executing node model.deel.stg_globepay_acceptance
[0m17:04:19.822766 [debug] [Thread-3 (]: Writing runtime sql for node "model.deel.stg_globepay_chargeback"
[0m17:04:19.828419 [debug] [Thread-2 (]: Writing runtime sql for node "model.deel.stg_globepay_acceptance"
[0m17:04:19.830278 [debug] [Thread-3 (]: Using snowflake connection "model.deel.stg_globepay_chargeback"
[0m17:04:19.831558 [debug] [Thread-2 (]: Using snowflake connection "model.deel.stg_globepay_acceptance"
[0m17:04:19.831935 [debug] [Thread-3 (]: On model.deel.stg_globepay_chargeback: create or replace   view DEEL.PUBLIC_staging.stg_globepay_chargeback
  
  
  
  
  as (
    -- models/staging/stg_globepay_chargeback.sql
--
-- Cleans and type-casts the raw Globepay Chargeback Report.
-- One row per transaction with chargeback status.

with source as (
    select * from DEEL.RAW.globepay_chargeback
),

renamed as (
    select
        -- identifiers
        external_ref                                     as external_ref,
        status::boolean                                  as is_active,
        source                                           as payment_source,
        (upper(trim(chargeback)) = 'TRUE')::boolean       as has_chargebac
    from source
)

select * from renamed
  )
/* {"app": "dbt", "dbt_version": "1.11.6", "profile_name": "deel", "target_name": "dev", "node_id": "model.deel.stg_globepay_chargeback"} */;
[0m17:04:19.832476 [debug] [Thread-2 (]: On model.deel.stg_globepay_acceptance: create or replace   view DEEL.PUBLIC_staging.stg_globepay_acceptance
  
  
  
  
  as (
    -- models/staging/stg_globepay_acceptance.sql
--
-- Cleans and type-casts the raw Globepay Acceptance Report.
-- One row per transaction attempt.

with source as (
    select * from DEEL.RAW.globepay_acceptance
),

renamed as (
    select
        -- identifiers
        external_ref                                     as external_ref,
        ref                                              as merchant_ref,

        -- metadata
        status::boolean                                  as is_active,
        source                                           as payment_source,

        -- temporal
        to_timestamp_ntz(date_time)                      as transaction_at,
        date_trunc('month', transaction_at)              as transaction_month,

        -- transaction details
        upper(trim(state))                               as state,
        (upper(trim(state)) = 'ACCEPTED')::boolean       as is_accepted,
        amount::float                                    as amount,
        upper(trim(currency))                            as currency,
        upper(trim(country))                             as country,
        cvv_provided::boolean                            as cvv_provided,

        -- exchange rates stored as JSON string → parse key fields
        try_parse_json(rates)                            as rates_json,
         -- derived: normalise amount to USD
        case currency
            when 'USD' then amount
            when 'EUR' then amount / nullif(rates_json['EUR']::float, 0)
            when 'GBP' then amount / nullif(rates_json['GBP']::float, 0)
            when 'CAD' then amount / nullif(rates_json['CAD']::float, 0)
            when 'MXN' then amount / nullif(rates_json['MXN']::float, 0)
            else null
        end                                              as amount_usd

    from source
)

select * from renamed
  )
/* {"app": "dbt", "dbt_version": "1.11.6", "profile_name": "deel", "target_name": "dev", "node_id": "model.deel.stg_globepay_acceptance"} */;
[0m17:04:19.832747 [debug] [Thread-3 (]: Opening a new connection, currently in state init
[0m17:04:20.168162 [debug] [Thread-2 (]: SQL status: SUCCESS 1 in 0.335 seconds
[0m17:04:20.193220 [debug] [Thread-2 (]: Sending event: {'category': 'dbt', 'action': 'run_model', 'label': 'a90de350-5a96-41ba-a75e-ef34de47b641', 'context': [<snowplow_tracker.self_describing_json.SelfDescribingJson object at 0x1100bc100>]}
[0m17:04:20.193812 [info ] [Thread-2 (]: 1 of 2 OK created sql view model PUBLIC_staging.stg_globepay_acceptance ........ [[32mSUCCESS 1[0m in 0.41s]
[0m17:04:20.194265 [debug] [Thread-2 (]: Finished running node model.deel.stg_globepay_acceptance
[0m17:04:20.867894 [debug] [Thread-3 (]: SQL status: SUCCESS 1 in 1.035 seconds
[0m17:04:20.871738 [debug] [Thread-3 (]: Sending event: {'category': 'dbt', 'action': 'run_model', 'label': 'a90de350-5a96-41ba-a75e-ef34de47b641', 'context': [<snowplow_tracker.self_describing_json.SelfDescribingJson object at 0x11007d950>]}
[0m17:04:20.873073 [info ] [Thread-3 (]: 2 of 2 OK created sql view model PUBLIC_staging.stg_globepay_chargeback ........ [[32mSUCCESS 1[0m in 1.09s]
[0m17:04:20.875185 [debug] [Thread-3 (]: Finished running node model.deel.stg_globepay_chargeback
[0m17:04:20.877179 [debug] [MainThread]: Connection 'master' was properly closed.
[0m17:04:20.877819 [debug] [MainThread]: Connection 'model.deel.stg_globepay_acceptance' was left open.
[0m17:04:20.878157 [debug] [MainThread]: On model.deel.stg_globepay_acceptance: Close
[0m17:04:21.165084 [debug] [MainThread]: Connection 'model.deel.stg_globepay_chargeback' was left open.
[0m17:04:21.166216 [debug] [MainThread]: On model.deel.stg_globepay_chargeback: Close
[0m17:04:21.522479 [info ] [MainThread]: 
[0m17:04:21.523962 [info ] [MainThread]: Finished running 2 view models in 0 hours 0 minutes and 3.31 seconds (3.31s).
[0m17:04:21.525548 [debug] [MainThread]: Command end result
[0m17:04:21.557648 [debug] [MainThread]: Wrote artifact WritableManifest to /Users/natanmatos/Documents/deel/deel_chlg/target/manifest.json
[0m17:04:21.559025 [debug] [MainThread]: Wrote artifact SemanticManifest to /Users/natanmatos/Documents/deel/deel_chlg/target/semantic_manifest.json
[0m17:04:21.563024 [debug] [MainThread]: Wrote artifact RunExecutionResult to /Users/natanmatos/Documents/deel/deel_chlg/target/run_results.json
[0m17:04:21.563235 [info ] [MainThread]: 
[0m17:04:21.563467 [info ] [MainThread]: [32mCompleted successfully[0m
[0m17:04:21.563642 [info ] [MainThread]: 
[0m17:04:21.563838 [info ] [MainThread]: Done. PASS=2 WARN=0 ERROR=0 SKIP=0 NO-OP=0 TOTAL=2
[0m17:04:21.566141 [debug] [MainThread]: Resource report: {"command_name": "run", "command_success": true, "command_wall_clock_time": 4.2816396, "process_in_blocks": "0", "process_kernel_time": 0.21962, "process_mem_max_rss": "174096384", "process_out_blocks": "0", "process_user_time": 1.661281}
[0m17:04:21.566499 [debug] [MainThread]: Command `dbt run` succeeded at 17:04:21.566433 after 4.28 seconds
[0m17:04:21.566756 [debug] [MainThread]: Sending event: {'category': 'dbt', 'action': 'invocation', 'label': 'end', 'context': [<snowplow_tracker.self_describing_json.SelfDescribingJson object at 0x10af6a6d0>, <snowplow_tracker.self_describing_json.SelfDescribingJson object at 0x10ba3a7d0>, <snowplow_tracker.self_describing_json.SelfDescribingJson object at 0x109ae1ef0>]}
[0m17:04:21.566985 [debug] [MainThread]: Flushing usage events
[0m17:04:22.205169 [debug] [MainThread]: An error was encountered while trying to flush usage events
[0m17:05:25.580306 [debug] [MainThread]: Sending event: {'category': 'dbt', 'action': 'invocation', 'label': 'start', 'context': [<snowplow_tracker.self_describing_json.SelfDescribingJson object at 0x10a3f42f0>, <snowplow_tracker.self_describing_json.SelfDescribingJson object at 0x10b4df750>, <snowplow_tracker.self_describing_json.SelfDescribingJson object at 0x10b4df9d0>]}


============================== 17:05:25.582512 | 56ca11e5-fc8c-4609-a158-ccbd7489370d ==============================
[0m17:05:25.582512 [info ] [MainThread]: Running with dbt=1.11.6
[0m17:05:25.582785 [debug] [MainThread]: running dbt with arguments {'introspect': 'True', 'fail_fast': 'False', 'log_path': '/Users/natanmatos/Documents/deel/deel_chlg/logs', 'cache_selected_only': 'False', 'target_path': 'None', 'log_format': 'default', 'no_print': 'None', 'write_json': 'True', 'profiles_dir': '/Users/natanmatos/.dbt', 'partial_parse': 'False', 'use_colors': 'True', 'indirect_selection': 'eager', 'warn_error': 'None', 'static_parser': 'True', 'empty': 'False', 'invocation_command': 'dbt run --no-partial-parse', 'debug': 'False', 'use_experimental_parser': 'False', 'log_cache_events': 'False', 'warn_error_options': 'WarnErrorOptionsV2(error=[], warn=[], silence=[])', 'printer_width': '80', 'version_check': 'True', 'quiet': 'False', 'send_anonymous_usage_stats': 'True'}
[0m17:05:25.761867 [debug] [MainThread]: Snowflake adapter: Setting snowflake.connector to ERROR (file logging only)
[0m17:05:25.762096 [debug] [MainThread]: Snowflake adapter: Setting botocore to ERROR (file logging only)
[0m17:05:25.762227 [debug] [MainThread]: Snowflake adapter: Setting boto3 to ERROR (file logging only)
[0m17:05:25.833374 [debug] [MainThread]: Sending event: {'category': 'dbt', 'action': 'project_id', 'label': '56ca11e5-fc8c-4609-a158-ccbd7489370d', 'context': [<snowplow_tracker.self_describing_json.SelfDescribingJson object at 0x10a808fc0>]}
[0m17:05:25.859454 [debug] [MainThread]: Sending event: {'category': 'dbt', 'action': 'adapter_info', 'label': '56ca11e5-fc8c-4609-a158-ccbd7489370d', 'context': [<snowplow_tracker.self_describing_json.SelfDescribingJson object at 0x10c1468b0>]}
[0m17:05:25.859911 [info ] [MainThread]: Registered adapter: snowflake=1.11.2
[0m17:05:25.915774 [debug] [MainThread]: checksum: ec27062d18352e9cfca161c166fcc73d2201661a23a3cf3c89196a27f32cfcb8, vars: {}, profile: , target: , version: 1.11.6
[0m17:05:25.916187 [debug] [MainThread]: Partial parsing not enabled
[0m17:05:26.422612 [debug] [MainThread]: Sending event: {'category': 'dbt', 'action': 'load_project', 'label': '56ca11e5-fc8c-4609-a158-ccbd7489370d', 'context': [<snowplow_tracker.self_describing_json.SelfDescribingJson object at 0x10c766350>]}
[0m17:05:26.452579 [debug] [MainThread]: Wrote artifact WritableManifest to /Users/natanmatos/Documents/deel/deel_chlg/target/manifest.json
[0m17:05:26.453708 [debug] [MainThread]: Wrote artifact SemanticManifest to /Users/natanmatos/Documents/deel/deel_chlg/target/semantic_manifest.json
[0m17:05:26.464523 [debug] [MainThread]: Sending event: {'category': 'dbt', 'action': 'resource_counts', 'label': '56ca11e5-fc8c-4609-a158-ccbd7489370d', 'context': [<snowplow_tracker.self_describing_json.SelfDescribingJson object at 0x10c6ed4f0>]}
[0m17:05:26.464753 [info ] [MainThread]: Found 2 models, 2 sources, 522 macros
[0m17:05:26.464905 [debug] [MainThread]: Sending event: {'category': 'dbt', 'action': 'runnable_timing', 'label': '56ca11e5-fc8c-4609-a158-ccbd7489370d', 'context': [<snowplow_tracker.self_describing_json.SelfDescribingJson object at 0x10c949390>]}
[0m17:05:26.465678 [info ] [MainThread]: 
[0m17:05:26.465825 [info ] [MainThread]: Concurrency: 4 threads (target='dev')
[0m17:05:26.465943 [info ] [MainThread]: 
[0m17:05:26.466149 [debug] [MainThread]: Acquiring new snowflake connection 'master'
[0m17:05:26.467937 [debug] [ThreadPool]: Acquiring new snowflake connection 'list_DEEL'
[0m17:05:26.495506 [debug] [ThreadPool]: Using snowflake connection "list_DEEL"
[0m17:05:26.495715 [debug] [ThreadPool]: On list_DEEL: show terse schemas in database DEEL
    limit 10000
/* {"app": "dbt", "dbt_version": "1.11.6", "profile_name": "deel", "target_name": "dev", "connection_name": "list_DEEL"} */
[0m17:05:26.495841 [debug] [ThreadPool]: Opening a new connection, currently in state init
[0m17:05:27.645325 [debug] [ThreadPool]: SQL status: SUCCESS 5 in 1.149 seconds
[0m17:05:27.647980 [debug] [ThreadPool]: Re-using an available connection from the pool (formerly list_DEEL, now list_DEEL_PUBLIC_staging)
[0m17:05:27.658887 [debug] [ThreadPool]: Using snowflake connection "list_DEEL_PUBLIC_staging"
[0m17:05:27.659161 [debug] [ThreadPool]: On list_DEEL_PUBLIC_staging: show objects in DEEL.PUBLIC_staging
    limit 10000
    

/* {"app": "dbt", "dbt_version": "1.11.6", "profile_name": "deel", "target_name": "dev", "connection_name": "list_DEEL_PUBLIC_staging"} */;
[0m17:05:27.842991 [debug] [ThreadPool]: SQL status: SUCCESS 2 in 0.183 seconds
[0m17:05:27.848580 [debug] [MainThread]: Sending event: {'category': 'dbt', 'action': 'runnable_timing', 'label': '56ca11e5-fc8c-4609-a158-ccbd7489370d', 'context': [<snowplow_tracker.self_describing_json.SelfDescribingJson object at 0x10c792b60>]}
[0m17:05:27.855327 [debug] [Thread-3 (]: Began running node model.deel.stg_globepay_chargeback
[0m17:05:27.855804 [debug] [Thread-2 (]: Began running node model.deel.stg_globepay_acceptance
[0m17:05:27.856618 [info ] [Thread-3 (]: 2 of 2 START sql view model PUBLIC_staging.stg_globepay_chargeback ............. [RUN]
[0m17:05:27.857359 [info ] [Thread-2 (]: 1 of 2 START sql view model PUBLIC_staging.stg_globepay_acceptance ............. [RUN]
[0m17:05:27.858036 [debug] [Thread-3 (]: Acquiring new snowflake connection 'model.deel.stg_globepay_chargeback'
[0m17:05:27.858468 [debug] [Thread-2 (]: Re-using an available connection from the pool (formerly list_DEEL_PUBLIC_staging, now model.deel.stg_globepay_acceptance)
[0m17:05:27.858882 [debug] [Thread-3 (]: Began compiling node model.deel.stg_globepay_chargeback
[0m17:05:27.859266 [debug] [Thread-2 (]: Began compiling node model.deel.stg_globepay_acceptance
[0m17:05:27.867509 [debug] [Thread-3 (]: Writing injected SQL for node "model.deel.stg_globepay_chargeback"
[0m17:05:27.870583 [debug] [Thread-2 (]: Writing injected SQL for node "model.deel.stg_globepay_acceptance"
[0m17:05:27.872080 [debug] [Thread-3 (]: Began executing node model.deel.stg_globepay_chargeback
[0m17:05:27.872431 [debug] [Thread-2 (]: Began executing node model.deel.stg_globepay_acceptance
[0m17:05:27.899076 [debug] [Thread-3 (]: Writing runtime sql for node "model.deel.stg_globepay_chargeback"
[0m17:05:27.897976 [debug] [Thread-2 (]: Writing runtime sql for node "model.deel.stg_globepay_acceptance"
[0m17:05:27.900482 [debug] [Thread-2 (]: Using snowflake connection "model.deel.stg_globepay_acceptance"
[0m17:05:27.900967 [debug] [Thread-3 (]: Using snowflake connection "model.deel.stg_globepay_chargeback"
[0m17:05:27.901228 [debug] [Thread-2 (]: On model.deel.stg_globepay_acceptance: create or replace   view DEEL.PUBLIC_staging.stg_globepay_acceptance
  
  
  
  
  as (
    -- models/staging/stg_globepay_acceptance.sql
--
-- Cleans and type-casts the raw Globepay Acceptance Report.
-- One row per transaction attempt.

with source as (
    select * from DEEL.RAW.globepay_acceptance
),

renamed as (
    select
        -- identifiers
        external_ref                                     as external_ref,
        ref                                              as merchant_ref,

        -- metadata
        status::boolean                                  as is_active,
        source                                           as payment_source,

        -- temporal
        to_timestamp_ntz(date_time)                      as transaction_at,
        date_trunc('month', transaction_at)              as transaction_month,

        -- transaction details
        upper(trim(state))                               as state,
        (upper(trim(state)) = 'ACCEPTED')::boolean       as is_accepted,
        amount::float                                    as amount,
        upper(trim(currency))                            as currency,
        upper(trim(country))                             as country,
        cvv_provided::boolean                            as cvv_provided,

        -- exchange rates stored as JSON string → parse key fields
        try_parse_json(rates)                            as rates_json,
         -- derived: normalise amount to USD
        case currency
            when 'USD' then amount
            when 'EUR' then amount / nullif(rates_json['EUR']::float, 0)
            when 'GBP' then amount / nullif(rates_json['GBP']::float, 0)
            when 'CAD' then amount / nullif(rates_json['CAD']::float, 0)
            when 'MXN' then amount / nullif(rates_json['MXN']::float, 0)
            else null
        end                                              as amount_usd

    from source
)

select * from renamed
  )
/* {"app": "dbt", "dbt_version": "1.11.6", "profile_name": "deel", "target_name": "dev", "node_id": "model.deel.stg_globepay_acceptance"} */;
[0m17:05:27.901494 [debug] [Thread-3 (]: On model.deel.stg_globepay_chargeback: create or replace   view DEEL.PUBLIC_staging.stg_globepay_chargeback
  
  
  
  
  as (
    -- models/staging/stg_globepay_chargeback.sql
--
-- Cleans and type-casts the raw Globepay Chargeback Report.
-- One row per transaction with chargeback status.

with source as (
    select * from DEEL.RAW.globepay_chargeback
),

renamed as (
    select
        -- identifiers
        external_ref                                     as external_ref,
        status::boolean                                  as is_active,
        source                                           as payment_source,
        (upper(trim(chargeback)) = 'TRUE')::boolean       as has_chargebac
    from source
)

select * from renamed
  )
/* {"app": "dbt", "dbt_version": "1.11.6", "profile_name": "deel", "target_name": "dev", "node_id": "model.deel.stg_globepay_chargeback"} */;
[0m17:05:27.901856 [debug] [Thread-3 (]: Opening a new connection, currently in state init
[0m17:05:28.228456 [debug] [Thread-2 (]: SQL status: SUCCESS 1 in 0.327 seconds
[0m17:05:28.251418 [debug] [Thread-2 (]: Sending event: {'category': 'dbt', 'action': 'run_model', 'label': '56ca11e5-fc8c-4609-a158-ccbd7489370d', 'context': [<snowplow_tracker.self_describing_json.SelfDescribingJson object at 0x10d79f710>]}
[0m17:05:28.252148 [info ] [Thread-2 (]: 1 of 2 OK created sql view model PUBLIC_staging.stg_globepay_acceptance ........ [[32mSUCCESS 1[0m in 0.39s]
[0m17:05:28.256047 [debug] [Thread-2 (]: Finished running node model.deel.stg_globepay_acceptance
[0m17:05:29.053006 [debug] [Thread-3 (]: SQL status: SUCCESS 1 in 1.151 seconds
[0m17:05:29.057627 [debug] [Thread-3 (]: Sending event: {'category': 'dbt', 'action': 'run_model', 'label': '56ca11e5-fc8c-4609-a158-ccbd7489370d', 'context': [<snowplow_tracker.self_describing_json.SelfDescribingJson object at 0x10da7c3c0>]}
[0m17:05:29.058729 [info ] [Thread-3 (]: 2 of 2 OK created sql view model PUBLIC_staging.stg_globepay_chargeback ........ [[32mSUCCESS 1[0m in 1.20s]
[0m17:05:29.059752 [debug] [Thread-3 (]: Finished running node model.deel.stg_globepay_chargeback
[0m17:05:29.062385 [debug] [MainThread]: Connection 'master' was properly closed.
[0m17:05:29.062869 [debug] [MainThread]: Connection 'model.deel.stg_globepay_acceptance' was left open.
[0m17:05:29.063334 [debug] [MainThread]: On model.deel.stg_globepay_acceptance: Close
[0m17:05:29.350702 [debug] [MainThread]: Connection 'model.deel.stg_globepay_chargeback' was left open.
[0m17:05:29.351623 [debug] [MainThread]: On model.deel.stg_globepay_chargeback: Close
[0m17:05:29.637096 [info ] [MainThread]: 
[0m17:05:29.637833 [info ] [MainThread]: Finished running 2 view models in 0 hours 0 minutes and 3.17 seconds (3.17s).
[0m17:05:29.639003 [debug] [MainThread]: Command end result
[0m17:05:29.667247 [debug] [MainThread]: Wrote artifact WritableManifest to /Users/natanmatos/Documents/deel/deel_chlg/target/manifest.json
[0m17:05:29.668621 [debug] [MainThread]: Wrote artifact SemanticManifest to /Users/natanmatos/Documents/deel/deel_chlg/target/semantic_manifest.json
[0m17:05:29.672706 [debug] [MainThread]: Wrote artifact RunExecutionResult to /Users/natanmatos/Documents/deel/deel_chlg/target/run_results.json
[0m17:05:29.672916 [info ] [MainThread]: 
[0m17:05:29.673152 [info ] [MainThread]: [32mCompleted successfully[0m
[0m17:05:29.673338 [info ] [MainThread]: 
[0m17:05:29.673534 [info ] [MainThread]: Done. PASS=2 WARN=0 ERROR=0 SKIP=0 NO-OP=0 TOTAL=2
[0m17:05:29.675860 [debug] [MainThread]: Resource report: {"command_name": "run", "command_success": true, "command_wall_clock_time": 4.1272774, "process_in_blocks": "0", "process_kernel_time": 0.209472, "process_mem_max_rss": "175112192", "process_out_blocks": "0", "process_user_time": 1.62235}
[0m17:05:29.676202 [debug] [MainThread]: Command `dbt run` succeeded at 17:05:29.676139 after 4.13 seconds
[0m17:05:29.676445 [debug] [MainThread]: Sending event: {'category': 'dbt', 'action': 'invocation', 'label': 'end', 'context': [<snowplow_tracker.self_describing_json.SelfDescribingJson object at 0x10d8faf30>, <snowplow_tracker.self_describing_json.SelfDescribingJson object at 0x10d8f4830>, <snowplow_tracker.self_describing_json.SelfDescribingJson object at 0x10c99e550>]}
[0m17:05:29.676669 [debug] [MainThread]: Flushing usage events
[0m17:05:30.421012 [debug] [MainThread]: An error was encountered while trying to flush usage events
[0m17:07:02.498872 [debug] [MainThread]: Sending event: {'category': 'dbt', 'action': 'invocation', 'label': 'start', 'context': [<snowplow_tracker.self_describing_json.SelfDescribingJson object at 0x108f8c2f0>, <snowplow_tracker.self_describing_json.SelfDescribingJson object at 0x10a077750>, <snowplow_tracker.self_describing_json.SelfDescribingJson object at 0x10a0779d0>]}


============================== 17:07:02.501086 | 162a02d3-4069-4efb-979d-9329a42e130d ==============================
[0m17:07:02.501086 [info ] [MainThread]: Running with dbt=1.11.6
[0m17:07:02.501371 [debug] [MainThread]: running dbt with arguments {'target_path': 'None', 'warn_error': 'None', 'static_parser': 'True', 'send_anonymous_usage_stats': 'True', 'log_cache_events': 'False', 'fail_fast': 'False', 'partial_parse': 'False', 'introspect': 'True', 'invocation_command': 'dbt run --no-partial-parse', 'empty': 'False', 'debug': 'False', 'use_colors': 'True', 'profiles_dir': '/Users/natanmatos/.dbt', 'log_path': '/Users/natanmatos/Documents/deel/deel_chlg/logs', 'cache_selected_only': 'False', 'no_print': 'None', 'warn_error_options': 'WarnErrorOptionsV2(error=[], warn=[], silence=[])', 'printer_width': '80', 'version_check': 'True', 'indirect_selection': 'eager', 'log_format': 'default', 'quiet': 'False', 'use_experimental_parser': 'False', 'write_json': 'True'}
[0m17:07:02.636185 [debug] [MainThread]: Snowflake adapter: Setting snowflake.connector to ERROR (file logging only)
[0m17:07:02.636421 [debug] [MainThread]: Snowflake adapter: Setting botocore to ERROR (file logging only)
[0m17:07:02.636553 [debug] [MainThread]: Snowflake adapter: Setting boto3 to ERROR (file logging only)
[0m17:07:02.711497 [debug] [MainThread]: Sending event: {'category': 'dbt', 'action': 'project_id', 'label': '162a02d3-4069-4efb-979d-9329a42e130d', 'context': [<snowplow_tracker.self_describing_json.SelfDescribingJson object at 0x1093a0fc0>]}
[0m17:07:02.737774 [debug] [MainThread]: Sending event: {'category': 'dbt', 'action': 'adapter_info', 'label': '162a02d3-4069-4efb-979d-9329a42e130d', 'context': [<snowplow_tracker.self_describing_json.SelfDescribingJson object at 0x10ace28b0>]}
[0m17:07:02.738252 [info ] [MainThread]: Registered adapter: snowflake=1.11.2
[0m17:07:02.794880 [debug] [MainThread]: checksum: ec27062d18352e9cfca161c166fcc73d2201661a23a3cf3c89196a27f32cfcb8, vars: {}, profile: , target: , version: 1.11.6
[0m17:07:02.795350 [debug] [MainThread]: Partial parsing not enabled
[0m17:07:03.299181 [debug] [MainThread]: Sending event: {'category': 'dbt', 'action': 'load_project', 'label': '162a02d3-4069-4efb-979d-9329a42e130d', 'context': [<snowplow_tracker.self_describing_json.SelfDescribingJson object at 0x10b302350>]}
[0m17:07:03.329466 [debug] [MainThread]: Wrote artifact WritableManifest to /Users/natanmatos/Documents/deel/deel_chlg/target/manifest.json
[0m17:07:03.330413 [debug] [MainThread]: Wrote artifact SemanticManifest to /Users/natanmatos/Documents/deel/deel_chlg/target/semantic_manifest.json
[0m17:07:03.337682 [debug] [MainThread]: Sending event: {'category': 'dbt', 'action': 'resource_counts', 'label': '162a02d3-4069-4efb-979d-9329a42e130d', 'context': [<snowplow_tracker.self_describing_json.SelfDescribingJson object at 0x10b2894f0>]}
[0m17:07:03.337920 [info ] [MainThread]: Found 2 models, 2 sources, 522 macros
[0m17:07:03.338076 [debug] [MainThread]: Sending event: {'category': 'dbt', 'action': 'runnable_timing', 'label': '162a02d3-4069-4efb-979d-9329a42e130d', 'context': [<snowplow_tracker.self_describing_json.SelfDescribingJson object at 0x10b4e5390>]}
[0m17:07:03.338866 [info ] [MainThread]: 
[0m17:07:03.339018 [info ] [MainThread]: Concurrency: 4 threads (target='dev')
[0m17:07:03.339138 [info ] [MainThread]: 
[0m17:07:03.339352 [debug] [MainThread]: Acquiring new snowflake connection 'master'
[0m17:07:03.341230 [debug] [ThreadPool]: Acquiring new snowflake connection 'list_DEEL'
[0m17:07:03.365980 [debug] [ThreadPool]: Using snowflake connection "list_DEEL"
[0m17:07:03.366191 [debug] [ThreadPool]: On list_DEEL: show terse schemas in database DEEL
    limit 10000
/* {"app": "dbt", "dbt_version": "1.11.6", "profile_name": "deel", "target_name": "dev", "connection_name": "list_DEEL"} */
[0m17:07:03.366316 [debug] [ThreadPool]: Opening a new connection, currently in state init
[0m17:07:04.424857 [debug] [ThreadPool]: SQL status: SUCCESS 5 in 1.059 seconds
[0m17:07:04.430723 [debug] [ThreadPool]: Re-using an available connection from the pool (formerly list_DEEL, now list_DEEL_PUBLIC_staging)
[0m17:07:04.449116 [debug] [ThreadPool]: Using snowflake connection "list_DEEL_PUBLIC_staging"
[0m17:07:04.449625 [debug] [ThreadPool]: On list_DEEL_PUBLIC_staging: show objects in DEEL.PUBLIC_staging
    limit 10000
    

/* {"app": "dbt", "dbt_version": "1.11.6", "profile_name": "deel", "target_name": "dev", "connection_name": "list_DEEL_PUBLIC_staging"} */;
[0m17:07:04.643835 [debug] [ThreadPool]: SQL status: SUCCESS 2 in 0.194 seconds
[0m17:07:04.647198 [debug] [MainThread]: Sending event: {'category': 'dbt', 'action': 'runnable_timing', 'label': '162a02d3-4069-4efb-979d-9329a42e130d', 'context': [<snowplow_tracker.self_describing_json.SelfDescribingJson object at 0x10b332b60>]}
[0m17:07:04.650953 [debug] [Thread-3 (]: Began running node model.deel.stg_globepay_chargeback
[0m17:07:04.651569 [debug] [Thread-2 (]: Began running node model.deel.stg_globepay_acceptance
[0m17:07:04.652267 [info ] [Thread-3 (]: 2 of 2 START sql view model PUBLIC_staging.stg_globepay_chargeback ............. [RUN]
[0m17:07:04.652949 [info ] [Thread-2 (]: 1 of 2 START sql view model PUBLIC_staging.stg_globepay_acceptance ............. [RUN]
[0m17:07:04.653583 [debug] [Thread-3 (]: Acquiring new snowflake connection 'model.deel.stg_globepay_chargeback'
[0m17:07:04.653991 [debug] [Thread-2 (]: Re-using an available connection from the pool (formerly list_DEEL_PUBLIC_staging, now model.deel.stg_globepay_acceptance)
[0m17:07:04.654363 [debug] [Thread-3 (]: Began compiling node model.deel.stg_globepay_chargeback
[0m17:07:04.654705 [debug] [Thread-2 (]: Began compiling node model.deel.stg_globepay_acceptance
[0m17:07:04.662352 [debug] [Thread-3 (]: Writing injected SQL for node "model.deel.stg_globepay_chargeback"
[0m17:07:04.665233 [debug] [Thread-2 (]: Writing injected SQL for node "model.deel.stg_globepay_acceptance"
[0m17:07:04.666103 [debug] [Thread-3 (]: Began executing node model.deel.stg_globepay_chargeback
[0m17:07:04.666660 [debug] [Thread-2 (]: Began executing node model.deel.stg_globepay_acceptance
[0m17:07:04.690795 [debug] [Thread-3 (]: Writing runtime sql for node "model.deel.stg_globepay_chargeback"
[0m17:07:04.693241 [debug] [Thread-2 (]: Writing runtime sql for node "model.deel.stg_globepay_acceptance"
[0m17:07:04.694580 [debug] [Thread-2 (]: Using snowflake connection "model.deel.stg_globepay_acceptance"
[0m17:07:04.695049 [debug] [Thread-3 (]: Using snowflake connection "model.deel.stg_globepay_chargeback"
[0m17:07:04.695291 [debug] [Thread-2 (]: On model.deel.stg_globepay_acceptance: create or replace   view DEEL.PUBLIC_staging.stg_globepay_acceptance
  
  
  
  
  as (
    -- models/staging/stg_globepay_acceptance.sql
--
-- Cleans and type-casts the raw Globepay Acceptance Report.
-- One row per transaction attempt.

with source as (
    select * from DEEL.RAW.globepay_acceptance
),

renamed as (
    select
        -- identifiers
        external_ref                                     as external_ref,
        ref                                              as merchant_ref,

        -- metadata
        status::boolean                                  as is_active,
        source                                           as payment_source,

        -- temporal
        to_timestamp_ntz(date_time)                      as transaction_at,
        date_trunc('month', transaction_at)              as transaction_month,

        -- transaction details
        upper(trim(state))                               as state,
        (upper(trim(state)) = 'ACCEPTED')::boolean       as is_accepted,
        amount::float                                    as amount,
        upper(trim(currency))                            as currency,
        upper(trim(country))                             as country,
        cvv_provided::boolean                            as cvv_provided,

        -- exchange rates stored as JSON string → parse key fields
        try_parse_json(rates)                            as rates_json,
         -- derived: normalise amount to USD
        case currency
            when 'USD' then amount
            when 'EUR' then amount / nullif(rates_json['EUR']::float, 0)
            when 'GBP' then amount / nullif(rates_json['GBP']::float, 0)
            when 'CAD' then amount / nullif(rates_json['CAD']::float, 0)
            when 'MXN' then amount / nullif(rates_json['MXN']::float, 0)
            else null
        end                                              as amount_usd

    from source
)

select * from renamed
  )
/* {"app": "dbt", "dbt_version": "1.11.6", "profile_name": "deel", "target_name": "dev", "node_id": "model.deel.stg_globepay_acceptance"} */;
[0m17:07:04.695563 [debug] [Thread-3 (]: On model.deel.stg_globepay_chargeback: create or replace   view DEEL.PUBLIC_staging.stg_globepay_chargeback
  
  
  
  
  as (
    -- models/staging/stg_globepay_chargeback.sql
--
-- Cleans and type-casts the raw Globepay Chargeback Report.
-- One row per transaction with chargeback status.

with source as (
    select * from DEEL.RAW.globepay_chargeback
),

renamed as (
    select
        -- identifiers
        external_ref                                     as external_ref,
        status::boolean                                  as is_active,
        source                                           as payment_source,
        (upper(trim(chargeback)) = 'TRUE')::boolean       as has_chargebac
    from source
)

select * from renamed
  )
/* {"app": "dbt", "dbt_version": "1.11.6", "profile_name": "deel", "target_name": "dev", "node_id": "model.deel.stg_globepay_chargeback"} */;
[0m17:07:04.695905 [debug] [Thread-3 (]: Opening a new connection, currently in state init
[0m17:07:05.019548 [debug] [Thread-2 (]: SQL status: SUCCESS 1 in 0.324 seconds
[0m17:07:05.045997 [debug] [Thread-2 (]: Sending event: {'category': 'dbt', 'action': 'run_model', 'label': '162a02d3-4069-4efb-979d-9329a42e130d', 'context': [<snowplow_tracker.self_describing_json.SelfDescribingJson object at 0x10c33a810>]}
[0m17:07:05.046582 [info ] [Thread-2 (]: 1 of 2 OK created sql view model PUBLIC_staging.stg_globepay_acceptance ........ [[32mSUCCESS 1[0m in 0.39s]
[0m17:07:05.047013 [debug] [Thread-2 (]: Finished running node model.deel.stg_globepay_acceptance
[0m17:07:05.717460 [debug] [Thread-3 (]: SQL status: SUCCESS 1 in 1.022 seconds
[0m17:07:05.723158 [debug] [Thread-3 (]: Sending event: {'category': 'dbt', 'action': 'run_model', 'label': '162a02d3-4069-4efb-979d-9329a42e130d', 'context': [<snowplow_tracker.self_describing_json.SelfDescribingJson object at 0x10c6143c0>]}
[0m17:07:05.723917 [info ] [Thread-3 (]: 2 of 2 OK created sql view model PUBLIC_staging.stg_globepay_chargeback ........ [[32mSUCCESS 1[0m in 1.07s]
[0m17:07:05.724443 [debug] [Thread-3 (]: Finished running node model.deel.stg_globepay_chargeback
[0m17:07:05.725646 [debug] [MainThread]: Connection 'master' was properly closed.
[0m17:07:05.725897 [debug] [MainThread]: Connection 'model.deel.stg_globepay_acceptance' was left open.
[0m17:07:05.726129 [debug] [MainThread]: On model.deel.stg_globepay_acceptance: Close
[0m17:07:06.013286 [debug] [MainThread]: Connection 'model.deel.stg_globepay_chargeback' was left open.
[0m17:07:06.014894 [debug] [MainThread]: On model.deel.stg_globepay_chargeback: Close
[0m17:07:06.319438 [info ] [MainThread]: 
[0m17:07:06.321210 [info ] [MainThread]: Finished running 2 view models in 0 hours 0 minutes and 2.98 seconds (2.98s).
[0m17:07:06.322773 [debug] [MainThread]: Command end result
[0m17:07:06.354657 [debug] [MainThread]: Wrote artifact WritableManifest to /Users/natanmatos/Documents/deel/deel_chlg/target/manifest.json
[0m17:07:06.356174 [debug] [MainThread]: Wrote artifact SemanticManifest to /Users/natanmatos/Documents/deel/deel_chlg/target/semantic_manifest.json
[0m17:07:06.360425 [debug] [MainThread]: Wrote artifact RunExecutionResult to /Users/natanmatos/Documents/deel/deel_chlg/target/run_results.json
[0m17:07:06.360651 [info ] [MainThread]: 
[0m17:07:06.360893 [info ] [MainThread]: [32mCompleted successfully[0m
[0m17:07:06.361086 [info ] [MainThread]: 
[0m17:07:06.361301 [info ] [MainThread]: Done. PASS=2 WARN=0 ERROR=0 SKIP=0 NO-OP=0 TOTAL=2
[0m17:07:06.363423 [debug] [MainThread]: Resource report: {"command_name": "run", "command_success": true, "command_wall_clock_time": 3.8990188, "process_in_blocks": "0", "process_kernel_time": 0.205298, "process_mem_max_rss": "174931968", "process_out_blocks": "0", "process_user_time": 1.662298}
[0m17:07:06.363722 [debug] [MainThread]: Command `dbt run` succeeded at 17:07:06.363665 after 3.90 seconds
[0m17:07:06.363964 [debug] [MainThread]: Sending event: {'category': 'dbt', 'action': 'invocation', 'label': 'end', 'context': [<snowplow_tracker.self_describing_json.SelfDescribingJson object at 0x10b4be7b0>, <snowplow_tracker.self_describing_json.SelfDescribingJson object at 0x10b4f8440>, <snowplow_tracker.self_describing_json.SelfDescribingJson object at 0x10b53a550>]}
[0m17:07:06.364191 [debug] [MainThread]: Flushing usage events
[0m17:07:07.053990 [debug] [MainThread]: An error was encountered while trying to flush usage events
[0m17:07:52.541704 [debug] [MainThread]: Sending event: {'category': 'dbt', 'action': 'invocation', 'label': 'start', 'context': [<snowplow_tracker.self_describing_json.SelfDescribingJson object at 0x10b0242f0>, <snowplow_tracker.self_describing_json.SelfDescribingJson object at 0x10c10b750>, <snowplow_tracker.self_describing_json.SelfDescribingJson object at 0x10c10b9d0>]}


============================== 17:07:52.544599 | 47fa4500-4c53-4c86-87a8-99b1ed886409 ==============================
[0m17:07:52.544599 [info ] [MainThread]: Running with dbt=1.11.6
[0m17:07:52.544877 [debug] [MainThread]: running dbt with arguments {'log_format': 'default', 'version_check': 'True', 'indirect_selection': 'eager', 'log_path': '/Users/natanmatos/Documents/deel/deel_chlg/logs', 'profiles_dir': '/Users/natanmatos/.dbt', 'target_path': 'None', 'partial_parse': 'True', 'quiet': 'False', 'no_print': 'None', 'log_cache_events': 'False', 'static_parser': 'True', 'debug': 'False', 'use_colors': 'True', 'empty': 'False', 'invocation_command': 'dbt run', 'send_anonymous_usage_stats': 'True', 'fail_fast': 'False', 'write_json': 'True', 'introspect': 'True', 'printer_width': '80', 'use_experimental_parser': 'False', 'cache_selected_only': 'False', 'warn_error_options': 'WarnErrorOptionsV2(error=[], warn=[], silence=[])', 'warn_error': 'None'}
[0m17:07:52.679877 [debug] [MainThread]: Snowflake adapter: Setting snowflake.connector to ERROR (file logging only)
[0m17:07:52.680117 [debug] [MainThread]: Snowflake adapter: Setting botocore to ERROR (file logging only)
[0m17:07:52.680255 [debug] [MainThread]: Snowflake adapter: Setting boto3 to ERROR (file logging only)
[0m17:07:52.750895 [debug] [MainThread]: Sending event: {'category': 'dbt', 'action': 'project_id', 'label': '47fa4500-4c53-4c86-87a8-99b1ed886409', 'context': [<snowplow_tracker.self_describing_json.SelfDescribingJson object at 0x10b438fc0>]}
[0m17:07:52.777638 [debug] [MainThread]: Sending event: {'category': 'dbt', 'action': 'adapter_info', 'label': '47fa4500-4c53-4c86-87a8-99b1ed886409', 'context': [<snowplow_tracker.self_describing_json.SelfDescribingJson object at 0x10cd768b0>]}
[0m17:07:52.778112 [info ] [MainThread]: Registered adapter: snowflake=1.11.2
[0m17:07:52.841256 [debug] [MainThread]: checksum: ec27062d18352e9cfca161c166fcc73d2201661a23a3cf3c89196a27f32cfcb8, vars: {}, profile: , target: , version: 1.11.6
[0m17:07:52.888646 [info ] [MainThread]: Unable to do partial parsing because a project config has changed
[0m17:07:52.888950 [debug] [MainThread]: Sending event: {'category': 'dbt', 'action': 'partial_parser', 'label': '47fa4500-4c53-4c86-87a8-99b1ed886409', 'context': [<snowplow_tracker.self_describing_json.SelfDescribingJson object at 0x10cd57250>]}
[0m17:07:53.379113 [debug] [MainThread]: Sending event: {'category': 'dbt', 'action': 'load_project', 'label': '47fa4500-4c53-4c86-87a8-99b1ed886409', 'context': [<snowplow_tracker.self_describing_json.SelfDescribingJson object at 0x10cdc74d0>]}
[0m17:07:53.409502 [debug] [MainThread]: Wrote artifact WritableManifest to /Users/natanmatos/Documents/deel/deel_chlg/target/manifest.json
[0m17:07:53.410578 [debug] [MainThread]: Wrote artifact SemanticManifest to /Users/natanmatos/Documents/deel/deel_chlg/target/semantic_manifest.json
[0m17:07:53.417676 [debug] [MainThread]: Sending event: {'category': 'dbt', 'action': 'resource_counts', 'label': '47fa4500-4c53-4c86-87a8-99b1ed886409', 'context': [<snowplow_tracker.self_describing_json.SelfDescribingJson object at 0x10d421390>]}
[0m17:07:53.417913 [info ] [MainThread]: Found 2 models, 2 sources, 523 macros
[0m17:07:53.418073 [debug] [MainThread]: Sending event: {'category': 'dbt', 'action': 'runnable_timing', 'label': '47fa4500-4c53-4c86-87a8-99b1ed886409', 'context': [<snowplow_tracker.self_describing_json.SelfDescribingJson object at 0x10d5ede60>]}
[0m17:07:53.418883 [info ] [MainThread]: 
[0m17:07:53.419058 [info ] [MainThread]: Concurrency: 4 threads (target='dev')
[0m17:07:53.419189 [info ] [MainThread]: 
[0m17:07:53.419448 [debug] [MainThread]: Acquiring new snowflake connection 'master'
[0m17:07:53.421778 [debug] [ThreadPool]: Acquiring new snowflake connection 'list_DEEL'
[0m17:07:53.448532 [debug] [ThreadPool]: Using snowflake connection "list_DEEL"
[0m17:07:53.448739 [debug] [ThreadPool]: On list_DEEL: show terse schemas in database DEEL
    limit 10000
/* {"app": "dbt", "dbt_version": "1.11.6", "profile_name": "deel", "target_name": "dev", "connection_name": "list_DEEL"} */
[0m17:07:53.448864 [debug] [ThreadPool]: Opening a new connection, currently in state init
[0m17:07:55.551023 [debug] [ThreadPool]: SQL status: SUCCESS 5 in 2.102 seconds
[0m17:07:55.556784 [debug] [ThreadPool]: Re-using an available connection from the pool (formerly list_DEEL, now list_DEEL_staging)
[0m17:07:55.574332 [debug] [ThreadPool]: Using snowflake connection "list_DEEL_staging"
[0m17:07:55.574853 [debug] [ThreadPool]: On list_DEEL_staging: show objects in DEEL.staging
    limit 10000
    

/* {"app": "dbt", "dbt_version": "1.11.6", "profile_name": "deel", "target_name": "dev", "connection_name": "list_DEEL_staging"} */;
[0m17:07:55.744420 [debug] [ThreadPool]: SQL status: SUCCESS 0 in 0.169 seconds
[0m17:07:55.748824 [debug] [MainThread]: Sending event: {'category': 'dbt', 'action': 'runnable_timing', 'label': '47fa4500-4c53-4c86-87a8-99b1ed886409', 'context': [<snowplow_tracker.self_describing_json.SelfDescribingJson object at 0x10d5a9790>]}
[0m17:07:55.754945 [debug] [Thread-2 (]: Began running node model.deel.stg_globepay_acceptance
[0m17:07:55.755707 [debug] [Thread-3 (]: Began running node model.deel.stg_globepay_chargeback
[0m17:07:55.756555 [info ] [Thread-2 (]: 1 of 2 START sql view model staging.stg_globepay_acceptance .................... [RUN]
[0m17:07:55.757219 [info ] [Thread-3 (]: 2 of 2 START sql view model staging.stg_globepay_chargeback .................... [RUN]
[0m17:07:55.757880 [debug] [Thread-2 (]: Re-using an available connection from the pool (formerly list_DEEL_staging, now model.deel.stg_globepay_acceptance)
[0m17:07:55.758630 [debug] [Thread-3 (]: Acquiring new snowflake connection 'model.deel.stg_globepay_chargeback'
[0m17:07:55.759138 [debug] [Thread-2 (]: Began compiling node model.deel.stg_globepay_acceptance
[0m17:07:55.759541 [debug] [Thread-3 (]: Began compiling node model.deel.stg_globepay_chargeback
[0m17:07:55.768085 [debug] [Thread-2 (]: Writing injected SQL for node "model.deel.stg_globepay_acceptance"
[0m17:07:55.771147 [debug] [Thread-3 (]: Writing injected SQL for node "model.deel.stg_globepay_chargeback"
[0m17:07:55.772148 [debug] [Thread-2 (]: Began executing node model.deel.stg_globepay_acceptance
[0m17:07:55.778949 [debug] [Thread-3 (]: Began executing node model.deel.stg_globepay_chargeback
[0m17:07:55.796818 [debug] [Thread-2 (]: Writing runtime sql for node "model.deel.stg_globepay_acceptance"
[0m17:07:55.801241 [debug] [Thread-3 (]: Writing runtime sql for node "model.deel.stg_globepay_chargeback"
[0m17:07:55.802085 [debug] [Thread-3 (]: Using snowflake connection "model.deel.stg_globepay_chargeback"
[0m17:07:55.803027 [debug] [Thread-2 (]: Using snowflake connection "model.deel.stg_globepay_acceptance"
[0m17:07:55.803272 [debug] [Thread-3 (]: On model.deel.stg_globepay_chargeback: create or replace   view DEEL.staging.stg_globepay_chargeback
  
  
  
  
  as (
    -- models/staging/stg_globepay_chargeback.sql
--
-- Cleans and type-casts the raw Globepay Chargeback Report.
-- One row per transaction with chargeback status.

with source as (
    select * from DEEL.RAW.globepay_chargeback
),

renamed as (
    select
        -- identifiers
        external_ref                                     as external_ref,
        status::boolean                                  as is_active,
        source                                           as payment_source,
        (upper(trim(chargeback)) = 'TRUE')::boolean       as has_chargebac
    from source
)

select * from renamed
  )
/* {"app": "dbt", "dbt_version": "1.11.6", "profile_name": "deel", "target_name": "dev", "node_id": "model.deel.stg_globepay_chargeback"} */;
[0m17:07:55.803555 [debug] [Thread-2 (]: On model.deel.stg_globepay_acceptance: create or replace   view DEEL.staging.stg_globepay_acceptance
  
  
  
  
  as (
    -- models/staging/stg_globepay_acceptance.sql
--
-- Cleans and type-casts the raw Globepay Acceptance Report.
-- One row per transaction attempt.

with source as (
    select * from DEEL.RAW.globepay_acceptance
),

renamed as (
    select
        -- identifiers
        external_ref                                     as external_ref,
        ref                                              as merchant_ref,

        -- metadata
        status::boolean                                  as is_active,
        source                                           as payment_source,

        -- temporal
        to_timestamp_ntz(date_time)                      as transaction_at,
        date_trunc('month', transaction_at)              as transaction_month,

        -- transaction details
        upper(trim(state))                               as state,
        (upper(trim(state)) = 'ACCEPTED')::boolean       as is_accepted,
        amount::float                                    as amount,
        upper(trim(currency))                            as currency,
        upper(trim(country))                             as country,
        cvv_provided::boolean                            as cvv_provided,

        -- exchange rates stored as JSON string → parse key fields
        try_parse_json(rates)                            as rates_json,
         -- derived: normalise amount to USD
        case currency
            when 'USD' then amount
            when 'EUR' then amount / nullif(rates_json['EUR']::float, 0)
            when 'GBP' then amount / nullif(rates_json['GBP']::float, 0)
            when 'CAD' then amount / nullif(rates_json['CAD']::float, 0)
            when 'MXN' then amount / nullif(rates_json['MXN']::float, 0)
            else null
        end                                              as amount_usd

    from source
)

select * from renamed
  )
/* {"app": "dbt", "dbt_version": "1.11.6", "profile_name": "deel", "target_name": "dev", "node_id": "model.deel.stg_globepay_acceptance"} */;
[0m17:07:55.803806 [debug] [Thread-3 (]: Opening a new connection, currently in state init
[0m17:07:56.140816 [debug] [Thread-2 (]: SQL status: SUCCESS 1 in 0.336 seconds
[0m17:07:56.162500 [debug] [Thread-2 (]: Sending event: {'category': 'dbt', 'action': 'run_model', 'label': '47fa4500-4c53-4c86-87a8-99b1ed886409', 'context': [<snowplow_tracker.self_describing_json.SelfDescribingJson object at 0x10e5be410>]}
[0m17:07:56.163092 [info ] [Thread-2 (]: 1 of 2 OK created sql view model staging.stg_globepay_acceptance ............... [[32mSUCCESS 1[0m in 0.40s]
[0m17:07:56.163512 [debug] [Thread-2 (]: Finished running node model.deel.stg_globepay_acceptance
[0m17:07:56.837517 [debug] [Thread-3 (]: SQL status: SUCCESS 1 in 1.033 seconds
[0m17:07:56.841350 [debug] [Thread-3 (]: Sending event: {'category': 'dbt', 'action': 'run_model', 'label': '47fa4500-4c53-4c86-87a8-99b1ed886409', 'context': [<snowplow_tracker.self_describing_json.SelfDescribingJson object at 0x10e6c5810>]}
[0m17:07:56.842372 [info ] [Thread-3 (]: 2 of 2 OK created sql view model staging.stg_globepay_chargeback ............... [[32mSUCCESS 1[0m in 1.08s]
[0m17:07:56.843243 [debug] [Thread-3 (]: Finished running node model.deel.stg_globepay_chargeback
[0m17:07:56.845845 [debug] [MainThread]: Connection 'master' was properly closed.
[0m17:07:56.846346 [debug] [MainThread]: Connection 'model.deel.stg_globepay_acceptance' was left open.
[0m17:07:56.846821 [debug] [MainThread]: On model.deel.stg_globepay_acceptance: Close
[0m17:07:57.145643 [debug] [MainThread]: Connection 'model.deel.stg_globepay_chargeback' was left open.
[0m17:07:57.146603 [debug] [MainThread]: On model.deel.stg_globepay_chargeback: Close
[0m17:07:57.440736 [info ] [MainThread]: 
[0m17:07:57.441850 [info ] [MainThread]: Finished running 2 view models in 0 hours 0 minutes and 4.02 seconds (4.02s).
[0m17:07:57.443270 [debug] [MainThread]: Command end result
[0m17:07:57.477255 [debug] [MainThread]: Wrote artifact WritableManifest to /Users/natanmatos/Documents/deel/deel_chlg/target/manifest.json
[0m17:07:57.478561 [debug] [MainThread]: Wrote artifact SemanticManifest to /Users/natanmatos/Documents/deel/deel_chlg/target/semantic_manifest.json
[0m17:07:57.482557 [debug] [MainThread]: Wrote artifact RunExecutionResult to /Users/natanmatos/Documents/deel/deel_chlg/target/run_results.json
[0m17:07:57.482757 [info ] [MainThread]: 
[0m17:07:57.482976 [info ] [MainThread]: [32mCompleted successfully[0m
[0m17:07:57.483148 [info ] [MainThread]: 
[0m17:07:57.483344 [info ] [MainThread]: Done. PASS=2 WARN=0 ERROR=0 SKIP=0 NO-OP=0 TOTAL=2
[0m17:07:57.485656 [debug] [MainThread]: Resource report: {"command_name": "run", "command_success": true, "command_wall_clock_time": 4.975947, "process_in_blocks": "0", "process_kernel_time": 0.225018, "process_mem_max_rss": "174850048", "process_out_blocks": "0", "process_user_time": 1.700068}
[0m17:07:57.485934 [debug] [MainThread]: Command `dbt run` succeeded at 17:07:57.485881 after 4.98 seconds
[0m17:07:57.486159 [debug] [MainThread]: Sending event: {'category': 'dbt', 'action': 'invocation', 'label': 'end', 'context': [<snowplow_tracker.self_describing_json.SelfDescribingJson object at 0x10d613850>, <snowplow_tracker.self_describing_json.SelfDescribingJson object at 0x10d50c150>, <snowplow_tracker.self_describing_json.SelfDescribingJson object at 0x10831dda0>]}
[0m17:07:57.486370 [debug] [MainThread]: Flushing usage events
[0m17:07:58.136082 [debug] [MainThread]: An error was encountered while trying to flush usage events
[0m19:07:46.200241 [debug] [MainThread]: Sending event: {'category': 'dbt', 'action': 'invocation', 'label': 'start', 'context': [<snowplow_tracker.self_describing_json.SelfDescribingJson object at 0x10a5682f0>, <snowplow_tracker.self_describing_json.SelfDescribingJson object at 0x10b64f750>, <snowplow_tracker.self_describing_json.SelfDescribingJson object at 0x10b64f9d0>]}


============================== 19:07:46.203682 | 6be9a9bf-97d8-4a0a-841f-b1cad02e1c98 ==============================
[0m19:07:46.203682 [info ] [MainThread]: Running with dbt=1.11.6
[0m19:07:46.203966 [debug] [MainThread]: running dbt with arguments {'log_format': 'default', 'send_anonymous_usage_stats': 'True', 'fail_fast': 'False', 'indirect_selection': 'eager', 'profiles_dir': '/Users/natanmatos/.dbt', 'use_experimental_parser': 'False', 'warn_error_options': 'WarnErrorOptionsV2(error=[], warn=[], silence=[])', 'no_print': 'None', 'empty': 'False', 'version_check': 'True', 'quiet': 'False', 'write_json': 'True', 'target_path': 'None', 'use_colors': 'True', 'static_parser': 'True', 'cache_selected_only': 'False', 'introspect': 'True', 'debug': 'False', 'printer_width': '80', 'invocation_command': 'dbt run', 'warn_error': 'None', 'log_cache_events': 'False', 'log_path': '/Users/natanmatos/Documents/deel/deel_chlg/logs', 'partial_parse': 'True'}
[0m19:07:46.408459 [debug] [MainThread]: Snowflake adapter: Setting snowflake.connector to ERROR (file logging only)
[0m19:07:46.408729 [debug] [MainThread]: Snowflake adapter: Setting botocore to ERROR (file logging only)
[0m19:07:46.408877 [debug] [MainThread]: Snowflake adapter: Setting boto3 to ERROR (file logging only)
[0m19:07:46.486634 [debug] [MainThread]: Sending event: {'category': 'dbt', 'action': 'project_id', 'label': '6be9a9bf-97d8-4a0a-841f-b1cad02e1c98', 'context': [<snowplow_tracker.self_describing_json.SelfDescribingJson object at 0x10a97cfc0>]}
[0m19:07:46.513130 [debug] [MainThread]: Sending event: {'category': 'dbt', 'action': 'adapter_info', 'label': '6be9a9bf-97d8-4a0a-841f-b1cad02e1c98', 'context': [<snowplow_tracker.self_describing_json.SelfDescribingJson object at 0x10c2ba8b0>]}
[0m19:07:46.513557 [info ] [MainThread]: Registered adapter: snowflake=1.11.2
[0m19:07:46.568197 [debug] [MainThread]: checksum: ec27062d18352e9cfca161c166fcc73d2201661a23a3cf3c89196a27f32cfcb8, vars: {}, profile: , target: , version: 1.11.6
[0m19:07:46.603966 [info ] [MainThread]: Unable to do partial parsing because a project config has changed
[0m19:07:46.604250 [debug] [MainThread]: Sending event: {'category': 'dbt', 'action': 'partial_parser', 'label': '6be9a9bf-97d8-4a0a-841f-b1cad02e1c98', 'context': [<snowplow_tracker.self_describing_json.SelfDescribingJson object at 0x10c28b250>]}
[0m19:07:47.099103 [debug] [MainThread]: Sending event: {'category': 'dbt', 'action': 'load_project', 'label': '6be9a9bf-97d8-4a0a-841f-b1cad02e1c98', 'context': [<snowplow_tracker.self_describing_json.SelfDescribingJson object at 0x10c30b4d0>]}
[0m19:07:47.127104 [debug] [MainThread]: Wrote artifact WritableManifest to /Users/natanmatos/Documents/deel/deel_chlg/target/manifest.json
[0m19:07:47.128288 [debug] [MainThread]: Wrote artifact SemanticManifest to /Users/natanmatos/Documents/deel/deel_chlg/target/semantic_manifest.json
[0m19:07:47.139593 [debug] [MainThread]: Sending event: {'category': 'dbt', 'action': 'resource_counts', 'label': '6be9a9bf-97d8-4a0a-841f-b1cad02e1c98', 'context': [<snowplow_tracker.self_describing_json.SelfDescribingJson object at 0x10c969390>]}
[0m19:07:47.139822 [info ] [MainThread]: Found 2 models, 2 sources, 523 macros
[0m19:07:47.139966 [debug] [MainThread]: Sending event: {'category': 'dbt', 'action': 'runnable_timing', 'label': '6be9a9bf-97d8-4a0a-841f-b1cad02e1c98', 'context': [<snowplow_tracker.self_describing_json.SelfDescribingJson object at 0x10cb79e60>]}
[0m19:07:47.140729 [info ] [MainThread]: 
[0m19:07:47.140899 [info ] [MainThread]: Concurrency: 4 threads (target='dev')
[0m19:07:47.141021 [info ] [MainThread]: 
[0m19:07:47.141242 [debug] [MainThread]: Acquiring new snowflake connection 'master'
[0m19:07:47.143365 [debug] [ThreadPool]: Acquiring new snowflake connection 'list_DEEL'
[0m19:07:47.173023 [debug] [ThreadPool]: Using snowflake connection "list_DEEL"
[0m19:07:47.173224 [debug] [ThreadPool]: On list_DEEL: show terse schemas in database DEEL
    limit 10000
/* {"app": "dbt", "dbt_version": "1.11.6", "profile_name": "deel", "target_name": "dev", "connection_name": "list_DEEL"} */
[0m19:07:47.173346 [debug] [ThreadPool]: Opening a new connection, currently in state init
[0m19:07:48.780807 [debug] [ThreadPool]: SQL status: SUCCESS 4 in 1.607 seconds
[0m19:07:48.785622 [debug] [ThreadPool]: Re-using an available connection from the pool (formerly list_DEEL, now list_DEEL_staging)
[0m19:07:48.802058 [debug] [ThreadPool]: Using snowflake connection "list_DEEL_staging"
[0m19:07:48.802532 [debug] [ThreadPool]: On list_DEEL_staging: show objects in DEEL.staging
    limit 10000
    

/* {"app": "dbt", "dbt_version": "1.11.6", "profile_name": "deel", "target_name": "dev", "connection_name": "list_DEEL_staging"} */;
[0m19:07:49.002314 [debug] [ThreadPool]: SQL status: SUCCESS 2 in 0.199 seconds
[0m19:07:49.006272 [debug] [MainThread]: Sending event: {'category': 'dbt', 'action': 'runnable_timing', 'label': '6be9a9bf-97d8-4a0a-841f-b1cad02e1c98', 'context': [<snowplow_tracker.self_describing_json.SelfDescribingJson object at 0x10caed790>]}
[0m19:07:49.016022 [debug] [Thread-2 (]: Began running node model.deel.stg_globepay_acceptance
[0m19:07:49.016855 [debug] [Thread-3 (]: Began running node model.deel.stg_globepay_chargeback
[0m19:07:49.018476 [info ] [Thread-2 (]: 1 of 2 START sql view model staging.stg_globepay_acceptance .................... [RUN]
[0m19:07:49.019323 [info ] [Thread-3 (]: 2 of 2 START sql view model staging.stg_globepay_chargeback .................... [RUN]
[0m19:07:49.019962 [debug] [Thread-2 (]: Re-using an available connection from the pool (formerly list_DEEL_staging, now model.deel.stg_globepay_acceptance)
[0m19:07:49.020633 [debug] [Thread-3 (]: Acquiring new snowflake connection 'model.deel.stg_globepay_chargeback'
[0m19:07:49.021085 [debug] [Thread-2 (]: Began compiling node model.deel.stg_globepay_acceptance
[0m19:07:49.021489 [debug] [Thread-3 (]: Began compiling node model.deel.stg_globepay_chargeback
[0m19:07:49.029799 [debug] [Thread-2 (]: Writing injected SQL for node "model.deel.stg_globepay_acceptance"
[0m19:07:49.031783 [debug] [Thread-3 (]: Writing injected SQL for node "model.deel.stg_globepay_chargeback"
[0m19:07:49.033032 [debug] [Thread-2 (]: Began executing node model.deel.stg_globepay_acceptance
[0m19:07:49.033443 [debug] [Thread-3 (]: Began executing node model.deel.stg_globepay_chargeback
[0m19:07:49.062170 [debug] [Thread-3 (]: Writing runtime sql for node "model.deel.stg_globepay_chargeback"
[0m19:07:49.062545 [debug] [Thread-2 (]: Writing runtime sql for node "model.deel.stg_globepay_acceptance"
[0m19:07:49.063912 [debug] [Thread-2 (]: Using snowflake connection "model.deel.stg_globepay_acceptance"
[0m19:07:49.064366 [debug] [Thread-3 (]: Using snowflake connection "model.deel.stg_globepay_chargeback"
[0m19:07:49.064605 [debug] [Thread-2 (]: On model.deel.stg_globepay_acceptance: create or replace   view DEEL.staging.stg_globepay_acceptance
  
  
  
  
  as (
    -- models/staging/stg_globepay_acceptance.sql
--
-- Cleans and type-casts the raw Globepay Acceptance Report.
-- One row per transaction attempt.

with source as (
    select * from DEEL.RAW.globepay_acceptance
),

renamed as (
    select
        -- identifiers
        external_ref                                     as external_ref,
        ref                                              as merchant_ref,

        -- metadata
        status::boolean                                  as is_active,
        source                                           as payment_source,

        -- temporal
        to_timestamp_ntz(date_time)                      as transaction_at,
        date_trunc('month', transaction_at)              as transaction_month,

        -- transaction details
        upper(trim(state))                               as state,
        (upper(trim(state)) = 'ACCEPTED')::boolean       as is_accepted,
        amount::float                                    as amount,
        upper(trim(currency))                            as currency,
        upper(trim(country))                             as country,
        cvv_provided::boolean                            as cvv_provided,

        -- exchange rates stored as JSON string → parse key fields
        try_parse_json(rates)                            as rates_json,
         -- derived: normalise amount to USD
        case currency
            when 'USD' then amount
            when 'EUR' then amount / nullif(rates_json['EUR']::float, 0)
            when 'GBP' then amount / nullif(rates_json['GBP']::float, 0)
            when 'CAD' then amount / nullif(rates_json['CAD']::float, 0)
            when 'MXN' then amount / nullif(rates_json['MXN']::float, 0)
            else null
        end                                              as amount_usd

    from source
)

select * from renamed
  )
/* {"app": "dbt", "dbt_version": "1.11.6", "profile_name": "deel", "target_name": "dev", "node_id": "model.deel.stg_globepay_acceptance"} */;
[0m19:07:49.064896 [debug] [Thread-3 (]: On model.deel.stg_globepay_chargeback: create or replace   view DEEL.staging.stg_globepay_chargeback
  
  
  
  
  as (
    -- models/staging/stg_globepay_chargeback.sql
--
-- Cleans and type-casts the raw Globepay Chargeback Report.
-- One row per transaction with chargeback status.

with source as (
    select * from DEEL.RAW.globepay_chargeback
),

renamed as (
    select
        -- identifiers
        external_ref                                     as external_ref,
        status::boolean                                  as is_active,
        source                                           as payment_source,
        (upper(trim(chargeback)) = 'TRUE')::boolean       as has_chargebac
    from source
)

select * from renamed
  )
/* {"app": "dbt", "dbt_version": "1.11.6", "profile_name": "deel", "target_name": "dev", "node_id": "model.deel.stg_globepay_chargeback"} */;
[0m19:07:49.065281 [debug] [Thread-3 (]: Opening a new connection, currently in state init
[0m19:07:49.410117 [debug] [Thread-2 (]: SQL status: SUCCESS 1 in 0.345 seconds
[0m19:07:49.448752 [debug] [Thread-2 (]: Sending event: {'category': 'dbt', 'action': 'run_model', 'label': '6be9a9bf-97d8-4a0a-841f-b1cad02e1c98', 'context': [<snowplow_tracker.self_describing_json.SelfDescribingJson object at 0x10cae85d0>]}
[0m19:07:49.449342 [info ] [Thread-2 (]: 1 of 2 OK created sql view model staging.stg_globepay_acceptance ............... [[32mSUCCESS 1[0m in 0.43s]
[0m19:07:49.449768 [debug] [Thread-2 (]: Finished running node model.deel.stg_globepay_acceptance
[0m19:07:49.880514 [debug] [Thread-3 (]: SQL status: SUCCESS 1 in 0.815 seconds
[0m19:07:49.884159 [debug] [Thread-3 (]: Sending event: {'category': 'dbt', 'action': 'run_model', 'label': '6be9a9bf-97d8-4a0a-841f-b1cad02e1c98', 'context': [<snowplow_tracker.self_describing_json.SelfDescribingJson object at 0x10da3ecb0>]}
[0m19:07:49.885175 [info ] [Thread-3 (]: 2 of 2 OK created sql view model staging.stg_globepay_chargeback ............... [[32mSUCCESS 1[0m in 0.86s]
[0m19:07:49.885990 [debug] [Thread-3 (]: Finished running node model.deel.stg_globepay_chargeback
[0m19:07:49.888263 [debug] [MainThread]: Connection 'master' was properly closed.
[0m19:07:49.888733 [debug] [MainThread]: Connection 'model.deel.stg_globepay_acceptance' was left open.
[0m19:07:49.889142 [debug] [MainThread]: On model.deel.stg_globepay_acceptance: Close
[0m19:07:50.175903 [debug] [MainThread]: Connection 'model.deel.stg_globepay_chargeback' was left open.
[0m19:07:50.176696 [debug] [MainThread]: On model.deel.stg_globepay_chargeback: Close
[0m19:07:50.462799 [info ] [MainThread]: 
[0m19:07:50.463871 [info ] [MainThread]: Finished running 2 view models in 0 hours 0 minutes and 3.32 seconds (3.32s).
[0m19:07:50.465232 [debug] [MainThread]: Command end result
[0m19:07:50.495871 [debug] [MainThread]: Wrote artifact WritableManifest to /Users/natanmatos/Documents/deel/deel_chlg/target/manifest.json
[0m19:07:50.497510 [debug] [MainThread]: Wrote artifact SemanticManifest to /Users/natanmatos/Documents/deel/deel_chlg/target/semantic_manifest.json
[0m19:07:50.502103 [debug] [MainThread]: Wrote artifact RunExecutionResult to /Users/natanmatos/Documents/deel/deel_chlg/target/run_results.json
[0m19:07:50.502326 [info ] [MainThread]: 
[0m19:07:50.502572 [info ] [MainThread]: [32mCompleted successfully[0m
[0m19:07:50.502760 [info ] [MainThread]: 
[0m19:07:50.502970 [info ] [MainThread]: Done. PASS=2 WARN=0 ERROR=0 SKIP=0 NO-OP=0 TOTAL=2
[0m19:07:50.505551 [debug] [MainThread]: Resource report: {"command_name": "run", "command_success": true, "command_wall_clock_time": 4.338099, "process_in_blocks": "0", "process_kernel_time": 0.247159, "process_mem_max_rss": "174768128", "process_out_blocks": "0", "process_user_time": 1.689567}
[0m19:07:50.505859 [debug] [MainThread]: Command `dbt run` succeeded at 19:07:50.505805 after 4.34 seconds
[0m19:07:50.506111 [debug] [MainThread]: Sending event: {'category': 'dbt', 'action': 'invocation', 'label': 'end', 'context': [<snowplow_tracker.self_describing_json.SelfDescribingJson object at 0x10cb6f850>, <snowplow_tracker.self_describing_json.SelfDescribingJson object at 0x10b6c46d0>, <snowplow_tracker.self_describing_json.SelfDescribingJson object at 0x107691da0>]}
[0m19:07:50.506341 [debug] [MainThread]: Flushing usage events
[0m19:07:51.397165 [debug] [MainThread]: An error was encountered while trying to flush usage events
[0m19:24:51.613103 [debug] [MainThread]: Sending event: {'category': 'dbt', 'action': 'invocation', 'label': 'start', 'context': [<snowplow_tracker.self_describing_json.SelfDescribingJson object at 0x10a2f42f0>, <snowplow_tracker.self_describing_json.SelfDescribingJson object at 0x10b3db750>, <snowplow_tracker.self_describing_json.SelfDescribingJson object at 0x10b3db9d0>]}


============================== 19:24:51.616389 | 599e7693-29e0-448c-9c22-41756eb109dd ==============================
[0m19:24:51.616389 [info ] [MainThread]: Running with dbt=1.11.6
[0m19:24:51.616681 [debug] [MainThread]: running dbt with arguments {'target_path': 'None', 'warn_error': 'None', 'cache_selected_only': 'False', 'send_anonymous_usage_stats': 'True', 'empty': 'False', 'version_check': 'True', 'use_colors': 'True', 'partial_parse': 'True', 'quiet': 'False', 'write_json': 'True', 'log_cache_events': 'False', 'fail_fast': 'False', 'profiles_dir': '/Users/natanmatos/.dbt', 'static_parser': 'True', 'no_print': 'None', 'warn_error_options': 'WarnErrorOptionsV2(error=[], warn=[], silence=[])', 'invocation_command': 'dbt run', 'log_format': 'default', 'indirect_selection': 'eager', 'introspect': 'True', 'use_experimental_parser': 'False', 'debug': 'False', 'log_path': '/Users/natanmatos/Documents/deel/deel_chlg/logs', 'printer_width': '80'}
[0m19:24:51.814633 [debug] [MainThread]: Snowflake adapter: Setting snowflake.connector to ERROR (file logging only)
[0m19:24:51.814878 [debug] [MainThread]: Snowflake adapter: Setting botocore to ERROR (file logging only)
[0m19:24:51.815031 [debug] [MainThread]: Snowflake adapter: Setting boto3 to ERROR (file logging only)
[0m19:24:51.927504 [debug] [MainThread]: Sending event: {'category': 'dbt', 'action': 'project_id', 'label': '599e7693-29e0-448c-9c22-41756eb109dd', 'context': [<snowplow_tracker.self_describing_json.SelfDescribingJson object at 0x10a708fc0>]}
[0m19:24:51.953952 [debug] [MainThread]: Sending event: {'category': 'dbt', 'action': 'adapter_info', 'label': '599e7693-29e0-448c-9c22-41756eb109dd', 'context': [<snowplow_tracker.self_describing_json.SelfDescribingJson object at 0x10c0468b0>]}
[0m19:24:51.954623 [info ] [MainThread]: Registered adapter: snowflake=1.11.2
[0m19:24:52.010186 [debug] [MainThread]: checksum: ec27062d18352e9cfca161c166fcc73d2201661a23a3cf3c89196a27f32cfcb8, vars: {}, profile: , target: , version: 1.11.6
[0m19:24:52.061317 [debug] [MainThread]: Partial parsing enabled: 2 files deleted, 6 files added, 0 files changed.
[0m19:24:52.061573 [debug] [MainThread]: Partial parsing: added file: deel://models/marts/agg_globepay__declined_by_country.sql
[0m19:24:52.061712 [debug] [MainThread]: Partial parsing: added file: deel://models/marts/fct_globepay__missing_chargebacks.sql
[0m19:24:52.061831 [debug] [MainThread]: Partial parsing: added file: deel://models/staging/stg_globepay__chargeback.sql
[0m19:24:52.061944 [debug] [MainThread]: Partial parsing: added file: deel://models/staging/stg_globepay__acceptance.sql
[0m19:24:52.062057 [debug] [MainThread]: Partial parsing: added file: deel://models/marts/agg_globepay__acceptance_by_month.sql
[0m19:24:52.062168 [debug] [MainThread]: Partial parsing: added file: deel://models/marts/fct_globepay__transactions.sql
[0m19:24:52.062275 [debug] [MainThread]: Partial parsing: deleted file: deel://models/staging/stg_globepay_acceptance.sql
[0m19:24:52.062375 [debug] [MainThread]: Partial parsing: deleted file: deel://models/staging/stg_globepay_chargeback.sql
[0m19:24:52.145785 [error] [MainThread]: Encountered an error:
Compilation Error
  Model 'model.deel.agg_globepay__declined_by_country' (models/marts/agg_globepay__declined_by_country.sql) depends on a node named 'stg_globepay_acceptance' which was not found
[0m19:24:52.147570 [debug] [MainThread]: Resource report: {"command_name": "run", "command_success": false, "command_wall_clock_time": 0.56519324, "process_in_blocks": "0", "process_kernel_time": 0.165767, "process_mem_max_rss": "148930560", "process_out_blocks": "0", "process_user_time": 0.93062}
[0m19:24:52.147833 [debug] [MainThread]: Command `dbt run` failed at 19:24:52.147792 after 0.57 seconds
[0m19:24:52.148006 [debug] [MainThread]: Sending event: {'category': 'dbt', 'action': 'invocation', 'label': 'end', 'context': [<snowplow_tracker.self_describing_json.SelfDescribingJson object at 0x10c016c50>, <snowplow_tracker.self_describing_json.SelfDescribingJson object at 0x10c5b1150>, <snowplow_tracker.self_describing_json.SelfDescribingJson object at 0x10c613e30>]}
[0m19:24:52.148156 [debug] [MainThread]: Flushing usage events
[0m19:24:53.211313 [debug] [MainThread]: An error was encountered while trying to flush usage events
[0m19:25:57.227545 [debug] [MainThread]: Sending event: {'category': 'dbt', 'action': 'invocation', 'label': 'start', 'context': [<snowplow_tracker.self_describing_json.SelfDescribingJson object at 0x1086b02f0>, <snowplow_tracker.self_describing_json.SelfDescribingJson object at 0x10979b750>, <snowplow_tracker.self_describing_json.SelfDescribingJson object at 0x10979b9d0>]}


============================== 19:25:57.229691 | 0e124a25-a7c5-4a7c-a9f9-32024c0227c8 ==============================
[0m19:25:57.229691 [info ] [MainThread]: Running with dbt=1.11.6
[0m19:25:57.229973 [debug] [MainThread]: running dbt with arguments {'use_experimental_parser': 'False', 'debug': 'False', 'warn_error': 'None', 'warn_error_options': 'WarnErrorOptionsV2(error=[], warn=[], silence=[])', 'send_anonymous_usage_stats': 'True', 'log_cache_events': 'False', 'indirect_selection': 'eager', 'log_path': '/Users/natanmatos/Documents/deel/deel_chlg/logs', 'static_parser': 'True', 'profiles_dir': '/Users/natanmatos/.dbt', 'empty': 'False', 'log_format': 'default', 'write_json': 'True', 'target_path': 'None', 'partial_parse': 'True', 'fail_fast': 'False', 'printer_width': '80', 'invocation_command': 'dbt run', 'no_print': 'None', 'cache_selected_only': 'False', 'use_colors': 'True', 'introspect': 'True', 'version_check': 'True', 'quiet': 'False'}
[0m19:25:57.357596 [debug] [MainThread]: Snowflake adapter: Setting snowflake.connector to ERROR (file logging only)
[0m19:25:57.357829 [debug] [MainThread]: Snowflake adapter: Setting botocore to ERROR (file logging only)
[0m19:25:57.357957 [debug] [MainThread]: Snowflake adapter: Setting boto3 to ERROR (file logging only)
[0m19:25:57.430194 [debug] [MainThread]: Sending event: {'category': 'dbt', 'action': 'project_id', 'label': '0e124a25-a7c5-4a7c-a9f9-32024c0227c8', 'context': [<snowplow_tracker.self_describing_json.SelfDescribingJson object at 0x108ac8fc0>]}
[0m19:25:57.456900 [debug] [MainThread]: Sending event: {'category': 'dbt', 'action': 'adapter_info', 'label': '0e124a25-a7c5-4a7c-a9f9-32024c0227c8', 'context': [<snowplow_tracker.self_describing_json.SelfDescribingJson object at 0x10a4068b0>]}
[0m19:25:57.457281 [info ] [MainThread]: Registered adapter: snowflake=1.11.2
[0m19:25:57.507842 [debug] [MainThread]: checksum: ec27062d18352e9cfca161c166fcc73d2201661a23a3cf3c89196a27f32cfcb8, vars: {}, profile: , target: , version: 1.11.6
[0m19:25:57.554277 [debug] [MainThread]: Partial parsing enabled: 2 files deleted, 6 files added, 0 files changed.
[0m19:25:57.554575 [debug] [MainThread]: Partial parsing: added file: deel://models/marts/fct_globepay__missing_chargebacks.sql
[0m19:25:57.554729 [debug] [MainThread]: Partial parsing: added file: deel://models/marts/fct_globepay__transactions.sql
[0m19:25:57.554859 [debug] [MainThread]: Partial parsing: added file: deel://models/marts/agg_globepay__acceptance_by_month.sql
[0m19:25:57.554985 [debug] [MainThread]: Partial parsing: added file: deel://models/marts/agg_globepay__declined_by_country.sql
[0m19:25:57.555108 [debug] [MainThread]: Partial parsing: added file: deel://models/staging/stg_globepay__chargeback.sql
[0m19:25:57.555231 [debug] [MainThread]: Partial parsing: added file: deel://models/staging/stg_globepay__acceptance.sql
[0m19:25:57.555349 [debug] [MainThread]: Partial parsing: deleted file: deel://models/staging/stg_globepay_chargeback.sql
[0m19:25:57.555462 [debug] [MainThread]: Partial parsing: deleted file: deel://models/staging/stg_globepay_acceptance.sql
[0m19:25:57.667520 [debug] [MainThread]: Sending event: {'category': 'dbt', 'action': 'load_project', 'label': '0e124a25-a7c5-4a7c-a9f9-32024c0227c8', 'context': [<snowplow_tracker.self_describing_json.SelfDescribingJson object at 0x10a974e50>]}
[0m19:25:57.699086 [debug] [MainThread]: Wrote artifact WritableManifest to /Users/natanmatos/Documents/deel/deel_chlg/target/manifest.json
[0m19:25:57.700226 [debug] [MainThread]: Wrote artifact SemanticManifest to /Users/natanmatos/Documents/deel/deel_chlg/target/semantic_manifest.json
[0m19:25:57.711153 [debug] [MainThread]: Sending event: {'category': 'dbt', 'action': 'resource_counts', 'label': '0e124a25-a7c5-4a7c-a9f9-32024c0227c8', 'context': [<snowplow_tracker.self_describing_json.SelfDescribingJson object at 0x10a3c7e30>]}
[0m19:25:57.711381 [info ] [MainThread]: Found 6 models, 2 sources, 523 macros
[0m19:25:57.711527 [debug] [MainThread]: Sending event: {'category': 'dbt', 'action': 'runnable_timing', 'label': '0e124a25-a7c5-4a7c-a9f9-32024c0227c8', 'context': [<snowplow_tracker.self_describing_json.SelfDescribingJson object at 0x10aab1470>]}
[0m19:25:57.712634 [info ] [MainThread]: 
[0m19:25:57.712783 [info ] [MainThread]: Concurrency: 4 threads (target='dev')
[0m19:25:57.712902 [info ] [MainThread]: 
[0m19:25:57.713115 [debug] [MainThread]: Acquiring new snowflake connection 'master'
[0m19:25:57.715124 [debug] [ThreadPool]: Acquiring new snowflake connection 'list_DEEL'
[0m19:25:57.715352 [debug] [ThreadPool]: Acquiring new snowflake connection 'list_DEEL'
[0m19:25:57.745565 [debug] [ThreadPool]: Using snowflake connection "list_DEEL"
[0m19:25:57.745858 [debug] [ThreadPool]: Using snowflake connection "list_DEEL"
[0m19:25:57.746020 [debug] [ThreadPool]: On list_DEEL: show terse schemas in database DEEL
    limit 10000
/* {"app": "dbt", "dbt_version": "1.11.6", "profile_name": "deel", "target_name": "dev", "connection_name": "list_DEEL"} */
[0m19:25:57.746168 [debug] [ThreadPool]: On list_DEEL: show terse schemas in database DEEL
    limit 10000
/* {"app": "dbt", "dbt_version": "1.11.6", "profile_name": "deel", "target_name": "dev", "connection_name": "list_DEEL"} */
[0m19:25:57.746300 [debug] [ThreadPool]: Opening a new connection, currently in state init
[0m19:25:57.746412 [debug] [ThreadPool]: Opening a new connection, currently in state init
[0m19:25:59.318236 [debug] [ThreadPool]: SQL status: SUCCESS 4 in 1.572 seconds
[0m19:25:59.544463 [debug] [ThreadPool]: SQL status: SUCCESS 4 in 1.798 seconds
[0m19:25:59.548449 [debug] [ThreadPool]: Re-using an available connection from the pool (formerly list_DEEL, now create_DEEL_PUBLIC)
[0m19:25:59.549161 [debug] [ThreadPool]: Creating schema "database: "DEEL"
schema: "PUBLIC"
"
[0m19:25:59.554218 [debug] [ThreadPool]: Using snowflake connection "create_DEEL_PUBLIC"
[0m19:25:59.554525 [debug] [ThreadPool]: On create_DEEL_PUBLIC: create schema if not exists DEEL.PUBLIC
/* {"app": "dbt", "dbt_version": "1.11.6", "profile_name": "deel", "target_name": "dev", "connection_name": "create_DEEL_PUBLIC"} */
[0m19:25:59.779825 [debug] [ThreadPool]: SQL status: SUCCESS 1 in 0.225 seconds
[0m19:25:59.784047 [debug] [ThreadPool]: Re-using an available connection from the pool (formerly create_DEEL_PUBLIC, now list_DEEL_PUBLIC)
[0m19:25:59.791341 [debug] [ThreadPool]: Re-using an available connection from the pool (formerly list_DEEL, now list_DEEL_staging)
[0m19:25:59.800338 [debug] [ThreadPool]: Using snowflake connection "list_DEEL_PUBLIC"
[0m19:25:59.806454 [debug] [ThreadPool]: Using snowflake connection "list_DEEL_staging"
[0m19:25:59.806874 [debug] [ThreadPool]: On list_DEEL_PUBLIC: show objects in DEEL.PUBLIC
    limit 10000
    

/* {"app": "dbt", "dbt_version": "1.11.6", "profile_name": "deel", "target_name": "dev", "connection_name": "list_DEEL_PUBLIC"} */;
[0m19:25:59.807113 [debug] [ThreadPool]: On list_DEEL_staging: show objects in DEEL.staging
    limit 10000
    

/* {"app": "dbt", "dbt_version": "1.11.6", "profile_name": "deel", "target_name": "dev", "connection_name": "list_DEEL_staging"} */;
[0m19:25:59.987985 [debug] [ThreadPool]: SQL status: SUCCESS 0 in 0.181 seconds
[0m19:26:00.033148 [debug] [ThreadPool]: SQL status: SUCCESS 2 in 0.225 seconds
[0m19:26:00.037543 [debug] [MainThread]: Sending event: {'category': 'dbt', 'action': 'runnable_timing', 'label': '0e124a25-a7c5-4a7c-a9f9-32024c0227c8', 'context': [<snowplow_tracker.self_describing_json.SelfDescribingJson object at 0x10ba54ae0>]}
[0m19:26:00.043098 [debug] [Thread-3 (]: Began running node model.deel.stg_globepay__chargeback
[0m19:26:00.043576 [debug] [Thread-2 (]: Began running node model.deel.stg_globepay__acceptance
[0m19:26:00.044267 [info ] [Thread-3 (]: 2 of 6 START sql view model staging.stg_globepay__chargeback ................... [RUN]
[0m19:26:00.044959 [info ] [Thread-2 (]: 1 of 6 START sql view model staging.stg_globepay__acceptance ................... [RUN]
[0m19:26:00.045467 [debug] [Thread-3 (]: Re-using an available connection from the pool (formerly list_DEEL_staging, now model.deel.stg_globepay__chargeback)
[0m19:26:00.045895 [debug] [Thread-2 (]: Re-using an available connection from the pool (formerly list_DEEL_PUBLIC, now model.deel.stg_globepay__acceptance)
[0m19:26:00.046330 [debug] [Thread-3 (]: Began compiling node model.deel.stg_globepay__chargeback
[0m19:26:00.046709 [debug] [Thread-2 (]: Began compiling node model.deel.stg_globepay__acceptance
[0m19:26:00.055583 [debug] [Thread-3 (]: Writing injected SQL for node "model.deel.stg_globepay__chargeback"
[0m19:26:00.058311 [debug] [Thread-2 (]: Writing injected SQL for node "model.deel.stg_globepay__acceptance"
[0m19:26:00.059626 [debug] [Thread-2 (]: Began executing node model.deel.stg_globepay__acceptance
[0m19:26:00.060024 [debug] [Thread-3 (]: Began executing node model.deel.stg_globepay__chargeback
[0m19:26:00.090211 [debug] [Thread-3 (]: Writing runtime sql for node "model.deel.stg_globepay__chargeback"
[0m19:26:00.090585 [debug] [Thread-2 (]: Writing runtime sql for node "model.deel.stg_globepay__acceptance"
[0m19:26:00.091448 [debug] [Thread-3 (]: Using snowflake connection "model.deel.stg_globepay__chargeback"
[0m19:26:00.092370 [debug] [Thread-2 (]: Using snowflake connection "model.deel.stg_globepay__acceptance"
[0m19:26:00.092579 [debug] [Thread-3 (]: On model.deel.stg_globepay__chargeback: create or replace   view DEEL.staging.stg_globepay__chargeback
  
  
  
  
  as (
    -- models/staging/stg_globepay_chargeback.sql
--
-- Cleans and type-casts the raw Globepay Chargeback Report.
-- One row per transaction with chargeback status.

with source as (
    select * from DEEL.RAW.globepay_chargeback
),

renamed as (
    select
        -- identifiers
        external_ref                                     as external_ref,
        status::boolean                                  as is_active,
        source                                           as payment_source,
        (upper(trim(chargeback)) = 'TRUE')::boolean       as has_chargebac
    from source
)

select * from renamed
  )
/* {"app": "dbt", "dbt_version": "1.11.6", "profile_name": "deel", "target_name": "dev", "node_id": "model.deel.stg_globepay__chargeback"} */;
[0m19:26:00.092831 [debug] [Thread-2 (]: On model.deel.stg_globepay__acceptance: create or replace   view DEEL.staging.stg_globepay__acceptance
  
  
  
  
  as (
    -- models/staging/stg_globepay_acceptance.sql
--
-- Cleans and type-casts the raw Globepay Acceptance Report.
-- One row per transaction attempt.

with source as (
    select * from DEEL.RAW.globepay_acceptance
),

renamed as (
    select
        -- identifiers
        external_ref                                     as external_ref,
        ref                                              as merchant_ref,

        -- metadata
        status::boolean                                  as is_active,
        source                                           as payment_source,

        -- temporal
        to_timestamp_ntz(date_time)                      as transaction_at,
        date_trunc('month', transaction_at)              as transaction_month,

        -- transaction details
        upper(trim(state))                               as state,
        (upper(trim(state)) = 'ACCEPTED')::boolean       as is_accepted,
        amount::float                                    as amount,
        upper(trim(currency))                            as currency,
        upper(trim(country))                             as country,
        cvv_provided::boolean                            as cvv_provided,

        -- exchange rates stored as JSON string → parse key fields
        try_parse_json(rates)                            as rates_json,
         -- derived: normalise amount to USD
        case currency
            when 'USD' then amount
            when 'EUR' then amount / nullif(rates_json['EUR']::float, 0)
            when 'GBP' then amount / nullif(rates_json['GBP']::float, 0)
            when 'CAD' then amount / nullif(rates_json['CAD']::float, 0)
            when 'MXN' then amount / nullif(rates_json['MXN']::float, 0)
            else null
        end                                              as amount_usd

    from source
)

select * from renamed
  )
/* {"app": "dbt", "dbt_version": "1.11.6", "profile_name": "deel", "target_name": "dev", "node_id": "model.deel.stg_globepay__acceptance"} */;
[0m19:26:00.367005 [debug] [Thread-3 (]: SQL status: SUCCESS 1 in 0.274 seconds
[0m19:26:00.396474 [debug] [Thread-3 (]: Sending event: {'category': 'dbt', 'action': 'run_model', 'label': '0e124a25-a7c5-4a7c-a9f9-32024c0227c8', 'context': [<snowplow_tracker.self_describing_json.SelfDescribingJson object at 0x10bc68590>]}
[0m19:26:00.397088 [info ] [Thread-3 (]: 2 of 6 OK created sql view model staging.stg_globepay__chargeback .............. [[32mSUCCESS 1[0m in 0.35s]
[0m19:26:00.397608 [debug] [Thread-3 (]: Finished running node model.deel.stg_globepay__chargeback
[0m19:26:00.432105 [debug] [Thread-2 (]: SQL status: SUCCESS 1 in 0.339 seconds
[0m19:26:00.434464 [debug] [Thread-2 (]: Sending event: {'category': 'dbt', 'action': 'run_model', 'label': '0e124a25-a7c5-4a7c-a9f9-32024c0227c8', 'context': [<snowplow_tracker.self_describing_json.SelfDescribingJson object at 0x10bbee570>]}
[0m19:26:00.435064 [info ] [Thread-2 (]: 1 of 6 OK created sql view model staging.stg_globepay__acceptance .............. [[32mSUCCESS 1[0m in 0.39s]
[0m19:26:00.435558 [debug] [Thread-2 (]: Finished running node model.deel.stg_globepay__acceptance
[0m19:26:00.436366 [debug] [Thread-5 (]: Began running node model.deel.agg_globepay__declined_by_country
[0m19:26:00.436677 [debug] [Thread-2 (]: Began running node model.deel.fct_globepay__transactions
[0m19:26:00.436919 [debug] [Thread-3 (]: Began running node model.deel.fct_globepay__missing_chargebacks
[0m19:26:00.437157 [debug] [Thread-4 (]: Began running node model.deel.agg_globepay__acceptance_by_month
[0m19:26:00.437490 [info ] [Thread-5 (]: 4 of 6 START sql view model PUBLIC.agg_globepay__declined_by_country ........... [RUN]
[0m19:26:00.437922 [info ] [Thread-2 (]: 6 of 6 START sql view model PUBLIC.fct_globepay__transactions .................. [RUN]
[0m19:26:00.438384 [info ] [Thread-3 (]: 5 of 6 START sql view model PUBLIC.fct_globepay__missing_chargebacks ........... [RUN]
[0m19:26:00.438777 [info ] [Thread-4 (]: 3 of 6 START sql view model PUBLIC.agg_globepay__acceptance_by_month ........... [RUN]
[0m19:26:00.439189 [debug] [Thread-5 (]: Acquiring new snowflake connection 'model.deel.agg_globepay__declined_by_country'
[0m19:26:00.439457 [debug] [Thread-2 (]: Re-using an available connection from the pool (formerly model.deel.stg_globepay__acceptance, now model.deel.fct_globepay__transactions)
[0m19:26:00.439711 [debug] [Thread-3 (]: Re-using an available connection from the pool (formerly model.deel.stg_globepay__chargeback, now model.deel.fct_globepay__missing_chargebacks)
[0m19:26:00.440016 [debug] [Thread-4 (]: Acquiring new snowflake connection 'model.deel.agg_globepay__acceptance_by_month'
[0m19:26:00.440273 [debug] [Thread-5 (]: Began compiling node model.deel.agg_globepay__declined_by_country
[0m19:26:00.440516 [debug] [Thread-2 (]: Began compiling node model.deel.fct_globepay__transactions
[0m19:26:00.440751 [debug] [Thread-3 (]: Began compiling node model.deel.fct_globepay__missing_chargebacks
[0m19:26:00.440978 [debug] [Thread-4 (]: Began compiling node model.deel.agg_globepay__acceptance_by_month
[0m19:26:00.443970 [debug] [Thread-5 (]: Writing injected SQL for node "model.deel.agg_globepay__declined_by_country"
[0m19:26:00.445981 [debug] [Thread-2 (]: Writing injected SQL for node "model.deel.fct_globepay__transactions"
[0m19:26:00.448353 [debug] [Thread-3 (]: Writing injected SQL for node "model.deel.fct_globepay__missing_chargebacks"
[0m19:26:00.450058 [debug] [Thread-4 (]: Writing injected SQL for node "model.deel.agg_globepay__acceptance_by_month"
[0m19:26:00.450760 [debug] [Thread-4 (]: Began executing node model.deel.agg_globepay__acceptance_by_month
[0m19:26:00.450986 [debug] [Thread-5 (]: Began executing node model.deel.agg_globepay__declined_by_country
[0m19:26:00.451191 [debug] [Thread-2 (]: Began executing node model.deel.fct_globepay__transactions
[0m19:26:00.452556 [debug] [Thread-4 (]: Writing runtime sql for node "model.deel.agg_globepay__acceptance_by_month"
[0m19:26:00.452783 [debug] [Thread-3 (]: Began executing node model.deel.fct_globepay__missing_chargebacks
[0m19:26:00.454241 [debug] [Thread-5 (]: Writing runtime sql for node "model.deel.agg_globepay__declined_by_country"
[0m19:26:00.455450 [debug] [Thread-2 (]: Writing runtime sql for node "model.deel.fct_globepay__transactions"
[0m19:26:00.456857 [debug] [Thread-3 (]: Writing runtime sql for node "model.deel.fct_globepay__missing_chargebacks"
[0m19:26:00.457703 [debug] [Thread-5 (]: Using snowflake connection "model.deel.agg_globepay__declined_by_country"
[0m19:26:00.457936 [debug] [Thread-5 (]: On model.deel.agg_globepay__declined_by_country: create or replace   view DEEL.PUBLIC.agg_globepay__declined_by_country
  
  
  
  
  as (
    -- models/marts/agg_globepay__declined_by_country.sql
--
-- Total declined transaction value by country (USD).
-- Answers Q2: "Countries where declined transactions went over $25M"

with base as (
    select * from DEEL.staging.stg_globepay__acceptance
),

by_country as (
    select
        country,
        count(*) as total_transactions,
        sum(is_declined::int) as declined_transactions,
        round(sum(case when is_declined then amount_usd end), 2) as declined_amount_usd,
        round(sum(is_declined::int)::float / nullif(count(*), 0) * 100, 2) as decline_rate_pct
    from base
    group by 1
),

flagged as (
    select
        *,
        (declined_amount_usd > 25000000) as exceeds_25m_threshold
    from by_country
    order by declined_amount_usd desc
)

select * from flagged
  )
/* {"app": "dbt", "dbt_version": "1.11.6", "profile_name": "deel", "target_name": "dev", "node_id": "model.deel.agg_globepay__declined_by_country"} */;
[0m19:26:00.458153 [debug] [Thread-5 (]: Opening a new connection, currently in state init
[0m19:26:00.458743 [debug] [Thread-4 (]: Using snowflake connection "model.deel.agg_globepay__acceptance_by_month"
[0m19:26:00.459542 [debug] [Thread-3 (]: Using snowflake connection "model.deel.fct_globepay__missing_chargebacks"
[0m19:26:00.460422 [debug] [Thread-2 (]: Using snowflake connection "model.deel.fct_globepay__transactions"
[0m19:26:00.460703 [debug] [Thread-4 (]: On model.deel.agg_globepay__acceptance_by_month: create or replace   view DEEL.PUBLIC.agg_globepay__acceptance_by_month
  
  
  
  
  as (
    -- models/marts/agg_globepay__acceptance_by_month.sql
--
-- Monthly acceptance rate summary.
-- Answers Q1: "What is the acceptance rate over time?"

with base as (
    select * from DEEL.staging.stg_globepay__acceptance
),

monthly as (
    select
        transaction_month,
        count(*) as total_transactions,
        sum(is_accepted) as accepted_transactions,
        round(sum(is_accepted) / count(*) * 100, 2) as acceptance_rate_pct,
        sum(amount_usd) as total_amount_usd,
        sum(case when is_accepted then amount_usd end) as accepted_amount_usd,
        sum(case when not is_accepted then amount_usd end) as declined_amount_usd
    from base
    group by 1
)

select * from monthly
  )
/* {"app": "dbt", "dbt_version": "1.11.6", "profile_name": "deel", "target_name": "dev", "node_id": "model.deel.agg_globepay__acceptance_by_month"} */;
[0m19:26:00.460997 [debug] [Thread-3 (]: On model.deel.fct_globepay__missing_chargebacks: create or replace   view DEEL.PUBLIC.fct_globepay__missing_chargebacks
  
  
  
  
  as (
    -- models/marts/fct_globepay__missing_chargebacks.sql
--
-- Transactions where chargeback data is absent.
-- Answers Q3: "Which transactions are missing chargeback data?"
--
-- NOTE: In the current dataset all transactions are present in both
-- the acceptance and chargeback reports (0 missing). This model
-- will remain empty but will surface any future gaps automatically.

select
    external_ref,
    merchant_ref,
    transaction_at,
    country,
    amount,
    amount_usd,
    state,
    is_accepted
from DEEL.staging.stg_globepay__acceptance
where is_missing_chargeback_data = true
order by transaction_at
  )
/* {"app": "dbt", "dbt_version": "1.11.6", "profile_name": "deel", "target_name": "dev", "node_id": "model.deel.fct_globepay__missing_chargebacks"} */;
[0m19:26:00.461384 [debug] [Thread-2 (]: On model.deel.fct_globepay__transactions: create or replace   view DEEL.PUBLIC.fct_globepay__transactions
  
  
  
  
  as (
    -- models/marts/fct_globepay__transactions.sql
--
-- Production fact table joining acceptance + chargeback data.
-- Grain: one row per transaction (external_ref).
-- Use this model to answer questions about acceptance rates,
-- declined amounts by country, and chargeback coverage.

with acceptance as (
    select * from DEEL.staging.stg_globepay__acceptance
),

chargeback as (
    select * from DEEL.staging.stg_globepay__chargeback
),

joined as (
    select
        -- identifiers
        a.external_ref,
        a.merchant_ref,
        -- dimensions
        a.transaction_at,
        a.transaction_month,
        date_trunc('week',  a.transaction_at)   as transaction_week,
        date_trunc('day',   a.transaction_at)   as transaction_date,
        year(a.transaction_at)                  as transaction_year,
        month(a.transaction_at)                 as transaction_month_num,
        a.country,
        a.currency,
        a.payment_source,
        a.cvv_provided,
        -- transaction outcome
        a.state,
        a.is_accepted,
        (not a.is_accepted)                     as is_declined,
        -- amounts 
        a.amount,
        a.amount_usd,
        -- exchange rates
        a.rate_usd,
        a.rate_eur,
        a.rate_gbp,
        a.rate_cad,
        a.rate_mxn,
        -- chargeback
        c.has_chargeback,
        -- flag rows where chargeback data is absent (left-join guard)
        (c.external_ref is null)                as is_missing_chargeback_data
    
    from acceptance a
    left join chargeback c
        on a.external_ref = c.external_ref
)

select * from joined
  )
/* {"app": "dbt", "dbt_version": "1.11.6", "profile_name": "deel", "target_name": "dev", "node_id": "model.deel.fct_globepay__transactions"} */;
[0m19:26:00.462024 [debug] [Thread-4 (]: Opening a new connection, currently in state init
[0m19:26:00.756970 [debug] [Thread-3 (]: Snowflake adapter: Snowflake query id: 01c291e2-0303-c05a-0000-000520fb86f5
[0m19:26:00.757473 [debug] [Thread-3 (]: Snowflake adapter: Snowflake error: 000904 (42000): SQL compilation error: error line 26 at position 6
invalid identifier 'IS_MISSING_CHARGEBACK_DATA'
[0m19:26:00.763835 [debug] [Thread-3 (]: Database Error in model fct_globepay__missing_chargebacks (models/marts/fct_globepay__missing_chargebacks.sql)
  000904 (42000): SQL compilation error: error line 26 at position 6
  invalid identifier 'IS_MISSING_CHARGEBACK_DATA'
  compiled code at target/run/deel/models/marts/fct_globepay__missing_chargebacks.sql
[0m19:26:00.764292 [debug] [Thread-3 (]: Sending event: {'category': 'dbt', 'action': 'run_model', 'label': '0e124a25-a7c5-4a7c-a9f9-32024c0227c8', 'context': [<snowplow_tracker.self_describing_json.SelfDescribingJson object at 0x10bd027b0>]}
[0m19:26:00.764825 [error] [Thread-3 (]: 5 of 6 ERROR creating sql view model PUBLIC.fct_globepay__missing_chargebacks .. [[31mERROR[0m in 0.32s]
[0m19:26:00.765264 [debug] [Thread-3 (]: Finished running node model.deel.fct_globepay__missing_chargebacks
[0m19:26:00.765645 [debug] [Thread-8 (]: Marking all children of 'model.deel.fct_globepay__missing_chargebacks' to be skipped because of status 'error'.  Reason: Database Error in model fct_globepay__missing_chargebacks (models/marts/fct_globepay__missing_chargebacks.sql)
  000904 (42000): SQL compilation error: error line 26 at position 6
  invalid identifier 'IS_MISSING_CHARGEBACK_DATA'
  compiled code at target/run/deel/models/marts/fct_globepay__missing_chargebacks.sql.
[0m19:26:00.893811 [debug] [Thread-2 (]: Snowflake adapter: Snowflake query id: 01c291e2-0303-c05a-0000-000520fb86f1
[0m19:26:00.894551 [debug] [Thread-2 (]: Snowflake adapter: Snowflake error: 000904 (42000): SQL compilation error: error line 46 at position 8
invalid identifier 'A.RATE_USD'
[0m19:26:00.901581 [debug] [Thread-2 (]: Database Error in model fct_globepay__transactions (models/marts/fct_globepay__transactions.sql)
  000904 (42000): SQL compilation error: error line 46 at position 8
  invalid identifier 'A.RATE_USD'
  compiled code at target/run/deel/models/marts/fct_globepay__transactions.sql
[0m19:26:00.902263 [debug] [Thread-2 (]: Sending event: {'category': 'dbt', 'action': 'run_model', 'label': '0e124a25-a7c5-4a7c-a9f9-32024c0227c8', 'context': [<snowplow_tracker.self_describing_json.SelfDescribingJson object at 0x10bacff50>]}
[0m19:26:00.902936 [error] [Thread-2 (]: 6 of 6 ERROR creating sql view model PUBLIC.fct_globepay__transactions ......... [[31mERROR[0m in 0.46s]
[0m19:26:00.903495 [debug] [Thread-2 (]: Finished running node model.deel.fct_globepay__transactions
[0m19:26:00.903906 [debug] [Thread-8 (]: Marking all children of 'model.deel.fct_globepay__transactions' to be skipped because of status 'error'.  Reason: Database Error in model fct_globepay__transactions (models/marts/fct_globepay__transactions.sql)
  000904 (42000): SQL compilation error: error line 46 at position 8
  invalid identifier 'A.RATE_USD'
  compiled code at target/run/deel/models/marts/fct_globepay__transactions.sql.
[0m19:26:01.270605 [debug] [Thread-5 (]: Snowflake adapter: Snowflake query id: 01c291e2-0303-bf4b-0000-000520fb95d1
[0m19:26:01.271555 [debug] [Thread-5 (]: Snowflake adapter: Snowflake error: 000904 (42000): SQL compilation error: error line 20 at position 12
invalid identifier 'IS_DECLINED'
[0m19:26:01.279459 [debug] [Thread-5 (]: Database Error in model agg_globepay__declined_by_country (models/marts/agg_globepay__declined_by_country.sql)
  000904 (42000): SQL compilation error: error line 20 at position 12
  invalid identifier 'IS_DECLINED'
  compiled code at target/run/deel/models/marts/agg_globepay__declined_by_country.sql
[0m19:26:01.280267 [debug] [Thread-5 (]: Sending event: {'category': 'dbt', 'action': 'run_model', 'label': '0e124a25-a7c5-4a7c-a9f9-32024c0227c8', 'context': [<snowplow_tracker.self_describing_json.SelfDescribingJson object at 0x10b6cd400>]}
[0m19:26:01.281169 [error] [Thread-5 (]: 4 of 6 ERROR creating sql view model PUBLIC.agg_globepay__declined_by_country .. [[31mERROR[0m in 0.84s]
[0m19:26:01.281864 [debug] [Thread-5 (]: Finished running node model.deel.agg_globepay__declined_by_country
[0m19:26:01.282446 [debug] [Thread-8 (]: Marking all children of 'model.deel.agg_globepay__declined_by_country' to be skipped because of status 'error'.  Reason: Database Error in model agg_globepay__declined_by_country (models/marts/agg_globepay__declined_by_country.sql)
  000904 (42000): SQL compilation error: error line 20 at position 12
  invalid identifier 'IS_DECLINED'
  compiled code at target/run/deel/models/marts/agg_globepay__declined_by_country.sql.
[0m19:26:01.395013 [debug] [Thread-4 (]: Snowflake adapter: Snowflake query id: 01c291e2-0303-c05a-0000-000520fb86f9
[0m19:26:01.395860 [debug] [Thread-4 (]: Snowflake adapter: Snowflake error: 001044 (42P13): SQL compilation error: error line 20 at position 8
Invalid argument types for function 'SUM': (BOOLEAN)
[0m19:26:01.409702 [debug] [Thread-4 (]: Database Error in model agg_globepay__acceptance_by_month (models/marts/agg_globepay__acceptance_by_month.sql)
  001044 (42P13): SQL compilation error: error line 20 at position 8
  Invalid argument types for function 'SUM': (BOOLEAN)
  compiled code at target/run/deel/models/marts/agg_globepay__acceptance_by_month.sql
[0m19:26:01.410800 [debug] [Thread-4 (]: Sending event: {'category': 'dbt', 'action': 'run_model', 'label': '0e124a25-a7c5-4a7c-a9f9-32024c0227c8', 'context': [<snowplow_tracker.self_describing_json.SelfDescribingJson object at 0x10bd91430>]}
[0m19:26:01.412079 [error] [Thread-4 (]: 3 of 6 ERROR creating sql view model PUBLIC.agg_globepay__acceptance_by_month .. [[31mERROR[0m in 0.97s]
[0m19:26:01.413054 [debug] [Thread-4 (]: Finished running node model.deel.agg_globepay__acceptance_by_month
[0m19:26:01.413661 [debug] [Thread-8 (]: Marking all children of 'model.deel.agg_globepay__acceptance_by_month' to be skipped because of status 'error'.  Reason: Database Error in model agg_globepay__acceptance_by_month (models/marts/agg_globepay__acceptance_by_month.sql)
  001044 (42P13): SQL compilation error: error line 20 at position 8
  Invalid argument types for function 'SUM': (BOOLEAN)
  compiled code at target/run/deel/models/marts/agg_globepay__acceptance_by_month.sql.
[0m19:26:01.415278 [debug] [MainThread]: Connection 'master' was properly closed.
[0m19:26:01.415727 [debug] [MainThread]: Connection 'model.deel.fct_globepay__transactions' was left open.
[0m19:26:01.416053 [debug] [MainThread]: On model.deel.fct_globepay__transactions: Close
[0m19:26:01.830237 [debug] [MainThread]: Connection 'model.deel.fct_globepay__missing_chargebacks' was left open.
[0m19:26:01.831187 [debug] [MainThread]: On model.deel.fct_globepay__missing_chargebacks: Close
[0m19:26:02.120921 [debug] [MainThread]: Connection 'model.deel.agg_globepay__declined_by_country' was left open.
[0m19:26:02.121823 [debug] [MainThread]: On model.deel.agg_globepay__declined_by_country: Close
[0m19:26:02.427168 [debug] [MainThread]: Connection 'model.deel.agg_globepay__acceptance_by_month' was left open.
[0m19:26:02.427950 [debug] [MainThread]: On model.deel.agg_globepay__acceptance_by_month: Close
[0m19:26:02.733512 [info ] [MainThread]: 
[0m19:26:02.734432 [info ] [MainThread]: Finished running 6 view models in 0 hours 0 minutes and 5.02 seconds (5.02s).
[0m19:26:02.736276 [debug] [MainThread]: Command end result
[0m19:26:02.766102 [debug] [MainThread]: Wrote artifact WritableManifest to /Users/natanmatos/Documents/deel/deel_chlg/target/manifest.json
[0m19:26:02.767753 [debug] [MainThread]: Wrote artifact SemanticManifest to /Users/natanmatos/Documents/deel/deel_chlg/target/semantic_manifest.json
[0m19:26:02.772721 [debug] [MainThread]: Wrote artifact RunExecutionResult to /Users/natanmatos/Documents/deel/deel_chlg/target/run_results.json
[0m19:26:02.772972 [info ] [MainThread]: 
[0m19:26:02.773224 [info ] [MainThread]: [31mCompleted with 4 errors, 0 partial successes, and 0 warnings:[0m
[0m19:26:02.773433 [info ] [MainThread]: 
[0m19:26:02.773686 [error] [MainThread]: [31mFailure in model fct_globepay__missing_chargebacks (models/marts/fct_globepay__missing_chargebacks.sql)[0m
[0m19:26:02.773930 [error] [MainThread]:   Database Error in model fct_globepay__missing_chargebacks (models/marts/fct_globepay__missing_chargebacks.sql)
  000904 (42000): SQL compilation error: error line 26 at position 6
  invalid identifier 'IS_MISSING_CHARGEBACK_DATA'
  compiled code at target/run/deel/models/marts/fct_globepay__missing_chargebacks.sql
[0m19:26:02.774115 [info ] [MainThread]: 
[0m19:26:02.774332 [info ] [MainThread]:   compiled code at target/compiled/deel/models/marts/fct_globepay__missing_chargebacks.sql
[0m19:26:02.774514 [info ] [MainThread]: 
[0m19:26:02.774733 [error] [MainThread]: [31mFailure in model fct_globepay__transactions (models/marts/fct_globepay__transactions.sql)[0m
[0m19:26:02.774957 [error] [MainThread]:   Database Error in model fct_globepay__transactions (models/marts/fct_globepay__transactions.sql)
  000904 (42000): SQL compilation error: error line 46 at position 8
  invalid identifier 'A.RATE_USD'
  compiled code at target/run/deel/models/marts/fct_globepay__transactions.sql
[0m19:26:02.775130 [info ] [MainThread]: 
[0m19:26:02.775335 [info ] [MainThread]:   compiled code at target/compiled/deel/models/marts/fct_globepay__transactions.sql
[0m19:26:02.775496 [info ] [MainThread]: 
[0m19:26:02.775694 [error] [MainThread]: [31mFailure in model agg_globepay__declined_by_country (models/marts/agg_globepay__declined_by_country.sql)[0m
[0m19:26:02.775902 [error] [MainThread]:   Database Error in model agg_globepay__declined_by_country (models/marts/agg_globepay__declined_by_country.sql)
  000904 (42000): SQL compilation error: error line 20 at position 12
  invalid identifier 'IS_DECLINED'
  compiled code at target/run/deel/models/marts/agg_globepay__declined_by_country.sql
[0m19:26:02.776064 [info ] [MainThread]: 
[0m19:26:02.776320 [info ] [MainThread]:   compiled code at target/compiled/deel/models/marts/agg_globepay__declined_by_country.sql
[0m19:26:02.776509 [info ] [MainThread]: 
[0m19:26:02.776725 [error] [MainThread]: [31mFailure in model agg_globepay__acceptance_by_month (models/marts/agg_globepay__acceptance_by_month.sql)[0m
[0m19:26:02.776946 [error] [MainThread]:   Database Error in model agg_globepay__acceptance_by_month (models/marts/agg_globepay__acceptance_by_month.sql)
  001044 (42P13): SQL compilation error: error line 20 at position 8
  Invalid argument types for function 'SUM': (BOOLEAN)
  compiled code at target/run/deel/models/marts/agg_globepay__acceptance_by_month.sql
[0m19:26:02.777114 [info ] [MainThread]: 
[0m19:26:02.777310 [info ] [MainThread]:   compiled code at target/compiled/deel/models/marts/agg_globepay__acceptance_by_month.sql
[0m19:26:02.777472 [info ] [MainThread]: 
[0m19:26:02.777759 [info ] [MainThread]: Done. PASS=2 WARN=0 ERROR=4 SKIP=0 NO-OP=0 TOTAL=6
[0m19:26:02.780319 [debug] [MainThread]: Resource report: {"command_name": "run", "command_success": false, "command_wall_clock_time": 5.583044, "process_in_blocks": "0", "process_kernel_time": 0.239406, "process_mem_max_rss": "177029120", "process_out_blocks": "0", "process_user_time": 1.558174}
[0m19:26:02.780710 [debug] [MainThread]: Command `dbt run` failed at 19:26:02.780648 after 5.58 seconds
[0m19:26:02.780978 [debug] [MainThread]: Sending event: {'category': 'dbt', 'action': 'invocation', 'label': 'end', 'context': [<snowplow_tracker.self_describing_json.SelfDescribingJson object at 0x1089a8650>, <snowplow_tracker.self_describing_json.SelfDescribingJson object at 0x10bbbb6b0>, <snowplow_tracker.self_describing_json.SelfDescribingJson object at 0x10bbb8830>]}
[0m19:26:02.781210 [debug] [MainThread]: Flushing usage events
[0m19:26:03.609558 [debug] [MainThread]: An error was encountered while trying to flush usage events
[0m19:29:39.023641 [debug] [MainThread]: Sending event: {'category': 'dbt', 'action': 'invocation', 'label': 'start', 'context': [<snowplow_tracker.self_describing_json.SelfDescribingJson object at 0x10a9902f0>, <snowplow_tracker.self_describing_json.SelfDescribingJson object at 0x10ba7b750>, <snowplow_tracker.self_describing_json.SelfDescribingJson object at 0x10ba7b9d0>]}


============================== 19:29:39.026015 | ef78d2f9-7673-411c-8a04-b52d6641e8e7 ==============================
[0m19:29:39.026015 [info ] [MainThread]: Running with dbt=1.11.6
[0m19:29:39.026296 [debug] [MainThread]: running dbt with arguments {'partial_parse': 'True', 'log_cache_events': 'False', 'empty': 'False', 'debug': 'False', 'send_anonymous_usage_stats': 'True', 'fail_fast': 'False', 'version_check': 'True', 'log_format': 'default', 'warn_error': 'None', 'profiles_dir': '/Users/natanmatos/.dbt', 'no_print': 'None', 'use_experimental_parser': 'False', 'static_parser': 'True', 'warn_error_options': 'WarnErrorOptionsV2(error=[], warn=[], silence=[])', 'log_path': '/Users/natanmatos/Documents/deel/deel_chlg/logs', 'target_path': 'None', 'use_colors': 'True', 'cache_selected_only': 'False', 'invocation_command': 'dbt run', 'indirect_selection': 'eager', 'printer_width': '80', 'write_json': 'True', 'quiet': 'False', 'introspect': 'True'}
[0m19:29:39.154070 [debug] [MainThread]: Snowflake adapter: Setting snowflake.connector to ERROR (file logging only)
[0m19:29:39.154306 [debug] [MainThread]: Snowflake adapter: Setting botocore to ERROR (file logging only)
[0m19:29:39.154434 [debug] [MainThread]: Snowflake adapter: Setting boto3 to ERROR (file logging only)
[0m19:29:39.225426 [debug] [MainThread]: Sending event: {'category': 'dbt', 'action': 'project_id', 'label': 'ef78d2f9-7673-411c-8a04-b52d6641e8e7', 'context': [<snowplow_tracker.self_describing_json.SelfDescribingJson object at 0x10ada8fc0>]}
[0m19:29:39.252021 [debug] [MainThread]: Sending event: {'category': 'dbt', 'action': 'adapter_info', 'label': 'ef78d2f9-7673-411c-8a04-b52d6641e8e7', 'context': [<snowplow_tracker.self_describing_json.SelfDescribingJson object at 0x10c6e68b0>]}
[0m19:29:39.252475 [info ] [MainThread]: Registered adapter: snowflake=1.11.2
[0m19:29:39.304039 [debug] [MainThread]: checksum: ec27062d18352e9cfca161c166fcc73d2201661a23a3cf3c89196a27f32cfcb8, vars: {}, profile: , target: , version: 1.11.6
[0m19:29:39.342475 [info ] [MainThread]: Unable to do partial parsing because a project config has changed
[0m19:29:39.342768 [debug] [MainThread]: Sending event: {'category': 'dbt', 'action': 'partial_parser', 'label': 'ef78d2f9-7673-411c-8a04-b52d6641e8e7', 'context': [<snowplow_tracker.self_describing_json.SelfDescribingJson object at 0x10c6c7350>]}
[0m19:29:39.827063 [debug] [MainThread]: Sending event: {'category': 'dbt', 'action': 'load_project', 'label': 'ef78d2f9-7673-411c-8a04-b52d6641e8e7', 'context': [<snowplow_tracker.self_describing_json.SelfDescribingJson object at 0x10c737980>]}
[0m19:29:39.856970 [debug] [MainThread]: Wrote artifact WritableManifest to /Users/natanmatos/Documents/deel/deel_chlg/target/manifest.json
[0m19:29:39.857921 [debug] [MainThread]: Wrote artifact SemanticManifest to /Users/natanmatos/Documents/deel/deel_chlg/target/semantic_manifest.json
[0m19:29:39.864867 [debug] [MainThread]: Sending event: {'category': 'dbt', 'action': 'resource_counts', 'label': 'ef78d2f9-7673-411c-8a04-b52d6641e8e7', 'context': [<snowplow_tracker.self_describing_json.SelfDescribingJson object at 0x10d998bb0>]}
[0m19:29:39.865083 [info ] [MainThread]: Found 6 models, 2 sources, 523 macros
[0m19:29:39.865232 [debug] [MainThread]: Sending event: {'category': 'dbt', 'action': 'runnable_timing', 'label': 'ef78d2f9-7673-411c-8a04-b52d6641e8e7', 'context': [<snowplow_tracker.self_describing_json.SelfDescribingJson object at 0x10d9f58b0>]}
[0m19:29:39.866330 [info ] [MainThread]: 
[0m19:29:39.866495 [info ] [MainThread]: Concurrency: 4 threads (target='dev')
[0m19:29:39.866619 [info ] [MainThread]: 
[0m19:29:39.866847 [debug] [MainThread]: Acquiring new snowflake connection 'master'
[0m19:29:39.868858 [debug] [ThreadPool]: Acquiring new snowflake connection 'list_DEEL'
[0m19:29:39.869100 [debug] [ThreadPool]: Acquiring new snowflake connection 'list_DEEL'
[0m19:29:39.894900 [debug] [ThreadPool]: Using snowflake connection "list_DEEL"
[0m19:29:39.895184 [debug] [ThreadPool]: Using snowflake connection "list_DEEL"
[0m19:29:39.895356 [debug] [ThreadPool]: On list_DEEL: show terse schemas in database DEEL
    limit 10000
/* {"app": "dbt", "dbt_version": "1.11.6", "profile_name": "deel", "target_name": "dev", "connection_name": "list_DEEL"} */
[0m19:29:39.895540 [debug] [ThreadPool]: On list_DEEL: show terse schemas in database DEEL
    limit 10000
/* {"app": "dbt", "dbt_version": "1.11.6", "profile_name": "deel", "target_name": "dev", "connection_name": "list_DEEL"} */
[0m19:29:39.895673 [debug] [ThreadPool]: Opening a new connection, currently in state init
[0m19:29:39.895790 [debug] [ThreadPool]: Opening a new connection, currently in state init
[0m19:29:40.986837 [debug] [ThreadPool]: SQL status: SUCCESS 4 in 1.091 seconds
[0m19:29:41.000033 [debug] [ThreadPool]: SQL status: SUCCESS 4 in 1.104 seconds
[0m19:29:41.001916 [debug] [ThreadPool]: Re-using an available connection from the pool (formerly list_DEEL, now list_DEEL_analytics)
[0m19:29:41.009383 [debug] [ThreadPool]: Re-using an available connection from the pool (formerly list_DEEL, now list_DEEL_staging)
[0m19:29:41.014376 [debug] [ThreadPool]: Using snowflake connection "list_DEEL_analytics"
[0m19:29:41.015572 [debug] [ThreadPool]: Using snowflake connection "list_DEEL_staging"
[0m19:29:41.015779 [debug] [ThreadPool]: On list_DEEL_analytics: show objects in DEEL.analytics
    limit 10000
    

/* {"app": "dbt", "dbt_version": "1.11.6", "profile_name": "deel", "target_name": "dev", "connection_name": "list_DEEL_analytics"} */;
[0m19:29:41.015962 [debug] [ThreadPool]: On list_DEEL_staging: show objects in DEEL.staging
    limit 10000
    

/* {"app": "dbt", "dbt_version": "1.11.6", "profile_name": "deel", "target_name": "dev", "connection_name": "list_DEEL_staging"} */;
[0m19:29:41.185171 [debug] [ThreadPool]: SQL status: SUCCESS 0 in 0.169 seconds
[0m19:29:41.201998 [debug] [ThreadPool]: SQL status: SUCCESS 2 in 0.186 seconds
[0m19:29:41.204705 [debug] [MainThread]: Sending event: {'category': 'dbt', 'action': 'runnable_timing', 'label': 'ef78d2f9-7673-411c-8a04-b52d6641e8e7', 'context': [<snowplow_tracker.self_describing_json.SelfDescribingJson object at 0x10cf1eb10>]}
[0m19:29:41.207111 [debug] [Thread-2 (]: Began running node model.deel.stg_globepay__acceptance
[0m19:29:41.207482 [debug] [Thread-3 (]: Began running node model.deel.stg_globepay__chargeback
[0m19:29:41.207988 [info ] [Thread-2 (]: 1 of 6 START sql view model staging.stg_globepay__acceptance ................... [RUN]
[0m19:29:41.208812 [debug] [Thread-2 (]: Re-using an available connection from the pool (formerly list_DEEL_analytics, now model.deel.stg_globepay__acceptance)
[0m19:29:41.208407 [info ] [Thread-3 (]: 2 of 6 START sql view model staging.stg_globepay__chargeback ................... [RUN]
[0m19:29:41.209221 [debug] [Thread-2 (]: Began compiling node model.deel.stg_globepay__acceptance
[0m19:29:41.209538 [debug] [Thread-3 (]: Re-using an available connection from the pool (formerly list_DEEL_staging, now model.deel.stg_globepay__chargeback)
[0m19:29:41.216341 [debug] [Thread-2 (]: Writing injected SQL for node "model.deel.stg_globepay__acceptance"
[0m19:29:41.216635 [debug] [Thread-3 (]: Began compiling node model.deel.stg_globepay__chargeback
[0m19:29:41.218464 [debug] [Thread-3 (]: Writing injected SQL for node "model.deel.stg_globepay__chargeback"
[0m19:29:41.219125 [debug] [Thread-2 (]: Began executing node model.deel.stg_globepay__acceptance
[0m19:29:41.219372 [debug] [Thread-3 (]: Began executing node model.deel.stg_globepay__chargeback
[0m19:29:41.244089 [debug] [Thread-2 (]: Writing runtime sql for node "model.deel.stg_globepay__acceptance"
[0m19:29:41.244447 [debug] [Thread-3 (]: Writing runtime sql for node "model.deel.stg_globepay__chargeback"
[0m19:29:41.245713 [debug] [Thread-2 (]: Using snowflake connection "model.deel.stg_globepay__acceptance"
[0m19:29:41.246298 [debug] [Thread-3 (]: Using snowflake connection "model.deel.stg_globepay__chargeback"
[0m19:29:41.246531 [debug] [Thread-2 (]: On model.deel.stg_globepay__acceptance: create or replace   view DEEL.staging.stg_globepay__acceptance
  
  
  
  
  as (
    -- models/staging/stg_globepay_acceptance.sql
--
-- Cleans and type-casts the raw Globepay Acceptance Report.
-- One row per transaction attempt.

with source as (
    select * from DEEL.RAW.globepay_acceptance
),

renamed as (
    select
        -- identifiers
        external_ref                                     as external_ref,
        ref                                              as merchant_ref,

        -- metadata
        status::boolean                                  as is_active,
        source                                           as payment_source,

        -- temporal
        to_timestamp_ntz(date_time)                      as transaction_at,
        date_trunc('month', transaction_at)              as transaction_month,

        -- transaction details
        upper(trim(state))                               as state,
        (upper(trim(state)) = 'ACCEPTED')::boolean       as is_accepted,
        amount::float                                    as amount,
        upper(trim(currency))                            as currency,
        upper(trim(country))                             as country,
        cvv_provided::boolean                            as cvv_provided,

        -- exchange rates stored as JSON string → parse key fields
        try_parse_json(rates)                            as rates_json,
         -- derived: normalise amount to USD
        case currency
            when 'USD' then amount
            when 'EUR' then amount / nullif(rates_json['EUR']::float, 0)
            when 'GBP' then amount / nullif(rates_json['GBP']::float, 0)
            when 'CAD' then amount / nullif(rates_json['CAD']::float, 0)
            when 'MXN' then amount / nullif(rates_json['MXN']::float, 0)
            else null
        end                                              as amount_usd

    from source
)

select * from renamed
  )
/* {"app": "dbt", "dbt_version": "1.11.6", "profile_name": "deel", "target_name": "dev", "node_id": "model.deel.stg_globepay__acceptance"} */;
[0m19:29:41.246775 [debug] [Thread-3 (]: On model.deel.stg_globepay__chargeback: create or replace   view DEEL.staging.stg_globepay__chargeback
  
  
  
  
  as (
    -- models/staging/stg_globepay_chargeback.sql
--
-- Cleans and type-casts the raw Globepay Chargeback Report.
-- One row per transaction with chargeback status.

with source as (
    select * from DEEL.RAW.globepay_chargeback
),

renamed as (
    select
        -- identifiers
        external_ref                                     as external_ref,
        status::boolean                                  as is_active,
        source                                           as payment_source,
        (upper(trim(chargeback)) = 'TRUE')::boolean       as has_chargebac
    from source
)

select * from renamed
  )
/* {"app": "dbt", "dbt_version": "1.11.6", "profile_name": "deel", "target_name": "dev", "node_id": "model.deel.stg_globepay__chargeback"} */;
[0m19:29:41.602549 [debug] [Thread-2 (]: SQL status: SUCCESS 1 in 0.355 seconds
[0m19:29:41.631895 [debug] [Thread-3 (]: SQL status: SUCCESS 1 in 0.385 seconds
[0m19:29:41.633480 [debug] [Thread-2 (]: Sending event: {'category': 'dbt', 'action': 'run_model', 'label': 'ef78d2f9-7673-411c-8a04-b52d6641e8e7', 'context': [<snowplow_tracker.self_describing_json.SelfDescribingJson object at 0x10df33490>]}
[0m19:29:41.633741 [debug] [Thread-3 (]: Sending event: {'category': 'dbt', 'action': 'run_model', 'label': 'ef78d2f9-7673-411c-8a04-b52d6641e8e7', 'context': [<snowplow_tracker.self_describing_json.SelfDescribingJson object at 0x10ad26d50>]}
[0m19:29:41.634252 [info ] [Thread-2 (]: 1 of 6 OK created sql view model staging.stg_globepay__acceptance .............. [[32mSUCCESS 1[0m in 0.42s]
[0m19:29:41.634675 [info ] [Thread-3 (]: 2 of 6 OK created sql view model staging.stg_globepay__chargeback .............. [[32mSUCCESS 1[0m in 0.42s]
[0m19:29:41.635101 [debug] [Thread-2 (]: Finished running node model.deel.stg_globepay__acceptance
[0m19:29:41.635462 [debug] [Thread-3 (]: Finished running node model.deel.stg_globepay__chargeback
[0m19:29:41.636131 [debug] [Thread-4 (]: Began running node model.deel.agg_globepay__acceptance_by_month
[0m19:29:41.636421 [debug] [Thread-2 (]: Began running node model.deel.fct_globepay__missing_chargebacks
[0m19:29:41.636745 [debug] [Thread-3 (]: Began running node model.deel.fct_globepay__transactions
[0m19:29:41.637076 [info ] [Thread-4 (]: 3 of 6 START sql table model analytics.agg_globepay__acceptance_by_month ....... [RUN]
[0m19:29:41.637361 [debug] [Thread-5 (]: Began running node model.deel.agg_globepay__declined_by_country
[0m19:29:41.637651 [info ] [Thread-2 (]: 5 of 6 START sql table model analytics.fct_globepay__missing_chargebacks ....... [RUN]
[0m19:29:41.637962 [info ] [Thread-3 (]: 6 of 6 START sql table model analytics.fct_globepay__transactions .............. [RUN]
[0m19:29:41.638286 [debug] [Thread-4 (]: Acquiring new snowflake connection 'model.deel.agg_globepay__acceptance_by_month'
[0m19:29:41.638560 [info ] [Thread-5 (]: 4 of 6 START sql table model analytics.agg_globepay__declined_by_country ....... [RUN]
[0m19:29:41.638804 [debug] [Thread-2 (]: Re-using an available connection from the pool (formerly model.deel.stg_globepay__acceptance, now model.deel.fct_globepay__missing_chargebacks)
[0m19:29:41.639022 [debug] [Thread-3 (]: Re-using an available connection from the pool (formerly model.deel.stg_globepay__chargeback, now model.deel.fct_globepay__transactions)
[0m19:29:41.639248 [debug] [Thread-4 (]: Began compiling node model.deel.agg_globepay__acceptance_by_month
[0m19:29:41.639523 [debug] [Thread-5 (]: Acquiring new snowflake connection 'model.deel.agg_globepay__declined_by_country'
[0m19:29:41.639737 [debug] [Thread-2 (]: Began compiling node model.deel.fct_globepay__missing_chargebacks
[0m19:29:41.639938 [debug] [Thread-3 (]: Began compiling node model.deel.fct_globepay__transactions
[0m19:29:41.642082 [debug] [Thread-4 (]: Writing injected SQL for node "model.deel.agg_globepay__acceptance_by_month"
[0m19:29:41.642376 [debug] [Thread-5 (]: Began compiling node model.deel.agg_globepay__declined_by_country
[0m19:29:41.644448 [debug] [Thread-2 (]: Writing injected SQL for node "model.deel.fct_globepay__missing_chargebacks"
[0m19:29:41.646518 [debug] [Thread-3 (]: Writing injected SQL for node "model.deel.fct_globepay__transactions"
[0m19:29:41.648741 [debug] [Thread-5 (]: Writing injected SQL for node "model.deel.agg_globepay__declined_by_country"
[0m19:29:41.649565 [debug] [Thread-4 (]: Began executing node model.deel.agg_globepay__acceptance_by_month
[0m19:29:41.649786 [debug] [Thread-5 (]: Began executing node model.deel.agg_globepay__declined_by_country
[0m19:29:41.649979 [debug] [Thread-3 (]: Began executing node model.deel.fct_globepay__transactions
[0m19:29:41.662116 [debug] [Thread-2 (]: Began executing node model.deel.fct_globepay__missing_chargebacks
[0m19:29:41.664644 [debug] [Thread-4 (]: Writing runtime sql for node "model.deel.agg_globepay__acceptance_by_month"
[0m19:29:41.665795 [debug] [Thread-5 (]: Writing runtime sql for node "model.deel.agg_globepay__declined_by_country"
[0m19:29:41.667010 [debug] [Thread-3 (]: Writing runtime sql for node "model.deel.fct_globepay__transactions"
[0m19:29:41.667986 [debug] [Thread-2 (]: Writing runtime sql for node "model.deel.fct_globepay__missing_chargebacks"
[0m19:29:41.668873 [debug] [Thread-4 (]: Using snowflake connection "model.deel.agg_globepay__acceptance_by_month"
[0m19:29:41.669632 [debug] [Thread-3 (]: Using snowflake connection "model.deel.fct_globepay__transactions"
[0m19:29:41.670157 [debug] [Thread-5 (]: Using snowflake connection "model.deel.agg_globepay__declined_by_country"
[0m19:29:41.670344 [debug] [Thread-4 (]: On model.deel.agg_globepay__acceptance_by_month: create or replace transient table DEEL.analytics.agg_globepay__acceptance_by_month
    
    
    
    as (-- models/marts/agg_globepay__acceptance_by_month.sql
--
-- Monthly acceptance rate summary.
-- Answers Q1: "What is the acceptance rate over time?"

with base as (
    select * from DEEL.staging.stg_globepay__acceptance
),

monthly as (
    select
        transaction_month,
        count(*) as total_transactions,
        sum(is_accepted) as accepted_transactions,
        round(sum(is_accepted) / count(*) * 100, 2) as acceptance_rate_pct,
        sum(amount_usd) as total_amount_usd,
        sum(case when is_accepted then amount_usd end) as accepted_amount_usd,
        sum(case when not is_accepted then amount_usd end) as declined_amount_usd
    from base
    group by 1
)

select * from monthly
    )

/* {"app": "dbt", "dbt_version": "1.11.6", "profile_name": "deel", "target_name": "dev", "node_id": "model.deel.agg_globepay__acceptance_by_month"} */;
[0m19:29:41.670600 [debug] [Thread-3 (]: On model.deel.fct_globepay__transactions: create or replace transient table DEEL.analytics.fct_globepay__transactions
    
    
    
    as (-- models/marts/fct_globepay__transactions.sql
--
-- Production fact table joining acceptance + chargeback data.
-- Grain: one row per transaction (external_ref).
-- Use this model to answer questions about acceptance rates,
-- declined amounts by country, and chargeback coverage.

with acceptance as (
    select * from DEEL.staging.stg_globepay__acceptance
),

chargeback as (
    select * from DEEL.staging.stg_globepay__chargeback
),

joined as (
    select
        -- identifiers
        a.external_ref,
        a.merchant_ref,
        -- dimensions
        a.transaction_at,
        a.transaction_month,
        date_trunc('week',  a.transaction_at)   as transaction_week,
        date_trunc('day',   a.transaction_at)   as transaction_date,
        year(a.transaction_at)                  as transaction_year,
        month(a.transaction_at)                 as transaction_month_num,
        a.country,
        a.currency,
        a.payment_source,
        a.cvv_provided,
        -- transaction outcome
        a.state,
        a.is_accepted,
        (not a.is_accepted)                     as is_declined,
        -- amounts 
        a.amount,
        a.amount_usd,
        -- exchange rates
        a.rate_usd,
        a.rate_eur,
        a.rate_gbp,
        a.rate_cad,
        a.rate_mxn,
        -- chargeback
        c.has_chargeback,
        -- flag rows where chargeback data is absent (left-join guard)
        (c.external_ref is null)                as is_missing_chargeback_data
    
    from acceptance a
    left join chargeback c
        on a.external_ref = c.external_ref
)

select * from joined
    )

/* {"app": "dbt", "dbt_version": "1.11.6", "profile_name": "deel", "target_name": "dev", "node_id": "model.deel.fct_globepay__transactions"} */;
[0m19:29:41.671053 [debug] [Thread-2 (]: Using snowflake connection "model.deel.fct_globepay__missing_chargebacks"
[0m19:29:41.671249 [debug] [Thread-5 (]: On model.deel.agg_globepay__declined_by_country: create or replace transient table DEEL.analytics.agg_globepay__declined_by_country
    
    
    
    as (-- models/marts/agg_globepay__declined_by_country.sql
--
-- Total declined transaction value by country (USD).
-- Answers Q2: "Countries where declined transactions went over $25M"

with base as (
    select * from DEEL.staging.stg_globepay__acceptance
),

by_country as (
    select
        country,
        count(*) as total_transactions,
        sum(is_declined::int) as declined_transactions,
        round(sum(case when is_declined then amount_usd end), 2) as declined_amount_usd,
        round(sum(is_declined::int)::float / nullif(count(*), 0) * 100, 2) as decline_rate_pct
    from base
    group by 1
),

flagged as (
    select
        *,
        (declined_amount_usd > 25000000) as exceeds_25m_threshold
    from by_country
    order by declined_amount_usd desc
)

select * from flagged
    )

/* {"app": "dbt", "dbt_version": "1.11.6", "profile_name": "deel", "target_name": "dev", "node_id": "model.deel.agg_globepay__declined_by_country"} */;
[0m19:29:41.671438 [debug] [Thread-4 (]: Opening a new connection, currently in state init
[0m19:29:41.671773 [debug] [Thread-2 (]: On model.deel.fct_globepay__missing_chargebacks: create or replace transient table DEEL.analytics.fct_globepay__missing_chargebacks
    
    
    
    as (-- models/marts/fct_globepay__missing_chargebacks.sql
--
-- Transactions where chargeback data is absent.
-- Answers Q3: "Which transactions are missing chargeback data?"
--
-- NOTE: In the current dataset all transactions are present in both
-- the acceptance and chargeback reports (0 missing). This model
-- will remain empty but will surface any future gaps automatically.

select
    external_ref,
    merchant_ref,
    transaction_at,
    country,
    amount,
    amount_usd,
    state,
    is_accepted
from DEEL.staging.stg_globepay__acceptance
where is_missing_chargeback_data = true
order by transaction_at
    )

/* {"app": "dbt", "dbt_version": "1.11.6", "profile_name": "deel", "target_name": "dev", "node_id": "model.deel.fct_globepay__missing_chargebacks"} */;
[0m19:29:41.671986 [debug] [Thread-5 (]: Opening a new connection, currently in state init
[0m19:29:41.871114 [debug] [Thread-2 (]: Snowflake adapter: Snowflake query id: 01c291e5-0303-bf4b-0000-000520fb9829
[0m19:29:41.871519 [debug] [Thread-2 (]: Snowflake adapter: Snowflake error: 000904 (42000): SQL compilation error: error line 24 at position 6
invalid identifier 'IS_MISSING_CHARGEBACK_DATA'
[0m19:29:41.875670 [debug] [Thread-2 (]: Database Error in model fct_globepay__missing_chargebacks (models/marts/fct_globepay__missing_chargebacks.sql)
  000904 (42000): SQL compilation error: error line 24 at position 6
  invalid identifier 'IS_MISSING_CHARGEBACK_DATA'
  compiled code at target/run/deel/models/marts/fct_globepay__missing_chargebacks.sql
[0m19:29:41.875992 [debug] [Thread-2 (]: Sending event: {'category': 'dbt', 'action': 'run_model', 'label': 'ef78d2f9-7673-411c-8a04-b52d6641e8e7', 'context': [<snowplow_tracker.self_describing_json.SelfDescribingJson object at 0x11214a250>]}
[0m19:29:41.876412 [error] [Thread-2 (]: 5 of 6 ERROR creating sql table model analytics.fct_globepay__missing_chargebacks  [[31mERROR[0m in 0.24s]
[0m19:29:41.876768 [debug] [Thread-2 (]: Finished running node model.deel.fct_globepay__missing_chargebacks
[0m19:29:41.877067 [debug] [Thread-8 (]: Marking all children of 'model.deel.fct_globepay__missing_chargebacks' to be skipped because of status 'error'.  Reason: Database Error in model fct_globepay__missing_chargebacks (models/marts/fct_globepay__missing_chargebacks.sql)
  000904 (42000): SQL compilation error: error line 24 at position 6
  invalid identifier 'IS_MISSING_CHARGEBACK_DATA'
  compiled code at target/run/deel/models/marts/fct_globepay__missing_chargebacks.sql.
[0m19:29:41.925408 [debug] [Thread-3 (]: Snowflake adapter: Snowflake query id: 01c291e5-0303-c05a-0000-000520fb8951
[0m19:29:41.925762 [debug] [Thread-3 (]: Snowflake adapter: Snowflake error: 000904 (42000): SQL compilation error: error line 44 at position 8
invalid identifier 'A.RATE_USD'
[0m19:29:41.929524 [debug] [Thread-3 (]: Database Error in model fct_globepay__transactions (models/marts/fct_globepay__transactions.sql)
  000904 (42000): SQL compilation error: error line 44 at position 8
  invalid identifier 'A.RATE_USD'
  compiled code at target/run/deel/models/marts/fct_globepay__transactions.sql
[0m19:29:41.929853 [debug] [Thread-3 (]: Sending event: {'category': 'dbt', 'action': 'run_model', 'label': 'ef78d2f9-7673-411c-8a04-b52d6641e8e7', 'context': [<snowplow_tracker.self_describing_json.SelfDescribingJson object at 0x10daa6f90>]}
[0m19:29:41.930369 [error] [Thread-3 (]: 6 of 6 ERROR creating sql table model analytics.fct_globepay__transactions ..... [[31mERROR[0m in 0.29s]
[0m19:29:41.930869 [debug] [Thread-3 (]: Finished running node model.deel.fct_globepay__transactions
[0m19:29:41.931219 [debug] [Thread-8 (]: Marking all children of 'model.deel.fct_globepay__transactions' to be skipped because of status 'error'.  Reason: Database Error in model fct_globepay__transactions (models/marts/fct_globepay__transactions.sql)
  000904 (42000): SQL compilation error: error line 44 at position 8
  invalid identifier 'A.RATE_USD'
  compiled code at target/run/deel/models/marts/fct_globepay__transactions.sql.
[0m19:29:42.418683 [debug] [Thread-4 (]: Snowflake adapter: Snowflake query id: 01c291e5-0303-bf4b-0000-000520fb982d
[0m19:29:42.419729 [debug] [Thread-5 (]: Snowflake adapter: Snowflake query id: 01c291e5-0303-c05a-0000-000520fb8955
[0m19:29:42.420373 [debug] [Thread-4 (]: Snowflake adapter: Snowflake error: 001044 (42P13): SQL compilation error: error line 18 at position 8
Invalid argument types for function 'SUM': (BOOLEAN)
[0m19:29:42.420914 [debug] [Thread-5 (]: Snowflake adapter: Snowflake error: 000904 (42000): SQL compilation error: error line 18 at position 12
invalid identifier 'IS_DECLINED'
[0m19:29:42.430943 [debug] [Thread-5 (]: Database Error in model agg_globepay__declined_by_country (models/marts/agg_globepay__declined_by_country.sql)
  000904 (42000): SQL compilation error: error line 18 at position 12
  invalid identifier 'IS_DECLINED'
  compiled code at target/run/deel/models/marts/agg_globepay__declined_by_country.sql
[0m19:29:42.431915 [debug] [Thread-4 (]: Database Error in model agg_globepay__acceptance_by_month (models/marts/agg_globepay__acceptance_by_month.sql)
  001044 (42P13): SQL compilation error: error line 18 at position 8
  Invalid argument types for function 'SUM': (BOOLEAN)
  compiled code at target/run/deel/models/marts/agg_globepay__acceptance_by_month.sql
[0m19:29:42.432538 [debug] [Thread-5 (]: Sending event: {'category': 'dbt', 'action': 'run_model', 'label': 'ef78d2f9-7673-411c-8a04-b52d6641e8e7', 'context': [<snowplow_tracker.self_describing_json.SelfDescribingJson object at 0x112226150>]}
[0m19:29:42.433129 [debug] [Thread-4 (]: Sending event: {'category': 'dbt', 'action': 'run_model', 'label': 'ef78d2f9-7673-411c-8a04-b52d6641e8e7', 'context': [<snowplow_tracker.self_describing_json.SelfDescribingJson object at 0x112226030>]}
[0m19:29:42.434349 [error] [Thread-5 (]: 4 of 6 ERROR creating sql table model analytics.agg_globepay__declined_by_country  [[31mERROR[0m in 0.79s]
[0m19:29:42.435279 [error] [Thread-4 (]: 3 of 6 ERROR creating sql table model analytics.agg_globepay__acceptance_by_month  [[31mERROR[0m in 0.79s]
[0m19:29:42.435973 [debug] [Thread-5 (]: Finished running node model.deel.agg_globepay__declined_by_country
[0m19:29:42.436460 [debug] [Thread-4 (]: Finished running node model.deel.agg_globepay__acceptance_by_month
[0m19:29:42.437012 [debug] [Thread-8 (]: Marking all children of 'model.deel.agg_globepay__declined_by_country' to be skipped because of status 'error'.  Reason: Database Error in model agg_globepay__declined_by_country (models/marts/agg_globepay__declined_by_country.sql)
  000904 (42000): SQL compilation error: error line 18 at position 12
  invalid identifier 'IS_DECLINED'
  compiled code at target/run/deel/models/marts/agg_globepay__declined_by_country.sql.
[0m19:29:42.437632 [debug] [Thread-8 (]: Marking all children of 'model.deel.agg_globepay__acceptance_by_month' to be skipped because of status 'error'.  Reason: Database Error in model agg_globepay__acceptance_by_month (models/marts/agg_globepay__acceptance_by_month.sql)
  001044 (42P13): SQL compilation error: error line 18 at position 8
  Invalid argument types for function 'SUM': (BOOLEAN)
  compiled code at target/run/deel/models/marts/agg_globepay__acceptance_by_month.sql.
[0m19:29:42.438937 [debug] [MainThread]: Connection 'master' was properly closed.
[0m19:29:42.439239 [debug] [MainThread]: Connection 'model.deel.fct_globepay__missing_chargebacks' was left open.
[0m19:29:42.439523 [debug] [MainThread]: On model.deel.fct_globepay__missing_chargebacks: Close
[0m19:29:42.728470 [debug] [MainThread]: Connection 'model.deel.fct_globepay__transactions' was left open.
[0m19:29:42.729479 [debug] [MainThread]: On model.deel.fct_globepay__transactions: Close
[0m19:29:43.025172 [debug] [MainThread]: Connection 'model.deel.agg_globepay__acceptance_by_month' was left open.
[0m19:29:43.025923 [debug] [MainThread]: On model.deel.agg_globepay__acceptance_by_month: Close
[0m19:29:43.312426 [debug] [MainThread]: Connection 'model.deel.agg_globepay__declined_by_country' was left open.
[0m19:29:43.313342 [debug] [MainThread]: On model.deel.agg_globepay__declined_by_country: Close
[0m19:29:43.597908 [info ] [MainThread]: 
[0m19:29:43.598314 [info ] [MainThread]: Finished running 4 table models, 2 view models in 0 hours 0 minutes and 3.73 seconds (3.73s).
[0m19:29:43.599311 [debug] [MainThread]: Command end result
[0m19:29:43.619233 [debug] [MainThread]: Wrote artifact WritableManifest to /Users/natanmatos/Documents/deel/deel_chlg/target/manifest.json
[0m19:29:43.620558 [debug] [MainThread]: Wrote artifact SemanticManifest to /Users/natanmatos/Documents/deel/deel_chlg/target/semantic_manifest.json
[0m19:29:43.624356 [debug] [MainThread]: Wrote artifact RunExecutionResult to /Users/natanmatos/Documents/deel/deel_chlg/target/run_results.json
[0m19:29:43.624543 [info ] [MainThread]: 
[0m19:29:43.624752 [info ] [MainThread]: [31mCompleted with 4 errors, 0 partial successes, and 0 warnings:[0m
[0m19:29:43.624922 [info ] [MainThread]: 
[0m19:29:43.625130 [error] [MainThread]: [31mFailure in model fct_globepay__missing_chargebacks (models/marts/fct_globepay__missing_chargebacks.sql)[0m
[0m19:29:43.625333 [error] [MainThread]:   Database Error in model fct_globepay__missing_chargebacks (models/marts/fct_globepay__missing_chargebacks.sql)
  000904 (42000): SQL compilation error: error line 24 at position 6
  invalid identifier 'IS_MISSING_CHARGEBACK_DATA'
  compiled code at target/run/deel/models/marts/fct_globepay__missing_chargebacks.sql
[0m19:29:43.625488 [info ] [MainThread]: 
[0m19:29:43.625670 [info ] [MainThread]:   compiled code at target/compiled/deel/models/marts/fct_globepay__missing_chargebacks.sql
[0m19:29:43.625817 [info ] [MainThread]: 
[0m19:29:43.626002 [error] [MainThread]: [31mFailure in model fct_globepay__transactions (models/marts/fct_globepay__transactions.sql)[0m
[0m19:29:43.626192 [error] [MainThread]:   Database Error in model fct_globepay__transactions (models/marts/fct_globepay__transactions.sql)
  000904 (42000): SQL compilation error: error line 44 at position 8
  invalid identifier 'A.RATE_USD'
  compiled code at target/run/deel/models/marts/fct_globepay__transactions.sql
[0m19:29:43.626340 [info ] [MainThread]: 
[0m19:29:43.626515 [info ] [MainThread]:   compiled code at target/compiled/deel/models/marts/fct_globepay__transactions.sql
[0m19:29:43.626661 [info ] [MainThread]: 
[0m19:29:43.626845 [error] [MainThread]: [31mFailure in model agg_globepay__declined_by_country (models/marts/agg_globepay__declined_by_country.sql)[0m
[0m19:29:43.627034 [error] [MainThread]:   Database Error in model agg_globepay__declined_by_country (models/marts/agg_globepay__declined_by_country.sql)
  000904 (42000): SQL compilation error: error line 18 at position 12
  invalid identifier 'IS_DECLINED'
  compiled code at target/run/deel/models/marts/agg_globepay__declined_by_country.sql
[0m19:29:43.627185 [info ] [MainThread]: 
[0m19:29:43.627350 [info ] [MainThread]:   compiled code at target/compiled/deel/models/marts/agg_globepay__declined_by_country.sql
[0m19:29:43.627486 [info ] [MainThread]: 
[0m19:29:43.627658 [error] [MainThread]: [31mFailure in model agg_globepay__acceptance_by_month (models/marts/agg_globepay__acceptance_by_month.sql)[0m
[0m19:29:43.627835 [error] [MainThread]:   Database Error in model agg_globepay__acceptance_by_month (models/marts/agg_globepay__acceptance_by_month.sql)
  001044 (42P13): SQL compilation error: error line 18 at position 8
  Invalid argument types for function 'SUM': (BOOLEAN)
  compiled code at target/run/deel/models/marts/agg_globepay__acceptance_by_month.sql
[0m19:29:43.627973 [info ] [MainThread]: 
[0m19:29:43.628134 [info ] [MainThread]:   compiled code at target/compiled/deel/models/marts/agg_globepay__acceptance_by_month.sql
[0m19:29:43.628273 [info ] [MainThread]: 
[0m19:29:43.628438 [info ] [MainThread]: Done. PASS=2 WARN=0 ERROR=4 SKIP=0 NO-OP=0 TOTAL=6
[0m19:29:43.630299 [debug] [MainThread]: Resource report: {"command_name": "run", "command_success": false, "command_wall_clock_time": 4.636698, "process_in_blocks": "0", "process_kernel_time": 0.222661, "process_mem_max_rss": "179257344", "process_out_blocks": "0", "process_user_time": 1.848462}
[0m19:29:43.630597 [debug] [MainThread]: Command `dbt run` failed at 19:29:43.630522 after 4.64 seconds
[0m19:29:43.630868 [debug] [MainThread]: Sending event: {'category': 'dbt', 'action': 'invocation', 'label': 'end', 'context': [<snowplow_tracker.self_describing_json.SelfDescribingJson object at 0x10b365f70>, <snowplow_tracker.self_describing_json.SelfDescribingJson object at 0x11205cef0>, <snowplow_tracker.self_describing_json.SelfDescribingJson object at 0x10cde5f10>]}
[0m19:29:43.631087 [debug] [MainThread]: Flushing usage events
[0m19:29:44.594392 [debug] [MainThread]: An error was encountered while trying to flush usage events
[0m19:39:21.112945 [debug] [MainThread]: Sending event: {'category': 'dbt', 'action': 'invocation', 'label': 'start', 'context': [<snowplow_tracker.self_describing_json.SelfDescribingJson object at 0x10a0202f0>, <snowplow_tracker.self_describing_json.SelfDescribingJson object at 0x10b10b750>, <snowplow_tracker.self_describing_json.SelfDescribingJson object at 0x10b10b9d0>]}


============================== 19:39:21.116592 | 5e3ad706-d0e8-4a9d-a73c-15292a3fa118 ==============================
[0m19:39:21.116592 [info ] [MainThread]: Running with dbt=1.11.6
[0m19:39:21.116888 [debug] [MainThread]: running dbt with arguments {'fail_fast': 'False', 'log_cache_events': 'False', 'use_experimental_parser': 'False', 'introspect': 'True', 'use_colors': 'True', 'printer_width': '80', 'warn_error_options': 'WarnErrorOptionsV2(error=[], warn=[], silence=[])', 'send_anonymous_usage_stats': 'True', 'target_path': 'None', 'warn_error': 'None', 'debug': 'False', 'invocation_command': 'dbt run', 'cache_selected_only': 'False', 'no_print': 'None', 'version_check': 'True', 'log_format': 'default', 'quiet': 'False', 'write_json': 'True', 'profiles_dir': '/Users/natanmatos/.dbt', 'static_parser': 'True', 'log_path': '/Users/natanmatos/Documents/deel/deel_chlg/logs', 'partial_parse': 'True', 'indirect_selection': 'eager', 'empty': 'False'}
[0m19:39:21.322454 [debug] [MainThread]: Snowflake adapter: Setting snowflake.connector to ERROR (file logging only)
[0m19:39:21.322695 [debug] [MainThread]: Snowflake adapter: Setting botocore to ERROR (file logging only)
[0m19:39:21.322826 [debug] [MainThread]: Snowflake adapter: Setting boto3 to ERROR (file logging only)
[0m19:39:21.402366 [debug] [MainThread]: Sending event: {'category': 'dbt', 'action': 'project_id', 'label': '5e3ad706-d0e8-4a9d-a73c-15292a3fa118', 'context': [<snowplow_tracker.self_describing_json.SelfDescribingJson object at 0x10a434fc0>]}
[0m19:39:21.430194 [debug] [MainThread]: Sending event: {'category': 'dbt', 'action': 'adapter_info', 'label': '5e3ad706-d0e8-4a9d-a73c-15292a3fa118', 'context': [<snowplow_tracker.self_describing_json.SelfDescribingJson object at 0x10bd728b0>]}
[0m19:39:21.430759 [info ] [MainThread]: Registered adapter: snowflake=1.11.2
[0m19:39:21.487998 [debug] [MainThread]: checksum: ec27062d18352e9cfca161c166fcc73d2201661a23a3cf3c89196a27f32cfcb8, vars: {}, profile: , target: , version: 1.11.6
[0m19:39:21.547406 [debug] [MainThread]: Partial parsing enabled: 0 files deleted, 0 files added, 5 files changed.
[0m19:39:21.547757 [debug] [MainThread]: Partial parsing: updated file: deel://models/marts/fct_globepay__missing_chargebacks.sql
[0m19:39:21.547928 [debug] [MainThread]: Partial parsing: updated file: deel://models/marts/agg_globepay__acceptance_by_month.sql
[0m19:39:21.548078 [debug] [MainThread]: Partial parsing: updated file: deel://models/marts/agg_globepay__declined_by_country.sql
[0m19:39:21.548220 [debug] [MainThread]: Partial parsing: updated file: deel://models/marts/fct_globepay__transactions.sql
[0m19:39:21.548362 [debug] [MainThread]: Partial parsing: updated file: deel://models/staging/stg_globepay__chargeback.sql
[0m19:39:21.670400 [debug] [MainThread]: Sending event: {'category': 'dbt', 'action': 'load_project', 'label': '5e3ad706-d0e8-4a9d-a73c-15292a3fa118', 'context': [<snowplow_tracker.self_describing_json.SelfDescribingJson object at 0x10c2e5f50>]}
[0m19:39:21.704757 [debug] [MainThread]: Wrote artifact WritableManifest to /Users/natanmatos/Documents/deel/deel_chlg/target/manifest.json
[0m19:39:21.706232 [debug] [MainThread]: Wrote artifact SemanticManifest to /Users/natanmatos/Documents/deel/deel_chlg/target/semantic_manifest.json
[0m19:39:21.720171 [debug] [MainThread]: Sending event: {'category': 'dbt', 'action': 'resource_counts', 'label': '5e3ad706-d0e8-4a9d-a73c-15292a3fa118', 'context': [<snowplow_tracker.self_describing_json.SelfDescribingJson object at 0x10af7e8a0>]}
[0m19:39:21.720440 [info ] [MainThread]: Found 6 models, 2 sources, 523 macros
[0m19:39:21.720599 [debug] [MainThread]: Sending event: {'category': 'dbt', 'action': 'runnable_timing', 'label': '5e3ad706-d0e8-4a9d-a73c-15292a3fa118', 'context': [<snowplow_tracker.self_describing_json.SelfDescribingJson object at 0x10c0b7d90>]}
[0m19:39:21.721859 [info ] [MainThread]: 
[0m19:39:21.722017 [info ] [MainThread]: Concurrency: 4 threads (target='dev')
[0m19:39:21.722140 [info ] [MainThread]: 
[0m19:39:21.722363 [debug] [MainThread]: Acquiring new snowflake connection 'master'
[0m19:39:21.724558 [debug] [ThreadPool]: Acquiring new snowflake connection 'list_DEEL'
[0m19:39:21.724789 [debug] [ThreadPool]: Acquiring new snowflake connection 'list_DEEL'
[0m19:39:21.756052 [debug] [ThreadPool]: Using snowflake connection "list_DEEL"
[0m19:39:21.756316 [debug] [ThreadPool]: Using snowflake connection "list_DEEL"
[0m19:39:21.756460 [debug] [ThreadPool]: On list_DEEL: show terse schemas in database DEEL
    limit 10000
/* {"app": "dbt", "dbt_version": "1.11.6", "profile_name": "deel", "target_name": "dev", "connection_name": "list_DEEL"} */
[0m19:39:21.756595 [debug] [ThreadPool]: On list_DEEL: show terse schemas in database DEEL
    limit 10000
/* {"app": "dbt", "dbt_version": "1.11.6", "profile_name": "deel", "target_name": "dev", "connection_name": "list_DEEL"} */
[0m19:39:21.756721 [debug] [ThreadPool]: Opening a new connection, currently in state init
[0m19:39:21.756835 [debug] [ThreadPool]: Opening a new connection, currently in state init
[0m19:39:23.122446 [debug] [ThreadPool]: SQL status: SUCCESS 4 in 1.365 seconds
[0m19:39:23.126553 [debug] [ThreadPool]: SQL status: SUCCESS 4 in 1.370 seconds
[0m19:39:23.131435 [debug] [ThreadPool]: Re-using an available connection from the pool (formerly list_DEEL, now list_DEEL_analytics)
[0m19:39:23.137744 [debug] [ThreadPool]: Re-using an available connection from the pool (formerly list_DEEL, now list_DEEL_staging)
[0m19:39:23.146966 [debug] [ThreadPool]: Using snowflake connection "list_DEEL_analytics"
[0m19:39:23.148681 [debug] [ThreadPool]: Using snowflake connection "list_DEEL_staging"
[0m19:39:23.148987 [debug] [ThreadPool]: On list_DEEL_analytics: show objects in DEEL.analytics
    limit 10000
    

/* {"app": "dbt", "dbt_version": "1.11.6", "profile_name": "deel", "target_name": "dev", "connection_name": "list_DEEL_analytics"} */;
[0m19:39:23.149236 [debug] [ThreadPool]: On list_DEEL_staging: show objects in DEEL.staging
    limit 10000
    

/* {"app": "dbt", "dbt_version": "1.11.6", "profile_name": "deel", "target_name": "dev", "connection_name": "list_DEEL_staging"} */;
[0m19:39:23.320665 [debug] [ThreadPool]: SQL status: SUCCESS 0 in 0.171 seconds
[0m19:39:23.344168 [debug] [ThreadPool]: SQL status: SUCCESS 2 in 0.194 seconds
[0m19:39:23.349967 [debug] [MainThread]: Sending event: {'category': 'dbt', 'action': 'runnable_timing', 'label': '5e3ad706-d0e8-4a9d-a73c-15292a3fa118', 'context': [<snowplow_tracker.self_describing_json.SelfDescribingJson object at 0x10d340fc0>]}
[0m19:39:23.356573 [debug] [Thread-3 (]: Began running node model.deel.stg_globepay__chargeback
[0m19:39:23.357105 [debug] [Thread-2 (]: Began running node model.deel.stg_globepay__acceptance
[0m19:39:23.357826 [info ] [Thread-3 (]: 2 of 6 START sql view model staging.stg_globepay__chargeback ................... [RUN]
[0m19:39:23.358465 [info ] [Thread-2 (]: 1 of 6 START sql view model staging.stg_globepay__acceptance ................... [RUN]
[0m19:39:23.359038 [debug] [Thread-3 (]: Re-using an available connection from the pool (formerly list_DEEL_staging, now model.deel.stg_globepay__chargeback)
[0m19:39:23.359549 [debug] [Thread-2 (]: Re-using an available connection from the pool (formerly list_DEEL_analytics, now model.deel.stg_globepay__acceptance)
[0m19:39:23.360003 [debug] [Thread-3 (]: Began compiling node model.deel.stg_globepay__chargeback
[0m19:39:23.360395 [debug] [Thread-2 (]: Began compiling node model.deel.stg_globepay__acceptance
[0m19:39:23.375691 [debug] [Thread-2 (]: Writing injected SQL for node "model.deel.stg_globepay__acceptance"
[0m19:39:23.378492 [debug] [Thread-3 (]: Writing injected SQL for node "model.deel.stg_globepay__chargeback"
[0m19:39:23.379896 [debug] [Thread-2 (]: Began executing node model.deel.stg_globepay__acceptance
[0m19:39:23.386594 [debug] [Thread-3 (]: Began executing node model.deel.stg_globepay__chargeback
[0m19:39:23.404335 [debug] [Thread-2 (]: Writing runtime sql for node "model.deel.stg_globepay__acceptance"
[0m19:39:23.404737 [debug] [Thread-3 (]: Writing runtime sql for node "model.deel.stg_globepay__chargeback"
[0m19:39:23.405591 [debug] [Thread-3 (]: Using snowflake connection "model.deel.stg_globepay__chargeback"
[0m19:39:23.406547 [debug] [Thread-2 (]: Using snowflake connection "model.deel.stg_globepay__acceptance"
[0m19:39:23.406753 [debug] [Thread-3 (]: On model.deel.stg_globepay__chargeback: create or replace   view DEEL.staging.stg_globepay__chargeback
  
  
  
  
  as (
    -- models/staging/stg_globepay_chargeback.sql
--
-- Cleans and type-casts the raw Globepay Chargeback Report.
-- One row per transaction with chargeback status.

with source as (
    select * from DEEL.RAW.globepay_chargeback
),

renamed as (
    select
        -- identifiers
        external_ref                                     as external_ref,
        status::boolean                                  as is_active,
        source                                           as payment_source,
        (upper(trim(chargeback)) = 'TRUE')::boolean       as has_chargeback
    from source
)

select * from renamed
  )
/* {"app": "dbt", "dbt_version": "1.11.6", "profile_name": "deel", "target_name": "dev", "node_id": "model.deel.stg_globepay__chargeback"} */;
[0m19:39:23.407014 [debug] [Thread-2 (]: On model.deel.stg_globepay__acceptance: create or replace   view DEEL.staging.stg_globepay__acceptance
  
  
  
  
  as (
    -- models/staging/stg_globepay_acceptance.sql
--
-- Cleans and type-casts the raw Globepay Acceptance Report.
-- One row per transaction attempt.

with source as (
    select * from DEEL.RAW.globepay_acceptance
),

renamed as (
    select
        -- identifiers
        external_ref                                     as external_ref,
        ref                                              as merchant_ref,

        -- metadata
        status::boolean                                  as is_active,
        source                                           as payment_source,

        -- temporal
        to_timestamp_ntz(date_time)                      as transaction_at,
        date_trunc('month', transaction_at)              as transaction_month,

        -- transaction details
        upper(trim(state))                               as state,
        (upper(trim(state)) = 'ACCEPTED')::boolean       as is_accepted,
        amount::float                                    as amount,
        upper(trim(currency))                            as currency,
        upper(trim(country))                             as country,
        cvv_provided::boolean                            as cvv_provided,

        -- exchange rates stored as JSON string → parse key fields
        try_parse_json(rates)                            as rates_json,
         -- derived: normalise amount to USD
        case currency
            when 'USD' then amount
            when 'EUR' then amount / nullif(rates_json['EUR']::float, 0)
            when 'GBP' then amount / nullif(rates_json['GBP']::float, 0)
            when 'CAD' then amount / nullif(rates_json['CAD']::float, 0)
            when 'MXN' then amount / nullif(rates_json['MXN']::float, 0)
            else null
        end                                              as amount_usd

    from source
)

select * from renamed
  )
/* {"app": "dbt", "dbt_version": "1.11.6", "profile_name": "deel", "target_name": "dev", "node_id": "model.deel.stg_globepay__acceptance"} */;
[0m19:39:23.746252 [debug] [Thread-2 (]: SQL status: SUCCESS 1 in 0.339 seconds
[0m19:39:23.753234 [debug] [Thread-3 (]: SQL status: SUCCESS 1 in 0.346 seconds
[0m19:39:23.787538 [debug] [Thread-2 (]: Sending event: {'category': 'dbt', 'action': 'run_model', 'label': '5e3ad706-d0e8-4a9d-a73c-15292a3fa118', 'context': [<snowplow_tracker.self_describing_json.SelfDescribingJson object at 0x10d05e090>]}
[0m19:39:23.787850 [debug] [Thread-3 (]: Sending event: {'category': 'dbt', 'action': 'run_model', 'label': '5e3ad706-d0e8-4a9d-a73c-15292a3fa118', 'context': [<snowplow_tracker.self_describing_json.SelfDescribingJson object at 0x10d55a620>]}
[0m19:39:23.788320 [info ] [Thread-2 (]: 1 of 6 OK created sql view model staging.stg_globepay__acceptance .............. [[32mSUCCESS 1[0m in 0.43s]
[0m19:39:23.788770 [info ] [Thread-3 (]: 2 of 6 OK created sql view model staging.stg_globepay__chargeback .............. [[32mSUCCESS 1[0m in 0.43s]
[0m19:39:23.789171 [debug] [Thread-2 (]: Finished running node model.deel.stg_globepay__acceptance
[0m19:39:23.789489 [debug] [Thread-3 (]: Finished running node model.deel.stg_globepay__chargeback
[0m19:39:23.790123 [debug] [Thread-5 (]: Began running node model.deel.agg_globepay__declined_by_country
[0m19:39:23.790363 [debug] [Thread-2 (]: Began running node model.deel.fct_globepay__transactions
[0m19:39:23.790568 [debug] [Thread-4 (]: Began running node model.deel.agg_globepay__acceptance_by_month
[0m19:39:23.790852 [info ] [Thread-5 (]: 4 of 6 START sql table model analytics.agg_globepay__declined_by_country ....... [RUN]
[0m19:39:23.791213 [info ] [Thread-2 (]: 5 of 6 START sql table model analytics.fct_globepay__transactions .............. [RUN]
[0m19:39:23.791582 [info ] [Thread-4 (]: 3 of 6 START sql table model analytics.agg_globepay__acceptance_by_month ....... [RUN]
[0m19:39:23.791934 [debug] [Thread-5 (]: Acquiring new snowflake connection 'model.deel.agg_globepay__declined_by_country'
[0m19:39:23.792165 [debug] [Thread-2 (]: Re-using an available connection from the pool (formerly model.deel.stg_globepay__acceptance, now model.deel.fct_globepay__transactions)
[0m19:39:23.792425 [debug] [Thread-4 (]: Acquiring new snowflake connection 'model.deel.agg_globepay__acceptance_by_month'
[0m19:39:23.792643 [debug] [Thread-5 (]: Began compiling node model.deel.agg_globepay__declined_by_country
[0m19:39:23.792842 [debug] [Thread-2 (]: Began compiling node model.deel.fct_globepay__transactions
[0m19:39:23.793042 [debug] [Thread-4 (]: Began compiling node model.deel.agg_globepay__acceptance_by_month
[0m19:39:23.794758 [debug] [Thread-5 (]: Writing injected SQL for node "model.deel.agg_globepay__declined_by_country"
[0m19:39:23.796358 [debug] [Thread-2 (]: Writing injected SQL for node "model.deel.fct_globepay__transactions"
[0m19:39:23.798075 [debug] [Thread-4 (]: Writing injected SQL for node "model.deel.agg_globepay__acceptance_by_month"
[0m19:39:23.798833 [debug] [Thread-4 (]: Began executing node model.deel.agg_globepay__acceptance_by_month
[0m19:39:23.799470 [debug] [Thread-2 (]: Began executing node model.deel.fct_globepay__transactions
[0m19:39:23.817878 [debug] [Thread-2 (]: Writing runtime sql for node "model.deel.fct_globepay__transactions"
[0m19:39:23.818149 [debug] [Thread-5 (]: Began executing node model.deel.agg_globepay__declined_by_country
[0m19:39:23.818448 [debug] [Thread-4 (]: Writing runtime sql for node "model.deel.agg_globepay__acceptance_by_month"
[0m19:39:23.819486 [debug] [Thread-5 (]: Writing runtime sql for node "model.deel.agg_globepay__declined_by_country"
[0m19:39:23.820291 [debug] [Thread-4 (]: Using snowflake connection "model.deel.agg_globepay__acceptance_by_month"
[0m19:39:23.820998 [debug] [Thread-2 (]: Using snowflake connection "model.deel.fct_globepay__transactions"
[0m19:39:23.821196 [debug] [Thread-4 (]: On model.deel.agg_globepay__acceptance_by_month: create or replace transient table DEEL.analytics.agg_globepay__acceptance_by_month
    
    
    
    as (-- models/marts/agg_globepay__acceptance_by_month.sql
--
-- Monthly acceptance rate summary.
-- Answers Q1: "What is the acceptance rate over time?"

with base as (
    select * from DEEL.staging.stg_globepay__acceptance
),

monthly as (
    select
        transaction_month,
        count(*) as total_transactions,
        sum(is_accepted) as accepted_transactions,
        round(sum(is_accepted::int) / count(*) * 100, 2) as acceptance_rate_pct,
        sum(amount_usd) as total_amount_usd,
        sum(is_accepted::int) as accepted_amount_usd,
        sum(case when not is_accepted then amount_usd end) as declined_amount_usd
    from base
    group by 1
)

select * from monthly
    )

/* {"app": "dbt", "dbt_version": "1.11.6", "profile_name": "deel", "target_name": "dev", "node_id": "model.deel.agg_globepay__acceptance_by_month"} */;
[0m19:39:23.821737 [debug] [Thread-5 (]: Using snowflake connection "model.deel.agg_globepay__declined_by_country"
[0m19:39:23.821941 [debug] [Thread-2 (]: On model.deel.fct_globepay__transactions: create or replace transient table DEEL.analytics.fct_globepay__transactions
    
    
    
    as (-- models/marts/fct_globepay__transactions.sql
--
-- Production fact table joining acceptance + chargeback data.
-- Grain: one row per transaction (external_ref).
-- Use this model to answer questions about acceptance rates,
-- declined amounts by country, and chargeback coverage.

with acceptance as (
    select * from DEEL.staging.stg_globepay__acceptance
),

chargeback as (
    select * from DEEL.staging.stg_globepay__chargeback
),

joined as (
    select
        -- identifiers
        a.external_ref,
        a.merchant_ref,
        -- dimensions
        a.transaction_at,
        a.transaction_month,
        date_trunc('week',  a.transaction_at)   as transaction_week,
        date_trunc('day',   a.transaction_at)   as transaction_date,
        year(a.transaction_at)                  as transaction_year,
        month(a.transaction_at)                 as transaction_month_num,
        a.country,
        a.currency,
        a.payment_source,
        a.cvv_provided,
        -- transaction outcome
        a.state,
        a.is_accepted,
        (not a.is_accepted)                     as is_declined,
        -- amounts 
        a.amount,
        a.amount_usd,
        -- chargeback
        c.has_chargeback,
        -- flag rows where chargeback data is absent (left-join guard)
        (c.external_ref is null)                as is_missing_chargeback_data
    
    from acceptance a
    left join chargeback c
        on a.external_ref = c.external_ref
)

select * from joined
    )

/* {"app": "dbt", "dbt_version": "1.11.6", "profile_name": "deel", "target_name": "dev", "node_id": "model.deel.fct_globepay__transactions"} */;
[0m19:39:23.822147 [debug] [Thread-4 (]: Opening a new connection, currently in state init
[0m19:39:23.822334 [debug] [Thread-5 (]: On model.deel.agg_globepay__declined_by_country: create or replace transient table DEEL.analytics.agg_globepay__declined_by_country
    
    
    
    as (-- models/marts/agg_globepay__declined_by_country.sql
--
-- Total declined transaction value by country (USD).
-- Answers Q2: "Countries where declined transactions went over $25M"

with base as (
    select * from DEEL.staging.stg_globepay__acceptance
),

by_country as (
    select
        country,
        count(*) as total_transactions,
        sum((not is_accepted)::int) as declined_transactions,
        round(sum(case when not is_accepted then amount_usd end), 2) as declined_amount_usd,
        round(sum(not is_accepted::int)::float / nullif(count(*), 0) * 100, 2) as decline_rate_pct
    from base
    group by 1
),

flagged as (
    select
        *,
        (declined_amount_usd > 25000000) as exceeds_25m_threshold
    from by_country
    order by declined_amount_usd desc
)

select * from flagged
    )

/* {"app": "dbt", "dbt_version": "1.11.6", "profile_name": "deel", "target_name": "dev", "node_id": "model.deel.agg_globepay__declined_by_country"} */;
[0m19:39:23.822964 [debug] [Thread-5 (]: Opening a new connection, currently in state init
[0m19:39:24.558984 [debug] [Thread-5 (]: Snowflake adapter: Snowflake query id: 01c291ef-0303-bf4b-0000-000520fb98dd
[0m19:39:24.560672 [debug] [Thread-4 (]: Snowflake adapter: Snowflake query id: 01c291ef-0303-bf4b-0000-000520fb98e1
[0m19:39:24.561201 [debug] [Thread-5 (]: Snowflake adapter: Snowflake error: 001044 (42P13): SQL compilation error: error line 20 at position 14
Invalid argument types for function 'SUM': (BOOLEAN)
[0m19:39:24.561685 [debug] [Thread-4 (]: Snowflake adapter: Snowflake error: 001044 (42P13): SQL compilation error: error line 18 at position 8
Invalid argument types for function 'SUM': (BOOLEAN)
[0m19:39:24.571997 [debug] [Thread-5 (]: Database Error in model agg_globepay__declined_by_country (models/marts/agg_globepay__declined_by_country.sql)
  001044 (42P13): SQL compilation error: error line 20 at position 14
  Invalid argument types for function 'SUM': (BOOLEAN)
  compiled code at target/run/deel/models/marts/agg_globepay__declined_by_country.sql
[0m19:39:24.575576 [debug] [Thread-5 (]: Sending event: {'category': 'dbt', 'action': 'run_model', 'label': '5e3ad706-d0e8-4a9d-a73c-15292a3fa118', 'context': [<snowplow_tracker.self_describing_json.SelfDescribingJson object at 0x10d62c190>]}
[0m19:39:24.576174 [debug] [Thread-4 (]: Database Error in model agg_globepay__acceptance_by_month (models/marts/agg_globepay__acceptance_by_month.sql)
  001044 (42P13): SQL compilation error: error line 18 at position 8
  Invalid argument types for function 'SUM': (BOOLEAN)
  compiled code at target/run/deel/models/marts/agg_globepay__acceptance_by_month.sql
[0m19:39:24.576839 [debug] [Thread-4 (]: Sending event: {'category': 'dbt', 'action': 'run_model', 'label': '5e3ad706-d0e8-4a9d-a73c-15292a3fa118', 'context': [<snowplow_tracker.self_describing_json.SelfDescribingJson object at 0x10d5ce6d0>]}
[0m19:39:24.576639 [error] [Thread-5 (]: 4 of 6 ERROR creating sql table model analytics.agg_globepay__declined_by_country  [[31mERROR[0m in 0.78s]
[0m19:39:24.577317 [error] [Thread-4 (]: 3 of 6 ERROR creating sql table model analytics.agg_globepay__acceptance_by_month  [[31mERROR[0m in 0.78s]
[0m19:39:24.577873 [debug] [Thread-5 (]: Finished running node model.deel.agg_globepay__declined_by_country
[0m19:39:24.578286 [debug] [Thread-4 (]: Finished running node model.deel.agg_globepay__acceptance_by_month
[0m19:39:24.578727 [debug] [Thread-8 (]: Marking all children of 'model.deel.agg_globepay__declined_by_country' to be skipped because of status 'error'.  Reason: Database Error in model agg_globepay__declined_by_country (models/marts/agg_globepay__declined_by_country.sql)
  001044 (42P13): SQL compilation error: error line 20 at position 14
  Invalid argument types for function 'SUM': (BOOLEAN)
  compiled code at target/run/deel/models/marts/agg_globepay__declined_by_country.sql.
[0m19:39:24.579775 [debug] [Thread-8 (]: Marking all children of 'model.deel.agg_globepay__acceptance_by_month' to be skipped because of status 'error'.  Reason: Database Error in model agg_globepay__acceptance_by_month (models/marts/agg_globepay__acceptance_by_month.sql)
  001044 (42P13): SQL compilation error: error line 18 at position 8
  Invalid argument types for function 'SUM': (BOOLEAN)
  compiled code at target/run/deel/models/marts/agg_globepay__acceptance_by_month.sql.
[0m19:39:26.584894 [debug] [Thread-2 (]: SQL status: SUCCESS 5430 in 2.762 seconds
[0m19:39:26.591302 [debug] [Thread-2 (]: Sending event: {'category': 'dbt', 'action': 'run_model', 'label': '5e3ad706-d0e8-4a9d-a73c-15292a3fa118', 'context': [<snowplow_tracker.self_describing_json.SelfDescribingJson object at 0x10c4899b0>]}
[0m19:39:26.592553 [info ] [Thread-2 (]: 5 of 6 OK created sql table model analytics.fct_globepay__transactions ......... [[32mSUCCESS 5430[0m in 2.80s]
[0m19:39:26.593245 [debug] [Thread-2 (]: Finished running node model.deel.fct_globepay__transactions
[0m19:39:26.594238 [debug] [Thread-3 (]: Began running node model.deel.fct_globepay__missing_chargebacks
[0m19:39:26.594824 [info ] [Thread-3 (]: 6 of 6 START sql table model analytics.fct_globepay__missing_chargebacks ....... [RUN]
[0m19:39:26.595385 [debug] [Thread-3 (]: Re-using an available connection from the pool (formerly model.deel.stg_globepay__chargeback, now model.deel.fct_globepay__missing_chargebacks)
[0m19:39:26.595799 [debug] [Thread-3 (]: Began compiling node model.deel.fct_globepay__missing_chargebacks
[0m19:39:26.600701 [debug] [Thread-3 (]: Writing injected SQL for node "model.deel.fct_globepay__missing_chargebacks"
[0m19:39:26.602146 [debug] [Thread-3 (]: Began executing node model.deel.fct_globepay__missing_chargebacks
[0m19:39:26.604905 [debug] [Thread-3 (]: Writing runtime sql for node "model.deel.fct_globepay__missing_chargebacks"
[0m19:39:26.606231 [debug] [Thread-3 (]: Using snowflake connection "model.deel.fct_globepay__missing_chargebacks"
[0m19:39:26.606668 [debug] [Thread-3 (]: On model.deel.fct_globepay__missing_chargebacks: create or replace transient table DEEL.analytics.fct_globepay__missing_chargebacks
    
    
    
    as (-- models/marts/fct_globepay__missing_chargebacks.sql
--
-- Transactions where chargeback data is absent.
-- Answers Q3: "Which transactions are missing chargeback data?"
--
-- NOTE: In the current dataset all transactions are present in both
-- the acceptance and chargeback reports (0 missing). This model
-- will remain empty but will surface any future gaps automatically.

select
    external_ref,
    merchant_ref,
    transaction_at,
    country,
    amount,
    amount_usd,
    state,
    is_accepted
from DEEL.analytics.fct_globepay__transactions
where is_missing_chargeback_data = true
order by transaction_at
    )

/* {"app": "dbt", "dbt_version": "1.11.6", "profile_name": "deel", "target_name": "dev", "node_id": "model.deel.fct_globepay__missing_chargebacks"} */;
[0m19:39:27.707177 [debug] [Thread-3 (]: SQL status: SUCCESS 1 in 1.100 seconds
[0m19:39:27.710446 [debug] [Thread-3 (]: Sending event: {'category': 'dbt', 'action': 'run_model', 'label': '5e3ad706-d0e8-4a9d-a73c-15292a3fa118', 'context': [<snowplow_tracker.self_describing_json.SelfDescribingJson object at 0x10d51daf0>]}
[0m19:39:27.711423 [info ] [Thread-3 (]: 6 of 6 OK created sql table model analytics.fct_globepay__missing_chargebacks .. [[32mSUCCESS 1[0m in 1.12s]
[0m19:39:27.712313 [debug] [Thread-3 (]: Finished running node model.deel.fct_globepay__missing_chargebacks
[0m19:39:27.714956 [debug] [MainThread]: Connection 'master' was properly closed.
[0m19:39:27.716414 [debug] [MainThread]: Connection 'model.deel.fct_globepay__transactions' was left open.
[0m19:39:27.717081 [debug] [MainThread]: On model.deel.fct_globepay__transactions: Close
[0m19:39:28.030827 [debug] [MainThread]: Connection 'model.deel.fct_globepay__missing_chargebacks' was left open.
[0m19:39:28.031906 [debug] [MainThread]: On model.deel.fct_globepay__missing_chargebacks: Close
[0m19:39:28.321197 [debug] [MainThread]: Connection 'model.deel.agg_globepay__declined_by_country' was left open.
[0m19:39:28.322075 [debug] [MainThread]: On model.deel.agg_globepay__declined_by_country: Close
[0m19:39:28.606133 [debug] [MainThread]: Connection 'model.deel.agg_globepay__acceptance_by_month' was left open.
[0m19:39:28.606573 [debug] [MainThread]: On model.deel.agg_globepay__acceptance_by_month: Close
[0m19:39:28.892340 [info ] [MainThread]: 
[0m19:39:28.893204 [info ] [MainThread]: Finished running 4 table models, 2 view models in 0 hours 0 minutes and 7.17 seconds (7.17s).
[0m19:39:28.895259 [debug] [MainThread]: Command end result
[0m19:39:28.926762 [debug] [MainThread]: Wrote artifact WritableManifest to /Users/natanmatos/Documents/deel/deel_chlg/target/manifest.json
[0m19:39:28.928238 [debug] [MainThread]: Wrote artifact SemanticManifest to /Users/natanmatos/Documents/deel/deel_chlg/target/semantic_manifest.json
[0m19:39:28.932658 [debug] [MainThread]: Wrote artifact RunExecutionResult to /Users/natanmatos/Documents/deel/deel_chlg/target/run_results.json
[0m19:39:28.932884 [info ] [MainThread]: 
[0m19:39:28.933131 [info ] [MainThread]: [31mCompleted with 2 errors, 0 partial successes, and 0 warnings:[0m
[0m19:39:28.933333 [info ] [MainThread]: 
[0m19:39:28.933584 [error] [MainThread]: [31mFailure in model agg_globepay__declined_by_country (models/marts/agg_globepay__declined_by_country.sql)[0m
[0m19:39:28.933827 [error] [MainThread]:   Database Error in model agg_globepay__declined_by_country (models/marts/agg_globepay__declined_by_country.sql)
  001044 (42P13): SQL compilation error: error line 20 at position 14
  Invalid argument types for function 'SUM': (BOOLEAN)
  compiled code at target/run/deel/models/marts/agg_globepay__declined_by_country.sql
[0m19:39:28.934009 [info ] [MainThread]: 
[0m19:39:28.934221 [info ] [MainThread]:   compiled code at target/compiled/deel/models/marts/agg_globepay__declined_by_country.sql
[0m19:39:28.934393 [info ] [MainThread]: 
[0m19:39:28.934610 [error] [MainThread]: [31mFailure in model agg_globepay__acceptance_by_month (models/marts/agg_globepay__acceptance_by_month.sql)[0m
[0m19:39:28.934838 [error] [MainThread]:   Database Error in model agg_globepay__acceptance_by_month (models/marts/agg_globepay__acceptance_by_month.sql)
  001044 (42P13): SQL compilation error: error line 18 at position 8
  Invalid argument types for function 'SUM': (BOOLEAN)
  compiled code at target/run/deel/models/marts/agg_globepay__acceptance_by_month.sql
[0m19:39:28.935007 [info ] [MainThread]: 
[0m19:39:28.935212 [info ] [MainThread]:   compiled code at target/compiled/deel/models/marts/agg_globepay__acceptance_by_month.sql
[0m19:39:28.935371 [info ] [MainThread]: 
[0m19:39:28.935560 [info ] [MainThread]: Done. PASS=4 WARN=0 ERROR=2 SKIP=0 NO-OP=0 TOTAL=6
[0m19:39:28.937896 [debug] [MainThread]: Resource report: {"command_name": "run", "command_success": false, "command_wall_clock_time": 7.8591266, "process_in_blocks": "0", "process_kernel_time": 0.282638, "process_mem_max_rss": "175865856", "process_out_blocks": "0", "process_user_time": 1.560417}
[0m19:39:28.938176 [debug] [MainThread]: Command `dbt run` failed at 19:39:28.938124 after 7.86 seconds
[0m19:39:28.938540 [debug] [MainThread]: Sending event: {'category': 'dbt', 'action': 'invocation', 'label': 'end', 'context': [<snowplow_tracker.self_describing_json.SelfDescribingJson object at 0x10a31a9f0>, <snowplow_tracker.self_describing_json.SelfDescribingJson object at 0x10d452750>, <snowplow_tracker.self_describing_json.SelfDescribingJson object at 0x10d6a3d10>]}
[0m19:39:28.938937 [debug] [MainThread]: Flushing usage events
[0m19:39:30.067869 [debug] [MainThread]: An error was encountered while trying to flush usage events
[0m19:42:09.608910 [debug] [MainThread]: Sending event: {'category': 'dbt', 'action': 'invocation', 'label': 'start', 'context': [<snowplow_tracker.self_describing_json.SelfDescribingJson object at 0x10cfb42f0>, <snowplow_tracker.self_describing_json.SelfDescribingJson object at 0x10e09b750>, <snowplow_tracker.self_describing_json.SelfDescribingJson object at 0x10e09b9d0>]}


============================== 19:42:09.611670 | 43c91b46-d597-47ca-85e6-493bcb3f50f6 ==============================
[0m19:42:09.611670 [info ] [MainThread]: Running with dbt=1.11.6
[0m19:42:09.611951 [debug] [MainThread]: running dbt with arguments {'version_check': 'True', 'debug': 'False', 'send_anonymous_usage_stats': 'True', 'quiet': 'False', 'partial_parse': 'True', 'introspect': 'True', 'indirect_selection': 'eager', 'write_json': 'True', 'fail_fast': 'False', 'warn_error_options': 'WarnErrorOptionsV2(error=[], warn=[], silence=[])', 'profiles_dir': '/Users/natanmatos/.dbt', 'no_print': 'None', 'static_parser': 'True', 'target_path': 'None', 'log_cache_events': 'False', 'log_format': 'default', 'invocation_command': 'dbt run', 'cache_selected_only': 'False', 'warn_error': 'None', 'empty': 'False', 'use_colors': 'True', 'log_path': '/Users/natanmatos/Documents/deel/deel_chlg/logs', 'use_experimental_parser': 'False', 'printer_width': '80'}
[0m19:42:09.826218 [debug] [MainThread]: Snowflake adapter: Setting snowflake.connector to ERROR (file logging only)
[0m19:42:09.826505 [debug] [MainThread]: Snowflake adapter: Setting botocore to ERROR (file logging only)
[0m19:42:09.826659 [debug] [MainThread]: Snowflake adapter: Setting boto3 to ERROR (file logging only)
[0m19:42:09.902867 [debug] [MainThread]: Sending event: {'category': 'dbt', 'action': 'project_id', 'label': '43c91b46-d597-47ca-85e6-493bcb3f50f6', 'context': [<snowplow_tracker.self_describing_json.SelfDescribingJson object at 0x10d3c8fc0>]}
[0m19:42:09.930698 [debug] [MainThread]: Sending event: {'category': 'dbt', 'action': 'adapter_info', 'label': '43c91b46-d597-47ca-85e6-493bcb3f50f6', 'context': [<snowplow_tracker.self_describing_json.SelfDescribingJson object at 0x10ed068b0>]}
[0m19:42:09.931614 [info ] [MainThread]: Registered adapter: snowflake=1.11.2
[0m19:42:09.988837 [debug] [MainThread]: checksum: ec27062d18352e9cfca161c166fcc73d2201661a23a3cf3c89196a27f32cfcb8, vars: {}, profile: , target: , version: 1.11.6
[0m19:42:10.045454 [debug] [MainThread]: Partial parsing enabled: 0 files deleted, 0 files added, 2 files changed.
[0m19:42:10.045798 [debug] [MainThread]: Partial parsing: updated file: deel://models/marts/agg_globepay__acceptance_by_month.sql
[0m19:42:10.045976 [debug] [MainThread]: Partial parsing: updated file: deel://models/marts/agg_globepay__declined_by_country.sql
[0m19:42:10.158495 [debug] [MainThread]: Sending event: {'category': 'dbt', 'action': 'load_project', 'label': '43c91b46-d597-47ca-85e6-493bcb3f50f6', 'context': [<snowplow_tracker.self_describing_json.SelfDescribingJson object at 0x10f279250>]}
[0m19:42:10.191587 [debug] [MainThread]: Wrote artifact WritableManifest to /Users/natanmatos/Documents/deel/deel_chlg/target/manifest.json
[0m19:42:10.192968 [debug] [MainThread]: Wrote artifact SemanticManifest to /Users/natanmatos/Documents/deel/deel_chlg/target/semantic_manifest.json
[0m19:42:10.204422 [debug] [MainThread]: Sending event: {'category': 'dbt', 'action': 'resource_counts', 'label': '43c91b46-d597-47ca-85e6-493bcb3f50f6', 'context': [<snowplow_tracker.self_describing_json.SelfDescribingJson object at 0x10eccbe30>]}
[0m19:42:10.204678 [info ] [MainThread]: Found 6 models, 2 sources, 523 macros
[0m19:42:10.204838 [debug] [MainThread]: Sending event: {'category': 'dbt', 'action': 'runnable_timing', 'label': '43c91b46-d597-47ca-85e6-493bcb3f50f6', 'context': [<snowplow_tracker.self_describing_json.SelfDescribingJson object at 0x10f04ec10>]}
[0m19:42:10.206035 [info ] [MainThread]: 
[0m19:42:10.206453 [info ] [MainThread]: Concurrency: 4 threads (target='dev')
[0m19:42:10.206613 [info ] [MainThread]: 
[0m19:42:10.206844 [debug] [MainThread]: Acquiring new snowflake connection 'master'
[0m19:42:10.208858 [debug] [ThreadPool]: Acquiring new snowflake connection 'list_DEEL'
[0m19:42:10.209085 [debug] [ThreadPool]: Acquiring new snowflake connection 'list_DEEL'
[0m19:42:10.238679 [debug] [ThreadPool]: Using snowflake connection "list_DEEL"
[0m19:42:10.238934 [debug] [ThreadPool]: Using snowflake connection "list_DEEL"
[0m19:42:10.239085 [debug] [ThreadPool]: On list_DEEL: show terse schemas in database DEEL
    limit 10000
/* {"app": "dbt", "dbt_version": "1.11.6", "profile_name": "deel", "target_name": "dev", "connection_name": "list_DEEL"} */
[0m19:42:10.239218 [debug] [ThreadPool]: On list_DEEL: show terse schemas in database DEEL
    limit 10000
/* {"app": "dbt", "dbt_version": "1.11.6", "profile_name": "deel", "target_name": "dev", "connection_name": "list_DEEL"} */
[0m19:42:10.239346 [debug] [ThreadPool]: Opening a new connection, currently in state init
[0m19:42:10.239460 [debug] [ThreadPool]: Opening a new connection, currently in state init
[0m19:42:11.292566 [debug] [ThreadPool]: SQL status: SUCCESS 4 in 1.053 seconds
[0m19:42:11.297262 [debug] [ThreadPool]: SQL status: SUCCESS 4 in 1.058 seconds
[0m19:42:11.300022 [debug] [ThreadPool]: Re-using an available connection from the pool (formerly list_DEEL, now list_DEEL_staging)
[0m19:42:11.305746 [debug] [ThreadPool]: Re-using an available connection from the pool (formerly list_DEEL, now list_DEEL_analytics)
[0m19:42:11.316704 [debug] [ThreadPool]: Using snowflake connection "list_DEEL_staging"
[0m19:42:11.318676 [debug] [ThreadPool]: Using snowflake connection "list_DEEL_analytics"
[0m19:42:11.318914 [debug] [ThreadPool]: On list_DEEL_staging: show objects in DEEL.staging
    limit 10000
    

/* {"app": "dbt", "dbt_version": "1.11.6", "profile_name": "deel", "target_name": "dev", "connection_name": "list_DEEL_staging"} */;
[0m19:42:11.319123 [debug] [ThreadPool]: On list_DEEL_analytics: show objects in DEEL.analytics
    limit 10000
    

/* {"app": "dbt", "dbt_version": "1.11.6", "profile_name": "deel", "target_name": "dev", "connection_name": "list_DEEL_analytics"} */;
[0m19:42:11.500288 [debug] [ThreadPool]: SQL status: SUCCESS 2 in 0.181 seconds
[0m19:42:11.504034 [debug] [ThreadPool]: SQL status: SUCCESS 2 in 0.185 seconds
[0m19:42:11.506084 [debug] [MainThread]: Sending event: {'category': 'dbt', 'action': 'runnable_timing', 'label': '43c91b46-d597-47ca-85e6-493bcb3f50f6', 'context': [<snowplow_tracker.self_describing_json.SelfDescribingJson object at 0x110348bb0>]}
[0m19:42:11.509704 [debug] [Thread-2 (]: Began running node model.deel.stg_globepay__acceptance
[0m19:42:11.510064 [debug] [Thread-3 (]: Began running node model.deel.stg_globepay__chargeback
[0m19:42:11.510547 [info ] [Thread-2 (]: 1 of 6 START sql view model staging.stg_globepay__acceptance ................... [RUN]
[0m19:42:11.511318 [debug] [Thread-2 (]: Re-using an available connection from the pool (formerly list_DEEL_staging, now model.deel.stg_globepay__acceptance)
[0m19:42:11.510931 [info ] [Thread-3 (]: 2 of 6 START sql view model staging.stg_globepay__chargeback ................... [RUN]
[0m19:42:11.511713 [debug] [Thread-2 (]: Began compiling node model.deel.stg_globepay__acceptance
[0m19:42:11.512020 [debug] [Thread-3 (]: Re-using an available connection from the pool (formerly list_DEEL_analytics, now model.deel.stg_globepay__chargeback)
[0m19:42:11.522676 [debug] [Thread-2 (]: Writing injected SQL for node "model.deel.stg_globepay__acceptance"
[0m19:42:11.523011 [debug] [Thread-3 (]: Began compiling node model.deel.stg_globepay__chargeback
[0m19:42:11.525408 [debug] [Thread-3 (]: Writing injected SQL for node "model.deel.stg_globepay__chargeback"
[0m19:42:11.526247 [debug] [Thread-3 (]: Began executing node model.deel.stg_globepay__chargeback
[0m19:42:11.526530 [debug] [Thread-2 (]: Began executing node model.deel.stg_globepay__acceptance
[0m19:42:11.544588 [debug] [Thread-3 (]: Writing runtime sql for node "model.deel.stg_globepay__chargeback"
[0m19:42:11.545885 [debug] [Thread-2 (]: Writing runtime sql for node "model.deel.stg_globepay__acceptance"
[0m19:42:11.546782 [debug] [Thread-3 (]: Using snowflake connection "model.deel.stg_globepay__chargeback"
[0m19:42:11.547671 [debug] [Thread-2 (]: Using snowflake connection "model.deel.stg_globepay__acceptance"
[0m19:42:11.547869 [debug] [Thread-3 (]: On model.deel.stg_globepay__chargeback: create or replace   view DEEL.staging.stg_globepay__chargeback
  
  
  
  
  as (
    -- models/staging/stg_globepay_chargeback.sql
--
-- Cleans and type-casts the raw Globepay Chargeback Report.
-- One row per transaction with chargeback status.

with source as (
    select * from DEEL.RAW.globepay_chargeback
),

renamed as (
    select
        -- identifiers
        external_ref                                     as external_ref,
        status::boolean                                  as is_active,
        source                                           as payment_source,
        (upper(trim(chargeback)) = 'TRUE')::boolean       as has_chargeback
    from source
)

select * from renamed
  )
/* {"app": "dbt", "dbt_version": "1.11.6", "profile_name": "deel", "target_name": "dev", "node_id": "model.deel.stg_globepay__chargeback"} */;
[0m19:42:11.548112 [debug] [Thread-2 (]: On model.deel.stg_globepay__acceptance: create or replace   view DEEL.staging.stg_globepay__acceptance
  
  
  
  
  as (
    -- models/staging/stg_globepay_acceptance.sql
--
-- Cleans and type-casts the raw Globepay Acceptance Report.
-- One row per transaction attempt.

with source as (
    select * from DEEL.RAW.globepay_acceptance
),

renamed as (
    select
        -- identifiers
        external_ref                                     as external_ref,
        ref                                              as merchant_ref,

        -- metadata
        status::boolean                                  as is_active,
        source                                           as payment_source,

        -- temporal
        to_timestamp_ntz(date_time)                      as transaction_at,
        date_trunc('month', transaction_at)              as transaction_month,

        -- transaction details
        upper(trim(state))                               as state,
        (upper(trim(state)) = 'ACCEPTED')::boolean       as is_accepted,
        amount::float                                    as amount,
        upper(trim(currency))                            as currency,
        upper(trim(country))                             as country,
        cvv_provided::boolean                            as cvv_provided,

        -- exchange rates stored as JSON string → parse key fields
        try_parse_json(rates)                            as rates_json,
         -- derived: normalise amount to USD
        case currency
            when 'USD' then amount
            when 'EUR' then amount / nullif(rates_json['EUR']::float, 0)
            when 'GBP' then amount / nullif(rates_json['GBP']::float, 0)
            when 'CAD' then amount / nullif(rates_json['CAD']::float, 0)
            when 'MXN' then amount / nullif(rates_json['MXN']::float, 0)
            else null
        end                                              as amount_usd

    from source
)

select * from renamed
  )
/* {"app": "dbt", "dbt_version": "1.11.6", "profile_name": "deel", "target_name": "dev", "node_id": "model.deel.stg_globepay__acceptance"} */;
[0m19:42:11.837155 [debug] [Thread-3 (]: SQL status: SUCCESS 1 in 0.289 seconds
[0m19:42:11.868440 [debug] [Thread-2 (]: SQL status: SUCCESS 1 in 0.320 seconds
[0m19:42:11.870302 [debug] [Thread-3 (]: Sending event: {'category': 'dbt', 'action': 'run_model', 'label': '43c91b46-d597-47ca-85e6-493bcb3f50f6', 'context': [<snowplow_tracker.self_describing_json.SelfDescribingJson object at 0x10ffe6c90>]}
[0m19:42:11.870610 [debug] [Thread-2 (]: Sending event: {'category': 'dbt', 'action': 'run_model', 'label': '43c91b46-d597-47ca-85e6-493bcb3f50f6', 'context': [<snowplow_tracker.self_describing_json.SelfDescribingJson object at 0x10ffd92e0>]}
[0m19:42:11.871229 [info ] [Thread-2 (]: 1 of 6 OK created sql view model staging.stg_globepay__acceptance .............. [[32mSUCCESS 1[0m in 0.36s]
[0m19:42:11.872086 [debug] [Thread-2 (]: Finished running node model.deel.stg_globepay__acceptance
[0m19:42:11.871614 [info ] [Thread-3 (]: 2 of 6 OK created sql view model staging.stg_globepay__chargeback .............. [[32mSUCCESS 1[0m in 0.35s]
[0m19:42:11.872702 [debug] [Thread-3 (]: Finished running node model.deel.stg_globepay__chargeback
[0m19:42:11.873275 [debug] [Thread-2 (]: Began running node model.deel.fct_globepay__transactions
[0m19:42:11.873572 [debug] [Thread-4 (]: Began running node model.deel.agg_globepay__acceptance_by_month
[0m19:42:11.873840 [debug] [Thread-5 (]: Began running node model.deel.agg_globepay__declined_by_country
[0m19:42:11.874157 [info ] [Thread-2 (]: 5 of 6 START sql table model analytics.fct_globepay__transactions .............. [RUN]
[0m19:42:11.874505 [info ] [Thread-4 (]: 3 of 6 START sql table model analytics.agg_globepay__acceptance_by_month ....... [RUN]
[0m19:42:11.874796 [info ] [Thread-5 (]: 4 of 6 START sql table model analytics.agg_globepay__declined_by_country ....... [RUN]
[0m19:42:11.875098 [debug] [Thread-2 (]: Re-using an available connection from the pool (formerly model.deel.stg_globepay__acceptance, now model.deel.fct_globepay__transactions)
[0m19:42:11.875399 [debug] [Thread-4 (]: Acquiring new snowflake connection 'model.deel.agg_globepay__acceptance_by_month'
[0m19:42:11.875669 [debug] [Thread-5 (]: Acquiring new snowflake connection 'model.deel.agg_globepay__declined_by_country'
[0m19:42:11.875893 [debug] [Thread-2 (]: Began compiling node model.deel.fct_globepay__transactions
[0m19:42:11.876103 [debug] [Thread-4 (]: Began compiling node model.deel.agg_globepay__acceptance_by_month
[0m19:42:11.876314 [debug] [Thread-5 (]: Began compiling node model.deel.agg_globepay__declined_by_country
[0m19:42:11.878888 [debug] [Thread-2 (]: Writing injected SQL for node "model.deel.fct_globepay__transactions"
[0m19:42:11.881644 [debug] [Thread-4 (]: Writing injected SQL for node "model.deel.agg_globepay__acceptance_by_month"
[0m19:42:11.883205 [debug] [Thread-5 (]: Writing injected SQL for node "model.deel.agg_globepay__declined_by_country"
[0m19:42:11.883903 [debug] [Thread-4 (]: Began executing node model.deel.agg_globepay__acceptance_by_month
[0m19:42:11.884365 [debug] [Thread-2 (]: Began executing node model.deel.fct_globepay__transactions
[0m19:42:11.884612 [debug] [Thread-5 (]: Began executing node model.deel.agg_globepay__declined_by_country
[0m19:42:11.900242 [debug] [Thread-4 (]: Writing runtime sql for node "model.deel.agg_globepay__acceptance_by_month"
[0m19:42:11.901569 [debug] [Thread-2 (]: Writing runtime sql for node "model.deel.fct_globepay__transactions"
[0m19:42:11.902870 [debug] [Thread-5 (]: Writing runtime sql for node "model.deel.agg_globepay__declined_by_country"
[0m19:42:11.903964 [debug] [Thread-4 (]: Using snowflake connection "model.deel.agg_globepay__acceptance_by_month"
[0m19:42:11.904733 [debug] [Thread-2 (]: Using snowflake connection "model.deel.fct_globepay__transactions"
[0m19:42:11.904948 [debug] [Thread-4 (]: On model.deel.agg_globepay__acceptance_by_month: create or replace transient table DEEL.analytics.agg_globepay__acceptance_by_month
    
    
    
    as (-- models/marts/agg_globepay__acceptance_by_month.sql
--
-- Monthly acceptance rate summary.
-- Answers Q1: "What is the acceptance rate over time?"

with base as (
    select * from DEEL.staging.stg_globepay__acceptance
),

monthly as (
    select
        transaction_month,
        count(*) as total_transactions,
        sum(is_accepted::int) as accepted_transactions,
        round(sum(is_accepted::int) / count(*) * 100, 2) as acceptance_rate_pct,
        sum(amount_usd) as total_amount_usd,
        sum(is_accepted::int) as accepted_amount_usd,
        sum(case when not is_accepted then amount_usd end) as declined_amount_usd
    from base
    group by 1
)

select * from monthly
    )

/* {"app": "dbt", "dbt_version": "1.11.6", "profile_name": "deel", "target_name": "dev", "node_id": "model.deel.agg_globepay__acceptance_by_month"} */;
[0m19:42:11.905517 [debug] [Thread-5 (]: Using snowflake connection "model.deel.agg_globepay__declined_by_country"
[0m19:42:11.905741 [debug] [Thread-2 (]: On model.deel.fct_globepay__transactions: create or replace transient table DEEL.analytics.fct_globepay__transactions
    
    
    
    as (-- models/marts/fct_globepay__transactions.sql
--
-- Production fact table joining acceptance + chargeback data.
-- Grain: one row per transaction (external_ref).
-- Use this model to answer questions about acceptance rates,
-- declined amounts by country, and chargeback coverage.

with acceptance as (
    select * from DEEL.staging.stg_globepay__acceptance
),

chargeback as (
    select * from DEEL.staging.stg_globepay__chargeback
),

joined as (
    select
        -- identifiers
        a.external_ref,
        a.merchant_ref,
        -- dimensions
        a.transaction_at,
        a.transaction_month,
        date_trunc('week',  a.transaction_at)   as transaction_week,
        date_trunc('day',   a.transaction_at)   as transaction_date,
        year(a.transaction_at)                  as transaction_year,
        month(a.transaction_at)                 as transaction_month_num,
        a.country,
        a.currency,
        a.payment_source,
        a.cvv_provided,
        -- transaction outcome
        a.state,
        a.is_accepted,
        (not a.is_accepted)                     as is_declined,
        -- amounts 
        a.amount,
        a.amount_usd,
        -- chargeback
        c.has_chargeback,
        -- flag rows where chargeback data is absent (left-join guard)
        (c.external_ref is null)                as is_missing_chargeback_data
    
    from acceptance a
    left join chargeback c
        on a.external_ref = c.external_ref
)

select * from joined
    )

/* {"app": "dbt", "dbt_version": "1.11.6", "profile_name": "deel", "target_name": "dev", "node_id": "model.deel.fct_globepay__transactions"} */;
[0m19:42:11.905959 [debug] [Thread-4 (]: Opening a new connection, currently in state init
[0m19:42:11.906152 [debug] [Thread-5 (]: On model.deel.agg_globepay__declined_by_country: create or replace transient table DEEL.analytics.agg_globepay__declined_by_country
    
    
    
    as (-- models/marts/agg_globepay__declined_by_country.sql
--
-- Total declined transaction value by country (USD).
-- Answers Q2: "Countries where declined transactions went over $25M"

with base as (
    select * from DEEL.staging.stg_globepay__acceptance
),

by_country as (
    select
        country,
        count(*) as total_transactions,
        sum((not is_accepted)::int) as declined_transactions,
        round(sum(case when not is_accepted then amount_usd end), 2) as declined_amount_usd,
        round(sum((not is_accepted)::int)::float / nullif(count(*), 0) * 100, 2) as decline_rate_pct
    from base
    group by 1
),

flagged as (
    select
        *,
        (declined_amount_usd > 25000000) as exceeds_25m_threshold
    from by_country
    order by declined_amount_usd desc
)

select * from flagged
    )

/* {"app": "dbt", "dbt_version": "1.11.6", "profile_name": "deel", "target_name": "dev", "node_id": "model.deel.agg_globepay__declined_by_country"} */;
[0m19:42:11.906600 [debug] [Thread-5 (]: Opening a new connection, currently in state init
[0m19:42:12.868288 [debug] [Thread-2 (]: SQL status: SUCCESS 5430 in 0.962 seconds
[0m19:42:12.870932 [debug] [Thread-2 (]: Sending event: {'category': 'dbt', 'action': 'run_model', 'label': '43c91b46-d597-47ca-85e6-493bcb3f50f6', 'context': [<snowplow_tracker.self_describing_json.SelfDescribingJson object at 0x1105c7610>]}
[0m19:42:12.871895 [info ] [Thread-2 (]: 5 of 6 OK created sql table model analytics.fct_globepay__transactions ......... [[32mSUCCESS 5430[0m in 1.00s]
[0m19:42:12.872633 [debug] [Thread-2 (]: Finished running node model.deel.fct_globepay__transactions
[0m19:42:12.873343 [debug] [Thread-3 (]: Began running node model.deel.fct_globepay__missing_chargebacks
[0m19:42:12.873958 [info ] [Thread-3 (]: 6 of 6 START sql table model analytics.fct_globepay__missing_chargebacks ....... [RUN]
[0m19:42:12.874340 [debug] [Thread-3 (]: Re-using an available connection from the pool (formerly model.deel.stg_globepay__chargeback, now model.deel.fct_globepay__missing_chargebacks)
[0m19:42:12.874573 [debug] [Thread-3 (]: Began compiling node model.deel.fct_globepay__missing_chargebacks
[0m19:42:12.876505 [debug] [Thread-3 (]: Writing injected SQL for node "model.deel.fct_globepay__missing_chargebacks"
[0m19:42:12.877205 [debug] [Thread-3 (]: Began executing node model.deel.fct_globepay__missing_chargebacks
[0m19:42:12.880455 [debug] [Thread-3 (]: Writing runtime sql for node "model.deel.fct_globepay__missing_chargebacks"
[0m19:42:12.881759 [debug] [Thread-3 (]: Using snowflake connection "model.deel.fct_globepay__missing_chargebacks"
[0m19:42:12.882194 [debug] [Thread-3 (]: On model.deel.fct_globepay__missing_chargebacks: create or replace transient table DEEL.analytics.fct_globepay__missing_chargebacks
    
    
    
    as (-- models/marts/fct_globepay__missing_chargebacks.sql
--
-- Transactions where chargeback data is absent.
-- Answers Q3: "Which transactions are missing chargeback data?"
--
-- NOTE: In the current dataset all transactions are present in both
-- the acceptance and chargeback reports (0 missing). This model
-- will remain empty but will surface any future gaps automatically.

select
    external_ref,
    merchant_ref,
    transaction_at,
    country,
    amount,
    amount_usd,
    state,
    is_accepted
from DEEL.analytics.fct_globepay__transactions
where is_missing_chargeback_data = true
order by transaction_at
    )

/* {"app": "dbt", "dbt_version": "1.11.6", "profile_name": "deel", "target_name": "dev", "node_id": "model.deel.fct_globepay__missing_chargebacks"} */;
[0m19:42:13.398610 [debug] [Thread-3 (]: SQL status: SUCCESS 1 in 0.516 seconds
[0m19:42:13.402859 [debug] [Thread-3 (]: Sending event: {'category': 'dbt', 'action': 'run_model', 'label': '43c91b46-d597-47ca-85e6-493bcb3f50f6', 'context': [<snowplow_tracker.self_describing_json.SelfDescribingJson object at 0x110605b50>]}
[0m19:42:13.403927 [info ] [Thread-3 (]: 6 of 6 OK created sql table model analytics.fct_globepay__missing_chargebacks .. [[32mSUCCESS 1[0m in 0.53s]
[0m19:42:13.404805 [debug] [Thread-3 (]: Finished running node model.deel.fct_globepay__missing_chargebacks
[0m19:42:13.543353 [debug] [Thread-5 (]: SQL status: SUCCESS 6 in 1.636 seconds
[0m19:42:13.546966 [debug] [Thread-5 (]: Sending event: {'category': 'dbt', 'action': 'run_model', 'label': '43c91b46-d597-47ca-85e6-493bcb3f50f6', 'context': [<snowplow_tracker.self_describing_json.SelfDescribingJson object at 0x1105ab1c0>]}
[0m19:42:13.548072 [info ] [Thread-5 (]: 4 of 6 OK created sql table model analytics.agg_globepay__declined_by_country .. [[32mSUCCESS 6[0m in 1.67s]
[0m19:42:13.548994 [debug] [Thread-5 (]: Finished running node model.deel.agg_globepay__declined_by_country
[0m19:42:13.737733 [debug] [Thread-4 (]: SQL status: SUCCESS 6 in 1.832 seconds
[0m19:42:13.740606 [debug] [Thread-4 (]: Sending event: {'category': 'dbt', 'action': 'run_model', 'label': '43c91b46-d597-47ca-85e6-493bcb3f50f6', 'context': [<snowplow_tracker.self_describing_json.SelfDescribingJson object at 0x1103df110>]}
[0m19:42:13.741634 [info ] [Thread-4 (]: 3 of 6 OK created sql table model analytics.agg_globepay__acceptance_by_month .. [[32mSUCCESS 6[0m in 1.87s]
[0m19:42:13.742553 [debug] [Thread-4 (]: Finished running node model.deel.agg_globepay__acceptance_by_month
[0m19:42:13.744376 [debug] [MainThread]: Connection 'master' was properly closed.
[0m19:42:13.745017 [debug] [MainThread]: Connection 'model.deel.fct_globepay__transactions' was left open.
[0m19:42:13.745358 [debug] [MainThread]: On model.deel.fct_globepay__transactions: Close
[0m19:42:14.026955 [debug] [MainThread]: Connection 'model.deel.fct_globepay__missing_chargebacks' was left open.
[0m19:42:14.027691 [debug] [MainThread]: On model.deel.fct_globepay__missing_chargebacks: Close
[0m19:42:14.312517 [debug] [MainThread]: Connection 'model.deel.agg_globepay__acceptance_by_month' was left open.
[0m19:42:14.313326 [debug] [MainThread]: On model.deel.agg_globepay__acceptance_by_month: Close
[0m19:42:14.597036 [debug] [MainThread]: Connection 'model.deel.agg_globepay__declined_by_country' was left open.
[0m19:42:14.598153 [debug] [MainThread]: On model.deel.agg_globepay__declined_by_country: Close
[0m19:42:14.881393 [info ] [MainThread]: 
[0m19:42:14.882290 [info ] [MainThread]: Finished running 4 table models, 2 view models in 0 hours 0 minutes and 4.67 seconds (4.67s).
[0m19:42:14.883944 [debug] [MainThread]: Command end result
[0m19:42:14.917944 [debug] [MainThread]: Wrote artifact WritableManifest to /Users/natanmatos/Documents/deel/deel_chlg/target/manifest.json
[0m19:42:14.920035 [debug] [MainThread]: Wrote artifact SemanticManifest to /Users/natanmatos/Documents/deel/deel_chlg/target/semantic_manifest.json
[0m19:42:14.925511 [debug] [MainThread]: Wrote artifact RunExecutionResult to /Users/natanmatos/Documents/deel/deel_chlg/target/run_results.json
[0m19:42:14.925807 [info ] [MainThread]: 
[0m19:42:14.926077 [info ] [MainThread]: [32mCompleted successfully[0m
[0m19:42:14.926400 [info ] [MainThread]: 
[0m19:42:14.926665 [info ] [MainThread]: Done. PASS=6 WARN=0 ERROR=0 SKIP=0 NO-OP=0 TOTAL=6
[0m19:42:14.929317 [debug] [MainThread]: Resource report: {"command_name": "run", "command_success": true, "command_wall_clock_time": 5.35216, "process_in_blocks": "0", "process_kernel_time": 0.258786, "process_mem_max_rss": "175013888", "process_out_blocks": "0", "process_user_time": 1.510178}
[0m19:42:14.929662 [debug] [MainThread]: Command `dbt run` succeeded at 19:42:14.929602 after 5.35 seconds
[0m19:42:14.929968 [debug] [MainThread]: Sending event: {'category': 'dbt', 'action': 'invocation', 'label': 'end', 'context': [<snowplow_tracker.self_describing_json.SelfDescribingJson object at 0x10d9d8890>, <snowplow_tracker.self_describing_json.SelfDescribingJson object at 0x1104b53d0>, <snowplow_tracker.self_describing_json.SelfDescribingJson object at 0x1104b75f0>]}
[0m19:42:14.930260 [debug] [MainThread]: Flushing usage events
[0m19:42:16.041183 [debug] [MainThread]: An error was encountered while trying to flush usage events
[0m19:51:40.126037 [debug] [MainThread]: Sending event: {'category': 'dbt', 'action': 'invocation', 'label': 'start', 'context': [<snowplow_tracker.self_describing_json.SelfDescribingJson object at 0x10a7b02f0>, <snowplow_tracker.self_describing_json.SelfDescribingJson object at 0x10b88f750>, <snowplow_tracker.self_describing_json.SelfDescribingJson object at 0x10b88f9d0>]}


============================== 19:51:40.128894 | 37977736-af60-48bb-9038-5ff76bf9a907 ==============================
[0m19:51:40.128894 [info ] [MainThread]: Running with dbt=1.11.6
[0m19:51:40.129171 [debug] [MainThread]: running dbt with arguments {'write_json': 'True', 'log_cache_events': 'False', 'log_format': 'default', 'quiet': 'False', 'profiles_dir': '/Users/natanmatos/.dbt', 'send_anonymous_usage_stats': 'True', 'warn_error_options': 'WarnErrorOptionsV2(error=[], warn=[], silence=[])', 'cache_selected_only': 'False', 'log_path': '/Users/natanmatos/Documents/deel/deel_chlg/logs', 'warn_error': 'None', 'no_print': 'None', 'use_experimental_parser': 'False', 'empty': 'None', 'printer_width': '80', 'target_path': 'None', 'debug': 'False', 'introspect': 'True', 'invocation_command': 'dbt clean', 'fail_fast': 'False', 'use_colors': 'True', 'partial_parse': 'True', 'static_parser': 'True', 'version_check': 'True', 'indirect_selection': 'eager'}
[0m19:51:40.180259 [debug] [MainThread]: Sending event: {'category': 'dbt', 'action': 'project_id', 'label': '37977736-af60-48bb-9038-5ff76bf9a907', 'context': [<snowplow_tracker.self_describing_json.SelfDescribingJson object at 0x10abc4fc0>]}
[0m19:51:40.191778 [debug] [MainThread]: Resource report: {"command_name": "clean", "command_success": true, "command_wall_clock_time": 0.098548375, "process_in_blocks": "0", "process_kernel_time": 0.090662, "process_mem_max_rss": "114720768", "process_out_blocks": "0", "process_user_time": 0.636271}
[0m19:51:40.191977 [debug] [MainThread]: Command `dbt clean` succeeded at 19:51:40.191938 after 0.10 seconds
[0m19:51:40.192123 [debug] [MainThread]: Sending event: {'category': 'dbt', 'action': 'invocation', 'label': 'end', 'context': [<snowplow_tracker.self_describing_json.SelfDescribingJson object at 0x10b71a470>, <snowplow_tracker.self_describing_json.SelfDescribingJson object at 0x10b71a360>, <snowplow_tracker.self_describing_json.SelfDescribingJson object at 0x10b7f3450>]}
[0m19:51:40.192258 [debug] [MainThread]: Flushing usage events
[0m19:51:41.117939 [debug] [MainThread]: An error was encountered while trying to flush usage events
[0m19:51:43.929077 [debug] [MainThread]: Sending event: {'category': 'dbt', 'action': 'invocation', 'label': 'start', 'context': [<snowplow_tracker.self_describing_json.SelfDescribingJson object at 0x10ad642f0>, <snowplow_tracker.self_describing_json.SelfDescribingJson object at 0x10be4f750>, <snowplow_tracker.self_describing_json.SelfDescribingJson object at 0x10be4f9d0>]}


============================== 19:51:43.931614 | c1ad8941-9762-4d26-a255-c07d9676ee8d ==============================
[0m19:51:43.931614 [info ] [MainThread]: Running with dbt=1.11.6
[0m19:51:43.931907 [debug] [MainThread]: running dbt with arguments {'warn_error_options': 'WarnErrorOptionsV2(error=[], warn=[], silence=[])', 'write_json': 'True', 'partial_parse': 'True', 'printer_width': '80', 'use_colors': 'True', 'cache_selected_only': 'False', 'indirect_selection': 'eager', 'use_experimental_parser': 'False', 'log_format': 'default', 'empty': 'False', 'introspect': 'True', 'warn_error': 'None', 'log_cache_events': 'False', 'debug': 'False', 'invocation_command': 'dbt run', 'quiet': 'False', 'fail_fast': 'False', 'send_anonymous_usage_stats': 'True', 'target_path': 'None', 'static_parser': 'True', 'no_print': 'None', 'log_path': '/Users/natanmatos/Documents/deel/deel_chlg/logs', 'profiles_dir': '/Users/natanmatos/.dbt', 'version_check': 'True'}
[0m19:51:44.131181 [debug] [MainThread]: Snowflake adapter: Setting snowflake.connector to ERROR (file logging only)
[0m19:51:44.131419 [debug] [MainThread]: Snowflake adapter: Setting botocore to ERROR (file logging only)
[0m19:51:44.131563 [debug] [MainThread]: Snowflake adapter: Setting boto3 to ERROR (file logging only)
[0m19:51:44.205971 [debug] [MainThread]: Sending event: {'category': 'dbt', 'action': 'project_id', 'label': 'c1ad8941-9762-4d26-a255-c07d9676ee8d', 'context': [<snowplow_tracker.self_describing_json.SelfDescribingJson object at 0x10b178fc0>]}
[0m19:51:44.232888 [debug] [MainThread]: Sending event: {'category': 'dbt', 'action': 'adapter_info', 'label': 'c1ad8941-9762-4d26-a255-c07d9676ee8d', 'context': [<snowplow_tracker.self_describing_json.SelfDescribingJson object at 0x10cab68b0>]}
[0m19:51:44.233437 [info ] [MainThread]: Registered adapter: snowflake=1.11.2
[0m19:51:44.288433 [debug] [MainThread]: checksum: ec27062d18352e9cfca161c166fcc73d2201661a23a3cf3c89196a27f32cfcb8, vars: {}, profile: , target: , version: 1.11.6
[0m19:51:44.288894 [info ] [MainThread]: Unable to do partial parsing because saved manifest not found. Starting full parse.
[0m19:51:44.289083 [debug] [MainThread]: Sending event: {'category': 'dbt', 'action': 'partial_parser', 'label': 'c1ad8941-9762-4d26-a255-c07d9676ee8d', 'context': [<snowplow_tracker.self_describing_json.SelfDescribingJson object at 0x10ca86950>]}
[0m19:51:44.842948 [debug] [MainThread]: Sending event: {'category': 'dbt', 'action': 'load_project', 'label': 'c1ad8941-9762-4d26-a255-c07d9676ee8d', 'context': [<snowplow_tracker.self_describing_json.SelfDescribingJson object at 0x10cb04500>]}
[0m19:51:44.878827 [debug] [MainThread]: Wrote artifact WritableManifest to /Users/natanmatos/Documents/deel/deel_chlg/target/manifest.json
[0m19:51:44.879948 [debug] [MainThread]: Wrote artifact SemanticManifest to /Users/natanmatos/Documents/deel/deel_chlg/target/semantic_manifest.json
[0m19:51:44.888155 [debug] [MainThread]: Sending event: {'category': 'dbt', 'action': 'resource_counts', 'label': 'c1ad8941-9762-4d26-a255-c07d9676ee8d', 'context': [<snowplow_tracker.self_describing_json.SelfDescribingJson object at 0x10d2b6350>]}
[0m19:51:44.888369 [info ] [MainThread]: Found 6 models, 2 data tests, 2 sources, 523 macros
[0m19:51:44.888515 [debug] [MainThread]: Sending event: {'category': 'dbt', 'action': 'runnable_timing', 'label': 'c1ad8941-9762-4d26-a255-c07d9676ee8d', 'context': [<snowplow_tracker.self_describing_json.SelfDescribingJson object at 0x10d0fac30>]}
[0m19:51:44.889345 [info ] [MainThread]: 
[0m19:51:44.889492 [info ] [MainThread]: Concurrency: 4 threads (target='dev')
[0m19:51:44.889608 [info ] [MainThread]: 
[0m19:51:44.889818 [debug] [MainThread]: Acquiring new snowflake connection 'master'
[0m19:51:44.891766 [debug] [ThreadPool]: Acquiring new snowflake connection 'list_DEEL'
[0m19:51:44.897846 [debug] [ThreadPool]: Acquiring new snowflake connection 'list_DEEL'
[0m19:51:44.921865 [debug] [ThreadPool]: Using snowflake connection "list_DEEL"
[0m19:51:44.922104 [debug] [ThreadPool]: Using snowflake connection "list_DEEL"
[0m19:51:44.922243 [debug] [ThreadPool]: On list_DEEL: show terse schemas in database DEEL
    limit 10000
/* {"app": "dbt", "dbt_version": "1.11.6", "profile_name": "deel", "target_name": "dev", "connection_name": "list_DEEL"} */
[0m19:51:44.922380 [debug] [ThreadPool]: On list_DEEL: show terse schemas in database DEEL
    limit 10000
/* {"app": "dbt", "dbt_version": "1.11.6", "profile_name": "deel", "target_name": "dev", "connection_name": "list_DEEL"} */
[0m19:51:44.922504 [debug] [ThreadPool]: Opening a new connection, currently in state init
[0m19:51:44.922618 [debug] [ThreadPool]: Opening a new connection, currently in state init
[0m19:51:47.253073 [debug] [ThreadPool]: SQL status: SUCCESS 4 in 2.330 seconds
[0m19:51:47.393896 [debug] [ThreadPool]: SQL status: SUCCESS 4 in 2.471 seconds
[0m19:51:47.396692 [debug] [ThreadPool]: Re-using an available connection from the pool (formerly list_DEEL, now list_DEEL_staging)
[0m19:51:47.402510 [debug] [ThreadPool]: Re-using an available connection from the pool (formerly list_DEEL, now list_DEEL_analytics)
[0m19:51:47.407506 [debug] [ThreadPool]: Using snowflake connection "list_DEEL_staging"
[0m19:51:47.408771 [debug] [ThreadPool]: Using snowflake connection "list_DEEL_analytics"
[0m19:51:47.409001 [debug] [ThreadPool]: On list_DEEL_staging: show objects in DEEL.staging
    limit 10000
    

/* {"app": "dbt", "dbt_version": "1.11.6", "profile_name": "deel", "target_name": "dev", "connection_name": "list_DEEL_staging"} */;
[0m19:51:47.409207 [debug] [ThreadPool]: On list_DEEL_analytics: show objects in DEEL.analytics
    limit 10000
    

/* {"app": "dbt", "dbt_version": "1.11.6", "profile_name": "deel", "target_name": "dev", "connection_name": "list_DEEL_analytics"} */;
[0m19:51:47.600528 [debug] [ThreadPool]: SQL status: SUCCESS 2 in 0.191 seconds
[0m19:51:47.629037 [debug] [ThreadPool]: SQL status: SUCCESS 4 in 0.219 seconds
[0m19:51:47.633029 [debug] [MainThread]: Sending event: {'category': 'dbt', 'action': 'runnable_timing', 'label': 'c1ad8941-9762-4d26-a255-c07d9676ee8d', 'context': [<snowplow_tracker.self_describing_json.SelfDescribingJson object at 0x10e111190>]}
[0m19:51:47.637051 [debug] [Thread-3 (]: Began running node model.deel.stg_globepay__chargeback
[0m19:51:47.637386 [debug] [Thread-2 (]: Began running node model.deel.stg_globepay__acceptance
[0m19:51:47.637836 [info ] [Thread-3 (]: 2 of 6 START sql view model staging.stg_globepay__chargeback ................... [RUN]
[0m19:51:47.638225 [info ] [Thread-2 (]: 1 of 6 START sql view model staging.stg_globepay__acceptance ................... [RUN]
[0m19:51:47.638695 [debug] [Thread-3 (]: Re-using an available connection from the pool (formerly list_DEEL_analytics, now model.deel.stg_globepay__chargeback)
[0m19:51:47.638971 [debug] [Thread-2 (]: Re-using an available connection from the pool (formerly list_DEEL_staging, now model.deel.stg_globepay__acceptance)
[0m19:51:47.639209 [debug] [Thread-3 (]: Began compiling node model.deel.stg_globepay__chargeback
[0m19:51:47.639468 [debug] [Thread-2 (]: Began compiling node model.deel.stg_globepay__acceptance
[0m19:51:47.647445 [debug] [Thread-3 (]: Writing injected SQL for node "model.deel.stg_globepay__chargeback"
[0m19:51:47.649950 [debug] [Thread-2 (]: Writing injected SQL for node "model.deel.stg_globepay__acceptance"
[0m19:51:47.653222 [debug] [Thread-3 (]: Began executing node model.deel.stg_globepay__chargeback
[0m19:51:47.653547 [debug] [Thread-2 (]: Began executing node model.deel.stg_globepay__acceptance
[0m19:51:47.684912 [debug] [Thread-2 (]: Writing runtime sql for node "model.deel.stg_globepay__acceptance"
[0m19:51:47.687735 [debug] [Thread-3 (]: Writing runtime sql for node "model.deel.stg_globepay__chargeback"
[0m19:51:47.688710 [debug] [Thread-3 (]: Using snowflake connection "model.deel.stg_globepay__chargeback"
[0m19:51:47.689585 [debug] [Thread-2 (]: Using snowflake connection "model.deel.stg_globepay__acceptance"
[0m19:51:47.689786 [debug] [Thread-3 (]: On model.deel.stg_globepay__chargeback: create or replace   view DEEL.staging.stg_globepay__chargeback
  
  
  
  
  as (
    -- models/staging/stg_globepay_chargeback.sql
--
-- Cleans and type-casts the raw Globepay Chargeback Report.
-- One row per transaction with chargeback status.

with source as (
    select * from DEEL.RAW.globepay_chargeback
),

renamed as (
    select
        -- identifiers
        external_ref                                     as external_ref,
        status::boolean                                  as is_active,
        source                                           as payment_source,
        (upper(trim(chargeback)) = 'TRUE')::boolean       as has_chargeback
    from source
)

select * from renamed
  )
/* {"app": "dbt", "dbt_version": "1.11.6", "profile_name": "deel", "target_name": "dev", "node_id": "model.deel.stg_globepay__chargeback"} */;
[0m19:51:47.690039 [debug] [Thread-2 (]: On model.deel.stg_globepay__acceptance: create or replace   view DEEL.staging.stg_globepay__acceptance
  
  
  
  
  as (
    -- models/staging/stg_globepay_acceptance.sql
--
-- Cleans and type-casts the raw Globepay Acceptance Report.
-- One row per transaction attempt.

with source as (
    select * from DEEL.RAW.globepay_acceptance
),

renamed as (
    select
        -- identifiers
        external_ref                                     as external_ref,
        ref                                              as merchant_ref,

        -- metadata
        status::boolean                                  as is_active,
        source                                           as payment_source,

        -- temporal
        to_timestamp_ntz(date_time)                      as transaction_at,
        date_trunc('month', transaction_at)              as transaction_month,

        -- transaction details
        upper(trim(state))                               as state,
        (upper(trim(state)) = 'ACCEPTED')::boolean       as is_accepted,
        amount::float                                    as amount,
        upper(trim(currency))                            as currency,
        upper(trim(country))                             as country,
        cvv_provided::boolean                            as cvv_provided,

        -- exchange rates stored as JSON string → parse key fields
        try_parse_json(rates)                            as rates_json,
         -- derived: normalise amount to USD
        case currency
            when 'USD' then amount
            when 'EUR' then amount / nullif(rates_json['EUR']::float, 0)
            when 'GBP' then amount / nullif(rates_json['GBP']::float, 0)
            when 'CAD' then amount / nullif(rates_json['CAD']::float, 0)
            when 'MXN' then amount / nullif(rates_json['MXN']::float, 0)
            else null
        end                                              as amount_usd

    from source
)

select * from renamed
  )
/* {"app": "dbt", "dbt_version": "1.11.6", "profile_name": "deel", "target_name": "dev", "node_id": "model.deel.stg_globepay__acceptance"} */;
[0m19:51:47.976428 [debug] [Thread-3 (]: SQL status: SUCCESS 1 in 0.286 seconds
[0m19:51:48.001179 [debug] [Thread-3 (]: Sending event: {'category': 'dbt', 'action': 'run_model', 'label': 'c1ad8941-9762-4d26-a255-c07d9676ee8d', 'context': [<snowplow_tracker.self_describing_json.SelfDescribingJson object at 0x10e47dc80>]}
[0m19:51:48.001736 [info ] [Thread-3 (]: 2 of 6 OK created sql view model staging.stg_globepay__chargeback .............. [[32mSUCCESS 1[0m in 0.36s]
[0m19:51:48.002136 [debug] [Thread-3 (]: Finished running node model.deel.stg_globepay__chargeback
[0m19:51:48.122766 [debug] [Thread-2 (]: SQL status: SUCCESS 1 in 0.432 seconds
[0m19:51:48.124862 [debug] [Thread-2 (]: Sending event: {'category': 'dbt', 'action': 'run_model', 'label': 'c1ad8941-9762-4d26-a255-c07d9676ee8d', 'context': [<snowplow_tracker.self_describing_json.SelfDescribingJson object at 0x10e52a170>]}
[0m19:51:48.125431 [info ] [Thread-2 (]: 1 of 6 OK created sql view model staging.stg_globepay__acceptance .............. [[32mSUCCESS 1[0m in 0.49s]
[0m19:51:48.125906 [debug] [Thread-2 (]: Finished running node model.deel.stg_globepay__acceptance
[0m19:51:48.126556 [debug] [Thread-4 (]: Began running node model.deel.agg_globepay__acceptance_by_month
[0m19:51:48.126944 [debug] [Thread-5 (]: Began running node model.deel.agg_globepay__declined_by_country
[0m19:51:48.127300 [debug] [Thread-3 (]: Began running node model.deel.fct_globepay__transactions
[0m19:51:48.127704 [info ] [Thread-4 (]: 3 of 6 START sql table model analytics.agg_globepay__acceptance_by_month ....... [RUN]
[0m19:51:48.128133 [info ] [Thread-5 (]: 4 of 6 START sql table model analytics.agg_globepay__declined_by_country ....... [RUN]
[0m19:51:48.128502 [info ] [Thread-3 (]: 5 of 6 START sql table model analytics.fct_globepay__transactions .............. [RUN]
[0m19:51:48.128966 [debug] [Thread-4 (]: Acquiring new snowflake connection 'model.deel.agg_globepay__acceptance_by_month'
[0m19:51:48.129395 [debug] [Thread-5 (]: Acquiring new snowflake connection 'model.deel.agg_globepay__declined_by_country'
[0m19:51:48.129704 [debug] [Thread-3 (]: Re-using an available connection from the pool (formerly model.deel.stg_globepay__chargeback, now model.deel.fct_globepay__transactions)
[0m19:51:48.129995 [debug] [Thread-4 (]: Began compiling node model.deel.agg_globepay__acceptance_by_month
[0m19:51:48.130239 [debug] [Thread-5 (]: Began compiling node model.deel.agg_globepay__declined_by_country
[0m19:51:48.130472 [debug] [Thread-3 (]: Began compiling node model.deel.fct_globepay__transactions
[0m19:51:48.133021 [debug] [Thread-4 (]: Writing injected SQL for node "model.deel.agg_globepay__acceptance_by_month"
[0m19:51:48.134839 [debug] [Thread-5 (]: Writing injected SQL for node "model.deel.agg_globepay__declined_by_country"
[0m19:51:48.136847 [debug] [Thread-3 (]: Writing injected SQL for node "model.deel.fct_globepay__transactions"
[0m19:51:48.137622 [debug] [Thread-3 (]: Began executing node model.deel.fct_globepay__transactions
[0m19:51:48.137897 [debug] [Thread-5 (]: Began executing node model.deel.agg_globepay__declined_by_country
[0m19:51:48.138111 [debug] [Thread-4 (]: Began executing node model.deel.agg_globepay__acceptance_by_month
[0m19:51:48.156196 [debug] [Thread-5 (]: Writing runtime sql for node "model.deel.agg_globepay__declined_by_country"
[0m19:51:48.159957 [debug] [Thread-3 (]: Writing runtime sql for node "model.deel.fct_globepay__transactions"
[0m19:51:48.161111 [debug] [Thread-4 (]: Writing runtime sql for node "model.deel.agg_globepay__acceptance_by_month"
[0m19:51:48.162052 [debug] [Thread-5 (]: Using snowflake connection "model.deel.agg_globepay__declined_by_country"
[0m19:51:48.162811 [debug] [Thread-3 (]: Using snowflake connection "model.deel.fct_globepay__transactions"
[0m19:51:48.163029 [debug] [Thread-5 (]: On model.deel.agg_globepay__declined_by_country: create or replace transient table DEEL.analytics.agg_globepay__declined_by_country
    
    
    
    as (-- models/marts/agg_globepay__declined_by_country.sql
--
-- Total declined transaction value by country (USD).
-- Answers Q2: "Countries where declined transactions went over $25M"

with base as (
    select * from DEEL.staging.stg_globepay__acceptance
),

by_country as (
    select
        country,
        count(*) as total_transactions,
        sum((not is_accepted)::int) as declined_transactions,
        round(sum(case when not is_accepted then amount_usd end), 2) as declined_amount_usd,
        round(sum((not is_accepted)::int)::float / nullif(count(*), 0) * 100, 2) as decline_rate_pct
    from base
    group by 1
),

flagged as (
    select
        *,
        (declined_amount_usd > 25000000) as exceeds_25m_threshold
    from by_country
    order by declined_amount_usd desc
)

select * from flagged
    )

/* {"app": "dbt", "dbt_version": "1.11.6", "profile_name": "deel", "target_name": "dev", "node_id": "model.deel.agg_globepay__declined_by_country"} */;
[0m19:51:48.163594 [debug] [Thread-4 (]: Using snowflake connection "model.deel.agg_globepay__acceptance_by_month"
[0m19:51:48.163804 [debug] [Thread-3 (]: On model.deel.fct_globepay__transactions: create or replace transient table DEEL.analytics.fct_globepay__transactions
    
    
    
    as (-- models/marts/fct_globepay__transactions.sql
--
-- Production fact table joining acceptance + chargeback data.
-- Grain: one row per transaction (external_ref).
-- Use this model to answer questions about acceptance rates,
-- declined amounts by country, and chargeback coverage.

with acceptance as (
    select * from DEEL.staging.stg_globepay__acceptance
),

chargeback as (
    select * from DEEL.staging.stg_globepay__chargeback
),

joined as (
    select
        -- identifiers
        a.external_ref,
        a.merchant_ref,
        -- dimensions
        a.transaction_at,
        a.transaction_month,
        date_trunc('week',  a.transaction_at)   as transaction_week,
        date_trunc('day',   a.transaction_at)   as transaction_date,
        year(a.transaction_at)                  as transaction_year,
        month(a.transaction_at)                 as transaction_month_num,
        a.country,
        a.currency,
        a.payment_source,
        a.cvv_provided,
        -- transaction outcome
        a.state,
        a.is_accepted,
        (not a.is_accepted)                     as is_declined,
        -- amounts 
        a.amount,
        a.amount_usd,
        -- chargeback
        c.has_chargeback,
        -- flag rows where chargeback data is absent (left-join guard)
        (c.external_ref is null)                as is_missing_chargeback_data
    
    from acceptance a
    left join chargeback c
        on a.external_ref = c.external_ref
)

select * from joined
    )

/* {"app": "dbt", "dbt_version": "1.11.6", "profile_name": "deel", "target_name": "dev", "node_id": "model.deel.fct_globepay__transactions"} */;
[0m19:51:48.164029 [debug] [Thread-5 (]: Opening a new connection, currently in state init
[0m19:51:48.164234 [debug] [Thread-4 (]: On model.deel.agg_globepay__acceptance_by_month: create or replace transient table DEEL.analytics.agg_globepay__acceptance_by_month
    
    
    
    as (-- models/marts/agg_globepay__acceptance_by_month.sql
--
-- Monthly acceptance rate summary.
-- Answers Q1: "What is the acceptance rate over time?"

with base as (
    select * from DEEL.staging.stg_globepay__acceptance
),

monthly as (
    select
        transaction_month,
        count(*) as total_transactions,
        sum(is_accepted::int) as accepted_transactions,
        round(sum(is_accepted::int) / count(*) * 100, 2) as acceptance_rate_pct,
        sum(amount_usd) as total_amount_usd,
        sum(is_accepted::int) as accepted_amount_usd,
        sum(case when not is_accepted then amount_usd end) as declined_amount_usd
    from base
    group by 1
)

select * from monthly
    )

/* {"app": "dbt", "dbt_version": "1.11.6", "profile_name": "deel", "target_name": "dev", "node_id": "model.deel.agg_globepay__acceptance_by_month"} */;
[0m19:51:48.164927 [debug] [Thread-4 (]: Opening a new connection, currently in state init
[0m19:51:49.798473 [debug] [Thread-5 (]: SQL status: SUCCESS 6 in 1.634 seconds
[0m19:51:49.804299 [debug] [Thread-5 (]: Sending event: {'category': 'dbt', 'action': 'run_model', 'label': 'c1ad8941-9762-4d26-a255-c07d9676ee8d', 'context': [<snowplow_tracker.self_describing_json.SelfDescribingJson object at 0x10e532850>]}
[0m19:51:49.805379 [info ] [Thread-5 (]: 4 of 6 OK created sql table model analytics.agg_globepay__declined_by_country .. [[32mSUCCESS 6[0m in 1.67s]
[0m19:51:49.806603 [debug] [Thread-5 (]: Finished running node model.deel.agg_globepay__declined_by_country
[0m19:51:49.814069 [debug] [Thread-4 (]: SQL status: SUCCESS 6 in 1.649 seconds
[0m19:51:49.817211 [debug] [Thread-4 (]: Sending event: {'category': 'dbt', 'action': 'run_model', 'label': 'c1ad8941-9762-4d26-a255-c07d9676ee8d', 'context': [<snowplow_tracker.self_describing_json.SelfDescribingJson object at 0x10e590de0>]}
[0m19:51:49.818008 [info ] [Thread-4 (]: 3 of 6 OK created sql table model analytics.agg_globepay__acceptance_by_month .. [[32mSUCCESS 6[0m in 1.69s]
[0m19:51:49.818621 [debug] [Thread-4 (]: Finished running node model.deel.agg_globepay__acceptance_by_month
[0m19:51:50.212910 [debug] [Thread-3 (]: SQL status: SUCCESS 5430 in 2.048 seconds
[0m19:51:50.216487 [debug] [Thread-3 (]: Sending event: {'category': 'dbt', 'action': 'run_model', 'label': 'c1ad8941-9762-4d26-a255-c07d9676ee8d', 'context': [<snowplow_tracker.self_describing_json.SelfDescribingJson object at 0x10e4569f0>]}
[0m19:51:50.217885 [info ] [Thread-3 (]: 5 of 6 OK created sql table model analytics.fct_globepay__transactions ......... [[32mSUCCESS 5430[0m in 2.09s]
[0m19:51:50.218846 [debug] [Thread-3 (]: Finished running node model.deel.fct_globepay__transactions
[0m19:51:50.220117 [debug] [Thread-2 (]: Began running node model.deel.fct_globepay__missing_chargebacks
[0m19:51:50.220815 [info ] [Thread-2 (]: 6 of 6 START sql table model analytics.fct_globepay__missing_chargebacks ....... [RUN]
[0m19:51:50.221469 [debug] [Thread-2 (]: Re-using an available connection from the pool (formerly model.deel.stg_globepay__acceptance, now model.deel.fct_globepay__missing_chargebacks)
[0m19:51:50.221961 [debug] [Thread-2 (]: Began compiling node model.deel.fct_globepay__missing_chargebacks
[0m19:51:50.230360 [debug] [Thread-2 (]: Writing injected SQL for node "model.deel.fct_globepay__missing_chargebacks"
[0m19:51:50.231655 [debug] [Thread-2 (]: Began executing node model.deel.fct_globepay__missing_chargebacks
[0m19:51:50.235359 [debug] [Thread-2 (]: Writing runtime sql for node "model.deel.fct_globepay__missing_chargebacks"
[0m19:51:50.237323 [debug] [Thread-2 (]: Using snowflake connection "model.deel.fct_globepay__missing_chargebacks"
[0m19:51:50.238586 [debug] [Thread-2 (]: On model.deel.fct_globepay__missing_chargebacks: create or replace transient table DEEL.analytics.fct_globepay__missing_chargebacks
    
    
    
    as (-- models/marts/fct_globepay__missing_chargebacks.sql
--
-- Transactions where chargeback data is absent.
-- Answers Q3: "Which transactions are missing chargeback data?"
--
-- NOTE: In the current dataset all transactions are present in both
-- the acceptance and chargeback reports (0 missing). This model
-- will remain empty but will surface any future gaps automatically.

select
    external_ref,
    merchant_ref,
    transaction_at,
    country,
    amount,
    amount_usd,
    state,
    is_accepted
from DEEL.analytics.fct_globepay__transactions
where is_missing_chargeback_data = true
order by transaction_at
    )

/* {"app": "dbt", "dbt_version": "1.11.6", "profile_name": "deel", "target_name": "dev", "node_id": "model.deel.fct_globepay__missing_chargebacks"} */;
[0m19:51:50.958482 [debug] [Thread-2 (]: SQL status: SUCCESS 1 in 0.719 seconds
[0m19:51:50.962262 [debug] [Thread-2 (]: Sending event: {'category': 'dbt', 'action': 'run_model', 'label': 'c1ad8941-9762-4d26-a255-c07d9676ee8d', 'context': [<snowplow_tracker.self_describing_json.SelfDescribingJson object at 0x10e443770>]}
[0m19:51:50.963343 [info ] [Thread-2 (]: 6 of 6 OK created sql table model analytics.fct_globepay__missing_chargebacks .. [[32mSUCCESS 1[0m in 0.74s]
[0m19:51:50.964082 [debug] [Thread-2 (]: Finished running node model.deel.fct_globepay__missing_chargebacks
[0m19:51:50.966364 [debug] [MainThread]: Connection 'master' was properly closed.
[0m19:51:50.966956 [debug] [MainThread]: Connection 'model.deel.fct_globepay__missing_chargebacks' was left open.
[0m19:51:50.967336 [debug] [MainThread]: On model.deel.fct_globepay__missing_chargebacks: Close
[0m19:51:51.300196 [debug] [MainThread]: Connection 'model.deel.fct_globepay__transactions' was left open.
[0m19:51:51.301127 [debug] [MainThread]: On model.deel.fct_globepay__transactions: Close
[0m19:51:51.654446 [debug] [MainThread]: Connection 'model.deel.agg_globepay__acceptance_by_month' was left open.
[0m19:51:51.655241 [debug] [MainThread]: On model.deel.agg_globepay__acceptance_by_month: Close
[0m19:51:51.943964 [debug] [MainThread]: Connection 'model.deel.agg_globepay__declined_by_country' was left open.
[0m19:51:51.944736 [debug] [MainThread]: On model.deel.agg_globepay__declined_by_country: Close
[0m19:51:52.236417 [info ] [MainThread]: 
[0m19:51:52.237397 [info ] [MainThread]: Finished running 4 table models, 2 view models in 0 hours 0 minutes and 7.35 seconds (7.35s).
[0m19:51:52.239375 [debug] [MainThread]: Command end result
[0m19:51:52.271588 [debug] [MainThread]: Wrote artifact WritableManifest to /Users/natanmatos/Documents/deel/deel_chlg/target/manifest.json
[0m19:51:52.273554 [debug] [MainThread]: Wrote artifact SemanticManifest to /Users/natanmatos/Documents/deel/deel_chlg/target/semantic_manifest.json
[0m19:51:52.278275 [debug] [MainThread]: Wrote artifact RunExecutionResult to /Users/natanmatos/Documents/deel/deel_chlg/target/run_results.json
[0m19:51:52.278572 [info ] [MainThread]: 
[0m19:51:52.278847 [info ] [MainThread]: [32mCompleted successfully[0m
[0m19:51:52.279052 [info ] [MainThread]: 
[0m19:51:52.279266 [info ] [MainThread]: Done. PASS=6 WARN=0 ERROR=0 SKIP=0 NO-OP=0 TOTAL=6
[0m19:51:52.281338 [debug] [MainThread]: Resource report: {"command_name": "run", "command_success": true, "command_wall_clock_time": 8.383535, "process_in_blocks": "0", "process_kernel_time": 0.25781, "process_mem_max_rss": "180060160", "process_out_blocks": "0", "process_user_time": 1.936254}
[0m19:51:52.281647 [debug] [MainThread]: Command `dbt run` succeeded at 19:51:52.281588 after 8.38 seconds
[0m19:51:52.281897 [debug] [MainThread]: Sending event: {'category': 'dbt', 'action': 'invocation', 'label': 'end', 'context': [<snowplow_tracker.self_describing_json.SelfDescribingJson object at 0x10b7a5f70>, <snowplow_tracker.self_describing_json.SelfDescribingJson object at 0x10e442030>, <snowplow_tracker.self_describing_json.SelfDescribingJson object at 0x10e4428d0>]}
[0m19:51:52.282132 [debug] [MainThread]: Flushing usage events
[0m19:51:53.103607 [debug] [MainThread]: An error was encountered while trying to flush usage events
[0m19:57:00.993023 [debug] [MainThread]: Sending event: {'category': 'dbt', 'action': 'invocation', 'label': 'start', 'context': [<snowplow_tracker.self_describing_json.SelfDescribingJson object at 0x10a1c42f0>, <snowplow_tracker.self_describing_json.SelfDescribingJson object at 0x10b2ab750>, <snowplow_tracker.self_describing_json.SelfDescribingJson object at 0x10b2ab9d0>]}


============================== 19:57:00.995812 | ba709cdd-c6ed-40e7-a747-9ea5b670988c ==============================
[0m19:57:00.995812 [info ] [MainThread]: Running with dbt=1.11.6
[0m19:57:00.996108 [debug] [MainThread]: running dbt with arguments {'introspect': 'True', 'target_path': 'None', 'profiles_dir': '/Users/natanmatos/.dbt', 'use_colors': 'True', 'log_path': '/Users/natanmatos/Documents/deel/deel_chlg/logs', 'send_anonymous_usage_stats': 'True', 'warn_error_options': 'WarnErrorOptionsV2(error=[], warn=[], silence=[])', 'write_json': 'True', 'empty': 'None', 'version_check': 'True', 'no_print': 'None', 'invocation_command': 'dbt test', 'debug': 'False', 'quiet': 'False', 'partial_parse': 'True', 'warn_error': 'None', 'log_format': 'default', 'indirect_selection': 'eager', 'static_parser': 'True', 'printer_width': '80', 'use_experimental_parser': 'False', 'fail_fast': 'False', 'log_cache_events': 'False', 'cache_selected_only': 'False'}
[0m19:57:01.211723 [debug] [MainThread]: Snowflake adapter: Setting snowflake.connector to ERROR (file logging only)
[0m19:57:01.211958 [debug] [MainThread]: Snowflake adapter: Setting botocore to ERROR (file logging only)
[0m19:57:01.212088 [debug] [MainThread]: Snowflake adapter: Setting boto3 to ERROR (file logging only)
[0m19:57:01.290294 [debug] [MainThread]: Sending event: {'category': 'dbt', 'action': 'project_id', 'label': 'ba709cdd-c6ed-40e7-a747-9ea5b670988c', 'context': [<snowplow_tracker.self_describing_json.SelfDescribingJson object at 0x10a5d8fc0>]}
[0m19:57:01.317138 [debug] [MainThread]: Sending event: {'category': 'dbt', 'action': 'adapter_info', 'label': 'ba709cdd-c6ed-40e7-a747-9ea5b670988c', 'context': [<snowplow_tracker.self_describing_json.SelfDescribingJson object at 0x10bf168b0>]}
[0m19:57:01.317587 [info ] [MainThread]: Registered adapter: snowflake=1.11.2
[0m19:57:01.372830 [debug] [MainThread]: checksum: ec27062d18352e9cfca161c166fcc73d2201661a23a3cf3c89196a27f32cfcb8, vars: {}, profile: , target: , version: 1.11.6
[0m19:57:01.433731 [debug] [MainThread]: Partial parsing enabled: 0 files deleted, 0 files added, 0 files changed.
[0m19:57:01.433950 [debug] [MainThread]: Nothing changed, skipping partial parsing.
[0m19:57:01.434080 [debug] [MainThread]: Partial parsing enabled, no changes found, skipping parsing
[0m19:57:01.452626 [debug] [MainThread]: Sending event: {'category': 'dbt', 'action': 'load_project', 'label': 'ba709cdd-c6ed-40e7-a747-9ea5b670988c', 'context': [<snowplow_tracker.self_describing_json.SelfDescribingJson object at 0x10bee6a50>]}
[0m19:57:01.490421 [debug] [MainThread]: Wrote artifact WritableManifest to /Users/natanmatos/Documents/deel/deel_chlg/target/manifest.json
[0m19:57:01.491580 [debug] [MainThread]: Wrote artifact SemanticManifest to /Users/natanmatos/Documents/deel/deel_chlg/target/semantic_manifest.json
[0m19:57:01.507923 [debug] [MainThread]: Sending event: {'category': 'dbt', 'action': 'resource_counts', 'label': 'ba709cdd-c6ed-40e7-a747-9ea5b670988c', 'context': [<snowplow_tracker.self_describing_json.SelfDescribingJson object at 0x10c641e50>]}
[0m19:57:01.508155 [info ] [MainThread]: Found 6 models, 2 data tests, 2 sources, 523 macros
[0m19:57:01.508306 [debug] [MainThread]: Sending event: {'category': 'dbt', 'action': 'runnable_timing', 'label': 'ba709cdd-c6ed-40e7-a747-9ea5b670988c', 'context': [<snowplow_tracker.self_describing_json.SelfDescribingJson object at 0x10c6fcf30>]}
[0m19:57:01.509159 [info ] [MainThread]: 
[0m19:57:01.509312 [info ] [MainThread]: Concurrency: 4 threads (target='dev')
[0m19:57:01.509433 [info ] [MainThread]: 
[0m19:57:01.509666 [debug] [MainThread]: Acquiring new snowflake connection 'master'
[0m19:57:01.511827 [debug] [ThreadPool]: Acquiring new snowflake connection 'list_DEEL_analytics'
[0m19:57:01.518126 [debug] [ThreadPool]: Acquiring new snowflake connection 'list_DEEL_staging'
[0m19:57:01.544422 [debug] [ThreadPool]: Using snowflake connection "list_DEEL_analytics"
[0m19:57:01.544685 [debug] [ThreadPool]: Using snowflake connection "list_DEEL_staging"
[0m19:57:01.544839 [debug] [ThreadPool]: On list_DEEL_analytics: show objects in DEEL.analytics
    limit 10000
    

/* {"app": "dbt", "dbt_version": "1.11.6", "profile_name": "deel", "target_name": "dev", "connection_name": "list_DEEL_analytics"} */;
[0m19:57:01.544973 [debug] [ThreadPool]: On list_DEEL_staging: show objects in DEEL.staging
    limit 10000
    

/* {"app": "dbt", "dbt_version": "1.11.6", "profile_name": "deel", "target_name": "dev", "connection_name": "list_DEEL_staging"} */;
[0m19:57:01.545098 [debug] [ThreadPool]: Opening a new connection, currently in state init
[0m19:57:01.545211 [debug] [ThreadPool]: Opening a new connection, currently in state init
[0m19:57:02.646856 [debug] [ThreadPool]: SQL status: SUCCESS 2 in 1.102 seconds
[0m19:57:02.689501 [debug] [ThreadPool]: SQL status: SUCCESS 4 in 1.144 seconds
[0m19:57:02.691814 [debug] [MainThread]: Sending event: {'category': 'dbt', 'action': 'runnable_timing', 'label': 'ba709cdd-c6ed-40e7-a747-9ea5b670988c', 'context': [<snowplow_tracker.self_describing_json.SelfDescribingJson object at 0x1090986d0>]}
[0m19:57:02.694576 [debug] [Thread-2 (]: Began running node test.deel.assert_acceptance_rate_in_range
[0m19:57:02.694898 [debug] [Thread-3 (]: Began running node test.deel.assert_no_missing_chargeback
[0m19:57:02.695212 [info ] [Thread-2 (]: 1 of 2 START test assert_acceptance_rate_in_range .............................. [RUN]
[0m19:57:02.695510 [info ] [Thread-3 (]: 2 of 2 START test assert_no_missing_chargeback ................................. [RUN]
[0m19:57:02.695833 [debug] [Thread-2 (]: Re-using an available connection from the pool (formerly list_DEEL_analytics, now test.deel.assert_acceptance_rate_in_range)
[0m19:57:02.696089 [debug] [Thread-3 (]: Re-using an available connection from the pool (formerly list_DEEL_staging, now test.deel.assert_no_missing_chargeback)
[0m19:57:02.696337 [debug] [Thread-2 (]: Began compiling node test.deel.assert_acceptance_rate_in_range
[0m19:57:02.696565 [debug] [Thread-3 (]: Began compiling node test.deel.assert_no_missing_chargeback
[0m19:57:02.703048 [debug] [Thread-2 (]: Writing injected SQL for node "test.deel.assert_acceptance_rate_in_range"
[0m19:57:02.704951 [debug] [Thread-3 (]: Writing injected SQL for node "test.deel.assert_no_missing_chargeback"
[0m19:57:02.705687 [debug] [Thread-3 (]: Began executing node test.deel.assert_no_missing_chargeback
[0m19:57:02.705941 [debug] [Thread-2 (]: Began executing node test.deel.assert_acceptance_rate_in_range
[0m19:57:02.722187 [debug] [Thread-3 (]: Writing runtime sql for node "test.deel.assert_no_missing_chargeback"
[0m19:57:02.723525 [debug] [Thread-2 (]: Writing runtime sql for node "test.deel.assert_acceptance_rate_in_range"
[0m19:57:02.724348 [debug] [Thread-3 (]: Using snowflake connection "test.deel.assert_no_missing_chargeback"
[0m19:57:02.724750 [debug] [Thread-2 (]: Using snowflake connection "test.deel.assert_acceptance_rate_in_range"
[0m19:57:02.724996 [debug] [Thread-3 (]: On test.deel.assert_no_missing_chargeback: select
      count(*) as failures,
      count(*) != 0 as should_warn,
      count(*) != 0 as should_error
    from (
      
    
  -- tests/assert_no_missing_chargeback.sql
--
-- Singular test: asserts every transaction in the acceptance report
-- has a corresponding row in the chargeback report.
-- The test PASSES when this query returns 0 rows.

select
    external_ref,
    transaction_at,
    country,
    amount_usd

from DEEL.analytics.fct_globepay__transactions

where is_missing_chargeback_data = true
  
  
      
    ) dbt_internal_test
/* {"app": "dbt", "dbt_version": "1.11.6", "profile_name": "deel", "target_name": "dev", "node_id": "test.deel.assert_no_missing_chargeback"} */
[0m19:57:02.725254 [debug] [Thread-2 (]: On test.deel.assert_acceptance_rate_in_range: select
      count(*) as failures,
      count(*) != 0 as should_warn,
      count(*) != 0 as should_error
    from (
      
    
  -- tests/assert_acceptance_rate_in_range.sql
--
-- Data quality guard: acceptance rate per month must be between 50% and 100%.
-- Fires if a month looks implausibly low (possible data load issue).

select
    transaction_month,
    acceptance_rate_pct

from DEEL.analytics.agg_globepay__acceptance_by_month

where acceptance_rate_pct < 50
   or acceptance_rate_pct > 100
  
  
      
    ) dbt_internal_test
/* {"app": "dbt", "dbt_version": "1.11.6", "profile_name": "deel", "target_name": "dev", "node_id": "test.deel.assert_acceptance_rate_in_range"} */
[0m19:57:03.574930 [debug] [Thread-2 (]: SQL status: SUCCESS 1 in 0.849 seconds
[0m19:57:03.582081 [info ] [Thread-2 (]: 1 of 2 PASS assert_acceptance_rate_in_range .................................... [[32mPASS[0m in 0.89s]
[0m19:57:03.582866 [debug] [Thread-2 (]: Finished running node test.deel.assert_acceptance_rate_in_range
[0m19:57:03.583467 [debug] [Thread-3 (]: SQL status: SUCCESS 1 in 0.858 seconds
[0m19:57:03.584552 [info ] [Thread-3 (]: 2 of 2 PASS assert_no_missing_chargeback ....................................... [[32mPASS[0m in 0.89s]
[0m19:57:03.584887 [debug] [Thread-3 (]: Finished running node test.deel.assert_no_missing_chargeback
[0m19:57:03.585654 [debug] [MainThread]: Connection 'master' was properly closed.
[0m19:57:03.585881 [debug] [MainThread]: Connection 'test.deel.assert_acceptance_rate_in_range' was left open.
[0m19:57:03.586062 [debug] [MainThread]: On test.deel.assert_acceptance_rate_in_range: Close
[0m19:57:04.204502 [debug] [MainThread]: Connection 'test.deel.assert_no_missing_chargeback' was left open.
[0m19:57:04.205243 [debug] [MainThread]: On test.deel.assert_no_missing_chargeback: Close
[0m19:57:04.502364 [info ] [MainThread]: 
[0m19:57:04.503583 [info ] [MainThread]: Finished running 2 data tests in 0 hours 0 minutes and 2.99 seconds (2.99s).
[0m19:57:04.505046 [debug] [MainThread]: Command end result
[0m19:57:04.536676 [debug] [MainThread]: Wrote artifact WritableManifest to /Users/natanmatos/Documents/deel/deel_chlg/target/manifest.json
[0m19:57:04.538156 [debug] [MainThread]: Wrote artifact SemanticManifest to /Users/natanmatos/Documents/deel/deel_chlg/target/semantic_manifest.json
[0m19:57:04.542713 [debug] [MainThread]: Wrote artifact RunExecutionResult to /Users/natanmatos/Documents/deel/deel_chlg/target/run_results.json
[0m19:57:04.542922 [info ] [MainThread]: 
[0m19:57:04.543147 [info ] [MainThread]: [32mCompleted successfully[0m
[0m19:57:04.543324 [info ] [MainThread]: 
[0m19:57:04.543516 [info ] [MainThread]: Done. PASS=2 WARN=0 ERROR=0 SKIP=0 NO-OP=0 TOTAL=2
[0m19:57:04.545890 [debug] [MainThread]: Resource report: {"command_name": "test", "command_success": true, "command_wall_clock_time": 3.5870435, "process_in_blocks": "0", "process_kernel_time": 0.236473, "process_mem_max_rss": "169623552", "process_out_blocks": "0", "process_user_time": 1.191279}
[0m19:57:04.546247 [debug] [MainThread]: Command `dbt test` succeeded at 19:57:04.546183 after 3.59 seconds
[0m19:57:04.546494 [debug] [MainThread]: Sending event: {'category': 'dbt', 'action': 'invocation', 'label': 'end', 'context': [<snowplow_tracker.self_describing_json.SelfDescribingJson object at 0x10b115790>, <snowplow_tracker.self_describing_json.SelfDescribingJson object at 0x10d434520>, <snowplow_tracker.self_describing_json.SelfDescribingJson object at 0x10d660f70>]}
[0m19:57:04.546723 [debug] [MainThread]: Flushing usage events
[0m19:57:05.298053 [debug] [MainThread]: An error was encountered while trying to flush usage events
[0m19:57:19.131821 [debug] [MainThread]: Sending event: {'category': 'dbt', 'action': 'invocation', 'label': 'start', 'context': [<snowplow_tracker.self_describing_json.SelfDescribingJson object at 0x10a8742f0>, <snowplow_tracker.self_describing_json.SelfDescribingJson object at 0x10b95b750>, <snowplow_tracker.self_describing_json.SelfDescribingJson object at 0x10b95b9d0>]}


============================== 19:57:19.134142 | d3eef232-e1d7-4616-a0ec-225b1ae54357 ==============================
[0m19:57:19.134142 [info ] [MainThread]: Running with dbt=1.11.6
[0m19:57:19.134423 [debug] [MainThread]: running dbt with arguments {'version_check': 'True', 'indirect_selection': 'eager', 'write_json': 'True', 'use_colors': 'True', 'static_parser': 'True', 'quiet': 'False', 'log_format': 'default', 'profiles_dir': '/Users/natanmatos/.dbt', 'log_cache_events': 'False', 'no_print': 'None', 'warn_error': 'None', 'debug': 'False', 'warn_error_options': 'WarnErrorOptionsV2(error=[], warn=[], silence=[])', 'log_path': '/Users/natanmatos/Documents/deel/deel_chlg/logs', 'fail_fast': 'False', 'invocation_command': 'dbt docs generate', 'introspect': 'True', 'partial_parse': 'True', 'send_anonymous_usage_stats': 'True', 'empty': 'None', 'printer_width': '80', 'cache_selected_only': 'False', 'use_experimental_parser': 'False', 'target_path': 'None'}
[0m19:57:19.266003 [debug] [MainThread]: Snowflake adapter: Setting snowflake.connector to ERROR (file logging only)
[0m19:57:19.266247 [debug] [MainThread]: Snowflake adapter: Setting botocore to ERROR (file logging only)
[0m19:57:19.266389 [debug] [MainThread]: Snowflake adapter: Setting boto3 to ERROR (file logging only)
[0m19:57:19.340077 [debug] [MainThread]: Sending event: {'category': 'dbt', 'action': 'project_id', 'label': 'd3eef232-e1d7-4616-a0ec-225b1ae54357', 'context': [<snowplow_tracker.self_describing_json.SelfDescribingJson object at 0x10ac8cfc0>]}
[0m19:57:19.367583 [debug] [MainThread]: Sending event: {'category': 'dbt', 'action': 'adapter_info', 'label': 'd3eef232-e1d7-4616-a0ec-225b1ae54357', 'context': [<snowplow_tracker.self_describing_json.SelfDescribingJson object at 0x10c5ca8b0>]}
[0m19:57:19.367966 [info ] [MainThread]: Registered adapter: snowflake=1.11.2
[0m19:57:19.420875 [debug] [MainThread]: checksum: ec27062d18352e9cfca161c166fcc73d2201661a23a3cf3c89196a27f32cfcb8, vars: {}, profile: , target: , version: 1.11.6
[0m19:57:19.473277 [debug] [MainThread]: Partial parsing enabled: 0 files deleted, 0 files added, 0 files changed.
[0m19:57:19.473491 [debug] [MainThread]: Nothing changed, skipping partial parsing.
[0m19:57:19.473619 [debug] [MainThread]: Partial parsing enabled, no changes found, skipping parsing
[0m19:57:19.492734 [debug] [MainThread]: Sending event: {'category': 'dbt', 'action': 'load_project', 'label': 'd3eef232-e1d7-4616-a0ec-225b1ae54357', 'context': [<snowplow_tracker.self_describing_json.SelfDescribingJson object at 0x10c59aa50>]}
[0m19:57:19.501231 [debug] [MainThread]: Sending event: {'category': 'dbt', 'action': 'resource_counts', 'label': 'd3eef232-e1d7-4616-a0ec-225b1ae54357', 'context': [<snowplow_tracker.self_describing_json.SelfDescribingJson object at 0x10cb98aa0>]}
[0m19:57:19.501453 [info ] [MainThread]: Found 6 models, 2 data tests, 2 sources, 523 macros
[0m19:57:19.501608 [debug] [MainThread]: Sending event: {'category': 'dbt', 'action': 'runnable_timing', 'label': 'd3eef232-e1d7-4616-a0ec-225b1ae54357', 'context': [<snowplow_tracker.self_describing_json.SelfDescribingJson object at 0x10cc90830>]}
[0m19:57:19.502450 [info ] [MainThread]: 
[0m19:57:19.502607 [info ] [MainThread]: Concurrency: 4 threads (target='dev')
[0m19:57:19.502728 [info ] [MainThread]: 
[0m19:57:19.502939 [debug] [MainThread]: Acquiring new snowflake connection 'master'
[0m19:57:19.504847 [debug] [ThreadPool]: Acquiring new snowflake connection 'list_DEEL_analytics'
[0m19:57:19.505070 [debug] [ThreadPool]: Acquiring new snowflake connection 'list_DEEL_staging'
[0m19:57:19.535572 [debug] [ThreadPool]: Using snowflake connection "list_DEEL_analytics"
[0m19:57:19.535862 [debug] [ThreadPool]: Using snowflake connection "list_DEEL_staging"
[0m19:57:19.536024 [debug] [ThreadPool]: On list_DEEL_analytics: show objects in DEEL.analytics
    limit 10000
    

/* {"app": "dbt", "dbt_version": "1.11.6", "profile_name": "deel", "target_name": "dev", "connection_name": "list_DEEL_analytics"} */;
[0m19:57:19.536168 [debug] [ThreadPool]: On list_DEEL_staging: show objects in DEEL.staging
    limit 10000
    

/* {"app": "dbt", "dbt_version": "1.11.6", "profile_name": "deel", "target_name": "dev", "connection_name": "list_DEEL_staging"} */;
[0m19:57:19.536296 [debug] [ThreadPool]: Opening a new connection, currently in state init
[0m19:57:19.536414 [debug] [ThreadPool]: Opening a new connection, currently in state init
[0m19:57:20.580811 [debug] [ThreadPool]: SQL status: SUCCESS 4 in 1.044 seconds
[0m19:57:20.646282 [debug] [ThreadPool]: SQL status: SUCCESS 2 in 1.110 seconds
[0m19:57:20.649795 [debug] [MainThread]: Sending event: {'category': 'dbt', 'action': 'runnable_timing', 'label': 'd3eef232-e1d7-4616-a0ec-225b1ae54357', 'context': [<snowplow_tracker.self_describing_json.SelfDescribingJson object at 0x10ccade60>]}
[0m19:57:20.653615 [debug] [Thread-3 (]: Began running node model.deel.stg_globepay__chargeback
[0m19:57:20.654208 [debug] [Thread-2 (]: Began running node model.deel.stg_globepay__acceptance
[0m19:57:20.654687 [debug] [Thread-3 (]: Re-using an available connection from the pool (formerly list_DEEL_staging, now model.deel.stg_globepay__chargeback)
[0m19:57:20.655182 [debug] [Thread-2 (]: Re-using an available connection from the pool (formerly list_DEEL_analytics, now model.deel.stg_globepay__acceptance)
[0m19:57:20.655730 [debug] [Thread-3 (]: Began compiling node model.deel.stg_globepay__chargeback
[0m19:57:20.656132 [debug] [Thread-2 (]: Began compiling node model.deel.stg_globepay__acceptance
[0m19:57:20.667153 [debug] [Thread-3 (]: Writing injected SQL for node "model.deel.stg_globepay__chargeback"
[0m19:57:20.670281 [debug] [Thread-2 (]: Writing injected SQL for node "model.deel.stg_globepay__acceptance"
[0m19:57:20.671532 [debug] [Thread-2 (]: Began executing node model.deel.stg_globepay__acceptance
[0m19:57:20.671976 [debug] [Thread-3 (]: Began executing node model.deel.stg_globepay__chargeback
[0m19:57:20.672636 [debug] [Thread-2 (]: Finished running node model.deel.stg_globepay__acceptance
[0m19:57:20.673125 [debug] [Thread-3 (]: Finished running node model.deel.stg_globepay__chargeback
[0m19:57:20.673890 [debug] [Thread-4 (]: Began running node model.deel.agg_globepay__acceptance_by_month
[0m19:57:20.674287 [debug] [Thread-4 (]: Acquiring new snowflake connection 'model.deel.agg_globepay__acceptance_by_month'
[0m19:57:20.674681 [debug] [Thread-5 (]: Began running node model.deel.agg_globepay__declined_by_country
[0m19:57:20.674980 [debug] [Thread-4 (]: Began compiling node model.deel.agg_globepay__acceptance_by_month
[0m19:57:20.675340 [debug] [Thread-2 (]: Began running node model.deel.fct_globepay__transactions
[0m19:57:20.675699 [debug] [Thread-5 (]: Acquiring new snowflake connection 'model.deel.agg_globepay__declined_by_country'
[0m19:57:20.678362 [debug] [Thread-4 (]: Writing injected SQL for node "model.deel.agg_globepay__acceptance_by_month"
[0m19:57:20.678702 [debug] [Thread-2 (]: Re-using an available connection from the pool (formerly model.deel.stg_globepay__acceptance, now model.deel.fct_globepay__transactions)
[0m19:57:20.678988 [debug] [Thread-5 (]: Began compiling node model.deel.agg_globepay__declined_by_country
[0m19:57:20.679310 [debug] [Thread-2 (]: Began compiling node model.deel.fct_globepay__transactions
[0m19:57:20.681043 [debug] [Thread-5 (]: Writing injected SQL for node "model.deel.agg_globepay__declined_by_country"
[0m19:57:20.683148 [debug] [Thread-2 (]: Writing injected SQL for node "model.deel.fct_globepay__transactions"
[0m19:57:20.683595 [debug] [Thread-4 (]: Began executing node model.deel.agg_globepay__acceptance_by_month
[0m19:57:20.684055 [debug] [Thread-4 (]: Finished running node model.deel.agg_globepay__acceptance_by_month
[0m19:57:20.684419 [debug] [Thread-5 (]: Began executing node model.deel.agg_globepay__declined_by_country
[0m19:57:20.684869 [debug] [Thread-5 (]: Finished running node model.deel.agg_globepay__declined_by_country
[0m19:57:20.685115 [debug] [Thread-3 (]: Began running node test.deel.assert_acceptance_rate_in_range
[0m19:57:20.685320 [debug] [Thread-2 (]: Began executing node model.deel.fct_globepay__transactions
[0m19:57:20.685584 [debug] [Thread-3 (]: Re-using an available connection from the pool (formerly model.deel.stg_globepay__chargeback, now test.deel.assert_acceptance_rate_in_range)
[0m19:57:20.685957 [debug] [Thread-2 (]: Finished running node model.deel.fct_globepay__transactions
[0m19:57:20.686179 [debug] [Thread-3 (]: Began compiling node test.deel.assert_acceptance_rate_in_range
[0m19:57:20.688185 [debug] [Thread-3 (]: Writing injected SQL for node "test.deel.assert_acceptance_rate_in_range"
[0m19:57:20.688489 [debug] [Thread-4 (]: Began running node model.deel.fct_globepay__missing_chargebacks
[0m19:57:20.688735 [debug] [Thread-5 (]: Began running node test.deel.assert_no_missing_chargeback
[0m19:57:20.688980 [debug] [Thread-4 (]: Re-using an available connection from the pool (formerly model.deel.agg_globepay__acceptance_by_month, now model.deel.fct_globepay__missing_chargebacks)
[0m19:57:20.689229 [debug] [Thread-5 (]: Re-using an available connection from the pool (formerly model.deel.agg_globepay__declined_by_country, now test.deel.assert_no_missing_chargeback)
[0m19:57:20.689478 [debug] [Thread-4 (]: Began compiling node model.deel.fct_globepay__missing_chargebacks
[0m19:57:20.689708 [debug] [Thread-5 (]: Began compiling node test.deel.assert_no_missing_chargeback
[0m19:57:20.689905 [debug] [Thread-3 (]: Began executing node test.deel.assert_acceptance_rate_in_range
[0m19:57:20.691307 [debug] [Thread-4 (]: Writing injected SQL for node "model.deel.fct_globepay__missing_chargebacks"
[0m19:57:20.692607 [debug] [Thread-5 (]: Writing injected SQL for node "test.deel.assert_no_missing_chargeback"
[0m19:57:20.692958 [debug] [Thread-3 (]: Finished running node test.deel.assert_acceptance_rate_in_range
[0m19:57:20.693366 [debug] [Thread-5 (]: Began executing node test.deel.assert_no_missing_chargeback
[0m19:57:20.693571 [debug] [Thread-4 (]: Began executing node model.deel.fct_globepay__missing_chargebacks
[0m19:57:20.693896 [debug] [Thread-5 (]: Finished running node test.deel.assert_no_missing_chargeback
[0m19:57:20.694224 [debug] [Thread-4 (]: Finished running node model.deel.fct_globepay__missing_chargebacks
[0m19:57:20.694813 [debug] [MainThread]: Connection 'master' was properly closed.
[0m19:57:20.694993 [debug] [MainThread]: Connection 'model.deel.fct_globepay__transactions' was left open.
[0m19:57:20.695163 [debug] [MainThread]: On model.deel.fct_globepay__transactions: Close
[0m19:57:20.993024 [debug] [MainThread]: Connection 'test.deel.assert_acceptance_rate_in_range' was left open.
[0m19:57:20.993717 [debug] [MainThread]: On test.deel.assert_acceptance_rate_in_range: Close
[0m19:57:21.292935 [debug] [MainThread]: Connection 'model.deel.fct_globepay__missing_chargebacks' was properly closed.
[0m19:57:21.293702 [debug] [MainThread]: Connection 'test.deel.assert_no_missing_chargeback' was properly closed.
[0m19:57:21.295827 [debug] [MainThread]: Command end result
[0m19:57:21.359357 [debug] [MainThread]: Wrote artifact WritableManifest to /Users/natanmatos/Documents/deel/deel_chlg/target/manifest.json
[0m19:57:21.360525 [debug] [MainThread]: Wrote artifact SemanticManifest to /Users/natanmatos/Documents/deel/deel_chlg/target/semantic_manifest.json
[0m19:57:21.363952 [debug] [MainThread]: Wrote artifact RunExecutionResult to /Users/natanmatos/Documents/deel/deel_chlg/target/run_results.json
[0m19:57:21.365799 [debug] [MainThread]: Acquiring new snowflake connection 'generate_catalog'
[0m19:57:21.365940 [info ] [MainThread]: Building catalog
[0m19:57:21.370426 [debug] [ThreadPool]: Acquiring new snowflake connection 'DEEL.information_schema'
[0m19:57:21.378931 [debug] [ThreadPool]: Using snowflake connection "DEEL.information_schema"
[0m19:57:21.381692 [debug] [ThreadPool]: On DEEL.information_schema: with tables as (
            select
        table_catalog as "table_database",
        table_schema as "table_schema",
        table_name as "table_name",
        case
            when is_dynamic = 'YES' and table_type = 'BASE TABLE' THEN 'DYNAMIC TABLE'
            else table_type
        end as "table_type",
        comment as "table_comment",

        -- note: this is the _role_ that owns the table
        table_owner as "table_owner",

        'Clustering Key' as "stats:clustering_key:label",
        clustering_key as "stats:clustering_key:value",
        'The key used to cluster this table' as "stats:clustering_key:description",
        (clustering_key is not null) as "stats:clustering_key:include",

        'Row Count' as "stats:row_count:label",
        row_count as "stats:row_count:value",
        'An approximate count of rows in this table' as "stats:row_count:description",
        (row_count is not null) as "stats:row_count:include",

        'Approximate Size' as "stats:bytes:label",
        bytes as "stats:bytes:value",
        'Approximate size of the table as reported by Snowflake' as "stats:bytes:description",
        (bytes is not null) as "stats:bytes:include",

        'Last Modified' as "stats:last_modified:label",
        to_varchar(convert_timezone('UTC', last_altered), 'yyyy-mm-dd HH24:MI'||'UTC') as "stats:last_modified:value",
        'The timestamp for last update/change' as "stats:last_modified:description",
        (last_altered is not null and table_type='BASE TABLE') as "stats:last_modified:include"
    from DEEL.INFORMATION_SCHEMA.tables
            where (
                (
                    
    "table_schema" ilike 'analytics' and upper("table_schema") = upper('analytics')

                    and 
    "table_name" ilike 'fct_globepay__transactions' and upper("table_name") = upper('fct_globepay__transactions')

                )
             or 
                (
                    
    "table_schema" ilike 'RAW' and upper("table_schema") = upper('RAW')

                    and 
    "table_name" ilike 'globepay_acceptance' and upper("table_name") = upper('globepay_acceptance')

                )
             or 
                (
                    
    "table_schema" ilike 'staging' and upper("table_schema") = upper('staging')

                    and 
    "table_name" ilike 'stg_globepay__acceptance' and upper("table_name") = upper('stg_globepay__acceptance')

                )
             or 
                (
                    
    "table_schema" ilike 'analytics' and upper("table_schema") = upper('analytics')

                    and 
    "table_name" ilike 'agg_globepay__acceptance_by_month' and upper("table_name") = upper('agg_globepay__acceptance_by_month')

                )
             or 
                (
                    
    "table_schema" ilike 'staging' and upper("table_schema") = upper('staging')

                    and 
    "table_name" ilike 'stg_globepay__chargeback' and upper("table_name") = upper('stg_globepay__chargeback')

                )
             or 
                (
                    
    "table_schema" ilike 'RAW' and upper("table_schema") = upper('RAW')

                    and 
    "table_name" ilike 'globepay_chargeback' and upper("table_name") = upper('globepay_chargeback')

                )
             or 
                (
                    
    "table_schema" ilike 'analytics' and upper("table_schema") = upper('analytics')

                    and 
    "table_name" ilike 'agg_globepay__declined_by_country' and upper("table_name") = upper('agg_globepay__declined_by_country')

                )
             or 
                (
                    
    "table_schema" ilike 'analytics' and upper("table_schema") = upper('analytics')

                    and 
    "table_name" ilike 'fct_globepay__missing_chargebacks' and upper("table_name") = upper('fct_globepay__missing_chargebacks')

                )
            )
        ),
        columns as (
            select
        table_catalog as "table_database",
        table_schema as "table_schema",
        table_name as "table_name",

        column_name as "column_name",
        ordinal_position as "column_index",
        data_type as "column_type",
        comment as "column_comment"
    from DEEL.INFORMATION_SCHEMA.columns
            where (
                (
                    
    "table_schema" ilike 'analytics' and upper("table_schema") = upper('analytics')

                    and 
    "table_name" ilike 'fct_globepay__transactions' and upper("table_name") = upper('fct_globepay__transactions')

                )
             or 
                (
                    
    "table_schema" ilike 'RAW' and upper("table_schema") = upper('RAW')

                    and 
    "table_name" ilike 'globepay_acceptance' and upper("table_name") = upper('globepay_acceptance')

                )
             or 
                (
                    
    "table_schema" ilike 'staging' and upper("table_schema") = upper('staging')

                    and 
    "table_name" ilike 'stg_globepay__acceptance' and upper("table_name") = upper('stg_globepay__acceptance')

                )
             or 
                (
                    
    "table_schema" ilike 'analytics' and upper("table_schema") = upper('analytics')

                    and 
    "table_name" ilike 'agg_globepay__acceptance_by_month' and upper("table_name") = upper('agg_globepay__acceptance_by_month')

                )
             or 
                (
                    
    "table_schema" ilike 'staging' and upper("table_schema") = upper('staging')

                    and 
    "table_name" ilike 'stg_globepay__chargeback' and upper("table_name") = upper('stg_globepay__chargeback')

                )
             or 
                (
                    
    "table_schema" ilike 'RAW' and upper("table_schema") = upper('RAW')

                    and 
    "table_name" ilike 'globepay_chargeback' and upper("table_name") = upper('globepay_chargeback')

                )
             or 
                (
                    
    "table_schema" ilike 'analytics' and upper("table_schema") = upper('analytics')

                    and 
    "table_name" ilike 'agg_globepay__declined_by_country' and upper("table_name") = upper('agg_globepay__declined_by_country')

                )
             or 
                (
                    
    "table_schema" ilike 'analytics' and upper("table_schema") = upper('analytics')

                    and 
    "table_name" ilike 'fct_globepay__missing_chargebacks' and upper("table_name") = upper('fct_globepay__missing_chargebacks')

                )
            )
        )
        select *
    from tables
    join columns using ("table_database", "table_schema", "table_name")
    order by "column_index"
/* {"app": "dbt", "dbt_version": "1.11.6", "profile_name": "deel", "target_name": "dev", "connection_name": "DEEL.information_schema"} */
[0m19:57:21.382027 [debug] [ThreadPool]: Opening a new connection, currently in state init
[0m19:57:25.733923 [debug] [ThreadPool]: SQL status: SUCCESS 73 in 4.352 seconds
[0m19:57:25.774435 [debug] [MainThread]: Wrote artifact CatalogArtifact to /Users/natanmatos/Documents/deel/deel_chlg/target/catalog.json
[0m19:57:25.790244 [debug] [MainThread]: Wrote artifact WritableManifest to /Users/natanmatos/Documents/deel/deel_chlg/target/manifest.json
[0m19:57:25.791251 [debug] [MainThread]: Wrote artifact SemanticManifest to /Users/natanmatos/Documents/deel/deel_chlg/target/semantic_manifest.json
[0m19:57:25.791430 [info ] [MainThread]: Catalog written to /Users/natanmatos/Documents/deel/deel_chlg/target/catalog.json
[0m19:57:25.793319 [debug] [MainThread]: Resource report: {"command_name": "generate", "command_success": true, "command_wall_clock_time": 6.692682, "process_in_blocks": "0", "process_kernel_time": 0.206343, "process_mem_max_rss": "169099264", "process_out_blocks": "0", "process_user_time": 1.309558}
[0m19:57:25.793619 [debug] [MainThread]: Command `dbt docs generate` succeeded at 19:57:25.793568 after 6.69 seconds
[0m19:57:25.793794 [debug] [MainThread]: Connection 'generate_catalog' was properly closed.
[0m19:57:25.793933 [debug] [MainThread]: Connection 'DEEL.information_schema' was left open.
[0m19:57:25.794073 [debug] [MainThread]: On DEEL.information_schema: Close
[0m19:57:26.281630 [debug] [MainThread]: Sending event: {'category': 'dbt', 'action': 'invocation', 'label': 'end', 'context': [<snowplow_tracker.self_describing_json.SelfDescribingJson object at 0x10b7c9790>, <snowplow_tracker.self_describing_json.SelfDescribingJson object at 0x10ccb17b0>, <snowplow_tracker.self_describing_json.SelfDescribingJson object at 0x10dc57490>]}
[0m19:57:26.282558 [debug] [MainThread]: Flushing usage events
[0m19:57:26.927588 [debug] [MainThread]: An error was encountered while trying to flush usage events
[0m19:57:27.986219 [debug] [MainThread]: Sending event: {'category': 'dbt', 'action': 'invocation', 'label': 'start', 'context': [<snowplow_tracker.self_describing_json.SelfDescribingJson object at 0x10a63c2f0>, <snowplow_tracker.self_describing_json.SelfDescribingJson object at 0x10b717750>, <snowplow_tracker.self_describing_json.SelfDescribingJson object at 0x10b7179d0>]}


============================== 19:57:27.988582 | 97518924-03aa-46c8-ae84-51e0cacfdd56 ==============================
[0m19:57:27.988582 [info ] [MainThread]: Running with dbt=1.11.6
[0m19:57:27.988880 [debug] [MainThread]: running dbt with arguments {'target_path': 'None', 'invocation_command': 'dbt docs serve', 'warn_error': 'None', 'send_anonymous_usage_stats': 'True', 'empty': 'None', 'partial_parse': 'True', 'log_path': '/Users/natanmatos/Documents/deel/deel_chlg/logs', 'cache_selected_only': 'False', 'log_format': 'default', 'warn_error_options': 'WarnErrorOptionsV2(error=[], warn=[], silence=[])', 'use_experimental_parser': 'False', 'static_parser': 'True', 'no_print': 'None', 'debug': 'False', 'log_cache_events': 'False', 'indirect_selection': 'eager', 'printer_width': '80', 'quiet': 'False', 'version_check': 'True', 'fail_fast': 'False', 'introspect': 'True', 'use_colors': 'True', 'write_json': 'True', 'profiles_dir': '/Users/natanmatos/.dbt'}
[0m19:57:28.137227 [debug] [MainThread]: Snowflake adapter: Setting snowflake.connector to ERROR (file logging only)
[0m19:57:28.137486 [debug] [MainThread]: Snowflake adapter: Setting botocore to ERROR (file logging only)
[0m19:57:28.137681 [debug] [MainThread]: Snowflake adapter: Setting boto3 to ERROR (file logging only)
[0m19:57:28.217373 [debug] [MainThread]: Sending event: {'category': 'dbt', 'action': 'project_id', 'label': '97518924-03aa-46c8-ae84-51e0cacfdd56', 'context': [<snowplow_tracker.self_describing_json.SelfDescribingJson object at 0x10aa50fc0>]}
[0m19:57:28.246819 [debug] [MainThread]: Sending event: {'category': 'dbt', 'action': 'adapter_info', 'label': '97518924-03aa-46c8-ae84-51e0cacfdd56', 'context': [<snowplow_tracker.self_describing_json.SelfDescribingJson object at 0x10c38e9c0>]}
[0m19:57:47.974272 [error] [MainThread]: Encountered an error:

[0m19:57:47.989749 [error] [MainThread]: Traceback (most recent call last):
  File "/Users/natanmatos/.pyenv/versions/3.13.0/envs/deel/lib/python3.13/site-packages/dbt/cli/requires.py", line 182, in wrapper
    result, success = func(*args, **kwargs)
                      ~~~~^^^^^^^^^^^^^^^^^
  File "/Users/natanmatos/.pyenv/versions/3.13.0/envs/deel/lib/python3.13/site-packages/dbt/cli/requires.py", line 128, in wrapper
    return func(*args, **kwargs)
  File "/Users/natanmatos/.pyenv/versions/3.13.0/envs/deel/lib/python3.13/site-packages/dbt/cli/requires.py", line 276, in wrapper
    return func(*args, **kwargs)
  File "/Users/natanmatos/.pyenv/versions/3.13.0/envs/deel/lib/python3.13/site-packages/dbt/cli/requires.py", line 321, in wrapper
    return func(*args, **kwargs)
  File "/Users/natanmatos/.pyenv/versions/3.13.0/envs/deel/lib/python3.13/site-packages/dbt/cli/requires.py", line 368, in wrapper
    return func(*args, **kwargs)
  File "/Users/natanmatos/.pyenv/versions/3.13.0/envs/deel/lib/python3.13/site-packages/dbt/cli/main.py", line 307, in docs_serve
    results = task.run()
  File "/Users/natanmatos/.pyenv/versions/3.13.0/envs/deel/lib/python3.13/site-packages/dbt/task/docs/serve.py", line 29, in run
    httpd.serve_forever()
    ~~~~~~~~~~~~~~~~~~~^^
  File "/Users/natanmatos/.pyenv/versions/3.13.0/lib/python3.13/socketserver.py", line 235, in serve_forever
    ready = selector.select(poll_interval)
  File "/Users/natanmatos/.pyenv/versions/3.13.0/lib/python3.13/selectors.py", line 398, in select
    fd_event_list = self._selector.poll(timeout)
KeyboardInterrupt

[0m19:57:47.997758 [debug] [MainThread]: Resource report: {"command_name": "serve", "command_success": false, "command_wall_clock_time": 20.043367, "process_in_blocks": "0", "process_kernel_time": 0.139908, "process_mem_max_rss": "145276928", "process_out_blocks": "0", "process_user_time": 0.894602}
[0m19:57:47.999544 [debug] [MainThread]: Command `dbt docs serve` failed at 19:57:47.999433 after 20.05 seconds
[0m19:57:48.000025 [debug] [MainThread]: Sending event: {'category': 'dbt', 'action': 'invocation', 'label': 'end', 'context': [<snowplow_tracker.self_describing_json.SelfDescribingJson object at 0x10c781650>, <snowplow_tracker.self_describing_json.SelfDescribingJson object at 0x10c781750>, <snowplow_tracker.self_describing_json.SelfDescribingJson object at 0x10c7795e0>]}
[0m19:57:48.000418 [debug] [MainThread]: Flushing usage events
[0m19:57:48.633568 [debug] [MainThread]: An error was encountered while trying to flush usage events
[0m20:09:07.725603 [debug] [MainThread]: Sending event: {'category': 'dbt', 'action': 'invocation', 'label': 'start', 'context': [<snowplow_tracker.self_describing_json.SelfDescribingJson object at 0x10a4742f0>, <snowplow_tracker.self_describing_json.SelfDescribingJson object at 0x10b553750>, <snowplow_tracker.self_describing_json.SelfDescribingJson object at 0x10b5539d0>]}


============================== 20:09:07.729830 | 0deaeb37-5b6f-4066-90f0-8faa4838f6c1 ==============================
[0m20:09:07.729830 [info ] [MainThread]: Running with dbt=1.11.6
[0m20:09:07.730161 [debug] [MainThread]: running dbt with arguments {'profiles_dir': '/Users/natanmatos/.dbt', 'target_path': 'None', 'version_check': 'True', 'log_cache_events': 'False', 'fail_fast': 'False', 'empty': 'None', 'debug': 'False', 'use_experimental_parser': 'False', 'log_format': 'default', 'send_anonymous_usage_stats': 'True', 'static_parser': 'True', 'warn_error': 'None', 'no_print': 'None', 'cache_selected_only': 'False', 'use_colors': 'True', 'write_json': 'True', 'printer_width': '80', 'introspect': 'True', 'partial_parse': 'True', 'warn_error_options': 'WarnErrorOptionsV2(error=[], warn=[], silence=[])', 'invocation_command': 'dbt docs serve', 'log_path': '/Users/natanmatos/Documents/deel/deel_chlg/logs', 'indirect_selection': 'eager', 'quiet': 'False'}
[0m20:09:07.937905 [debug] [MainThread]: Snowflake adapter: Setting snowflake.connector to ERROR (file logging only)
[0m20:09:07.938143 [debug] [MainThread]: Snowflake adapter: Setting botocore to ERROR (file logging only)
[0m20:09:07.938274 [debug] [MainThread]: Snowflake adapter: Setting boto3 to ERROR (file logging only)
[0m20:09:08.014598 [debug] [MainThread]: Sending event: {'category': 'dbt', 'action': 'project_id', 'label': '0deaeb37-5b6f-4066-90f0-8faa4838f6c1', 'context': [<snowplow_tracker.self_describing_json.SelfDescribingJson object at 0x10a88cfc0>]}
[0m20:09:08.041125 [debug] [MainThread]: Sending event: {'category': 'dbt', 'action': 'adapter_info', 'label': '0deaeb37-5b6f-4066-90f0-8faa4838f6c1', 'context': [<snowplow_tracker.self_describing_json.SelfDescribingJson object at 0x10c1ca9c0>]}
